// Generated by tools/make_fonts.py from the Aileron typeface (public domain,
// bundled with Pillow). Don't edit by hand.
#pragma once
#include <stdint.h>

struct Glyph { uint32_t offset; uint8_t w, h; int8_t x, y; uint8_t advance; };
struct Font { const uint8_t *bits; const Glyph *glyphs; uint8_t first, last, ascent, lineHeight; };

static const uint8_t font_small_bits[] = {
  0x0c,0xf0,0x0c,0xf0,0x0c,0xf0,0x0c,0xf0,0x0c,0xf0,0x0c,0xf0,0x0c,0xf0,0x0c,0xf0,0x0c,0xf0,0x00,0x00,0x00,0x10,0x0d,0xf1,
  0x0c,0xd0,0x00,0xfc,0xcf,0x00,0x00,0xfc,0xcf,0x00,0x00,0xfc,0xcf,0x00,0x00,0xfc,0xcf,0x00,0x00,0x00,0x00,0x00,0x00,0x00,
  0x00,0x00,0x00,0x00,0x00,0x00,0x00,0x00,0x00,0x00,0x00,0x00,0x00,0x00,0x00,0x00,0x00,0x00,0x00,0x00,0x00,0x00,0x00,0x00,
  0x00,0x00,0x00,0x00,0x00,0x00,0x00,0x00,0xc7,0x09,0x90,0x00,0x00,0xf3,0x0d,0x50,0x00,0x03,0xf0,0x1f,0x10,0x00,0x07,0xb0,
  0x5d,0x00,0x0e,0xef,0xfe,0xff,0xe0,0x01,0x1f,0x51,0xd7,0x10,0x00,0x2f,0x10,0xf3,0x00,0x00,0x6d,0x04,0xf0,0x00,0x0f,0xff,
  0xff,0xff,0xf0,0x03,0xd8,0x3c,0x93,0x30,0x01,0xf2,0x0e,0x40,0x00,0x05,0xe0,0x3f,0x00,0x00,0x09,0xa0,0x7c,0x00,0x00,0x00,
  0x00,0x01,0x70,0x00,0x00,0x00,0x00,0x02,0xf0,0x00,0x00,0x00,0x03,0xbf,0xff,0xa1,0x00,0x00,0x5f,0xb6,0xf6,0xec,0x00,0x00,
  0xde,0x02,0xf0,0x6f,0x50,0x00,0xfd,0x02,0xf0,0x18,0x40,0x00,0xcf,0x32,0xf0,0x00,0x00,0x00,0x4f,0xfc,0xf3,0x00,0x00,0x00,
  0x03,0xbf,0xff,0xc3,0x00,0x00,0x00,0x02,0xf9,0xff,0x20,0x00,0x00,0x02,0xf0,0x6f,0x90,0x03,0x83,0x02,0xf0,0x0f,0xb0,0x05,
  0xfb,0x02,0xf0,0x2f,0x90,0x00,0xcf,0xa6,0xf4,0xde,0x20,0x00,0x07,0xdf,0xfe,0x91,0x00,0x00,0x00,0x02,0xf0,0x00,0x00,0x00,
  0x00,0x01,0x70,0x00,0x00,0x00,0xae,0xe7,0x00,0x00,0x7f,0x20,0x00,0x09,0xf6,0x9f,0x60,0x02,0xf7,0x00,0x00,0x0e,0xd0,0x1f,
  0xa0,0x0c,0xd0,0x00,0x00,0x0f,0xd0,0x0f,0xb0,0x6f,0x30,0x00,0x00,0x0b,0xf3,0x6f,0x72,0xf8,0x00,0x00,0x00,0x02,0xdf,0xfb,
  0x0b,0xd0,0x00,0x00,0x00,0x00,0x02,0x10,0x6f,0x30,0x00,0x00,0x00,0x00,0x00,0x01,0xf8,0x09,0xed,0x70,0x00,0x00,0x00,0x0b,
  0xd0,0x9f,0x58,0xf6,0x00,0x00,0x00,0x6f,0x30,0xed,0x00,0xfb,0x00,0x00,0x01,0xe8,0x00,0xed,0x01,0xfb,0x00,0x00,0x0b,0xd0,
  0x00,0xaf,0x69,0xf6,0x00,0x00,0x5f,0x30,0x00,0x1a,0xee,0x80,0x00,0x00,0x08,0xdf,0xfe,0x40,0x00,0x01,0xdf,0x84,0x45,0x20,
  0x00,0x08,0xf5,0x00,0x00,0x00,0x00,0x0b,0xf0,0x00,0x00,0x11,0x00,0x0a,0xf2,0x00,0x00,0xfc,0x00,0x02,0xec,0x30,0x00,0xfc,
  0x00,0x00,0x2d,0xff,0xff,0xff,0xf8,0x02,0xde,0x74,0x33,0xfd,0x31,0x0b,0xf2,0x00,0x00,0xfc,0x00,0x0f,0xd0,0x00,0x00,0xfc,
  0x00,0x0e,0xf1,0x00,0x00,0xfc,0x00,0x07,0xfd,0x64,0x34,0xfc,0x00,0x00,0x5b,0xef,0xfe,0xd8,0x00,0x0f,0xc0,0x0f,0xc0,0x0f,
  0xc0,0x0f,0xc0,0x00,0x00,0x00,0x00,0x00,0x00,0x00,0x00,0x00,0x00,0x00,0x00,0x00,0x00,0x00,0x00,0x00,0x00,0x00,0x02,0xe0,
  0x00,0x0a,0x70,0x00,0x1f,0x00,0x00,0x6a,0x00,0x00,0x96,0x00,0x00,0xc3,0x00,0x00,0xe1,0x00,0x00,0xf0,0x00,0x00,0xf0,0x00,
  0x00,0xe1,0x00,0x00,0xc3,0x00,0x00,0x96,0x00,0x00,0x6a,0x00,0x00,0x1f,0x00,0x00,0x0a,0x70,0x00,0x02,0xe0,0x0e,0x20,0x00,
  0x07,0xa0,0x00,0x01,0xf0,0x00,0x00,0xa5,0x00,0x00,0x69,0x00,0x00,0x3c,0x00,0x00,0x1e,0x00,0x00,0x0f,0x00,0x00,0x0f,0x00,
  0x00,0x1e,0x00,0x00,0x3c,0x00,0x00,0x69,0x00,0x00,0xa5,0x00,0x01,0xf0,0x00,0x07,0xa0,0x00,0x0e,0x20,0x00,0x00,0x00,0x0f,
  0x00,0x00,0x00,0x00,0x00,0x0f,0x00,0x00,0x00,0x00,0xa5,0x0f,0x04,0xa0,0x00,0x00,0x6a,0xdf,0xda,0x60,0x00,0x00,0x00,0x9c,
  0x90,0x00,0x00,0x00,0x07,0xc0,0xc7,0x00,0x00,0x00,0x1e,0x20,0x2e,0x10,0x00,0x00,0x00,0x00,0x00,0x00,0x00,0x00,0x00,0x00,
  0x00,0x00,0x00,0x00,0x00,0x02,0xf0,0x00,0x00,0x00,0x00,0x02,0xf0,0x00,0x00,0x00,0x00,0x02,0xf0,0x00,0x00,0x00,0xff,0xff,
  0xff,0xff,0x00,0x00,0x33,0x35,0xf3,0x33,0x00,0x00,0x00,0x02,0xf0,0x00,0x00,0x00,0x00,0x02,0xf0,0x00,0x00,0x00,0x00,0x02,
  0xf0,0x00,0x00,0x00,0x00,0x00,0x00,0x00,0x00,0x00,0x00,0x00,0x00,0x00,0x00,0x00,0xed,0x00,0x05,0xf6,0x00,0x0b,0xe0,0x00,
  0x1f,0x80,0x00,0x00,0x00,0x00,0x0f,0xff,0xf0,0x03,0x33,0x30,0x00,0x00,0x00,0x00,0x00,0x00,0x00,0x00,0x00,0x00,0x00,0x00,
  0x00,0x10,0x0d,0xf1,0x0c,0xd0,0x00,0x00,0x08,0xa0,0x00,0x00,0x0d,0x50,0x00,0x00,0x2f,0x00,0x00,0x00,0x8a,0x00,0x00,0x00,
  0xd5,0x00,0x00,0x03,0xf0,0x00,0x00,0x08,0xa0,0x00,0x00,0x0e,0x40,0x00,0x00,0x3e,0x00,0x00,0x00,0x99,0x00,0x00,0x00,0xe4,
  0x00,0x00,0x03,0xe0,0x00,0x00,0x09,0x90,0x00,0x00,0x0e,0x30,0x00,0x00,0x00,0x06,0xdf,0xfc,0x40,0x00,0x00,0xaf,0x94,0x4b,
  0xf6,0x00,0x04,0xf9,0x00,0x00,0xdf,0x10,0x0a,0xf2,0x00,0x00,0x6f,0x60,0x0d,0xe0,0x00,0x00,0x2f,0x90,0x0f,0xd0,0x00,0x00,
  0x0f,0xb0,0x0f,0xc0,0x00,0x00,0x0f,0xc0,0x0f,0xd0,0x00,0x00,0x0f,0xb0,0x0d,0xe0,0x00,0x00,0x2f,0x90,0x0a,0xf2,0x00,0x00,
  0x6f,0x60,0x04,0xf9,0x00,0x00,0xdf,0x10,0x00,0xaf,0x94,0x4b,0xf6,0x00,0x00,0x06,0xdf,0xfc,0x40,0x00,0x00,0x00,0x2a,0xfc,
  0x00,0x00,0x00,0x07,0xfe,0xfc,0x00,0x00,0x00,0x7f,0xa1,0xfc,0x00,0x00,0x00,0x53,0x00,0xfc,0x00,0x00,0x00,0x00,0x00,0xfc,
  0x00,0x00,0x00,0x00,0x00,0xfc,0x00,0x00,0x00,0x00,0x00,0xfc,0x00,0x00,0x00,0x00,0x00,0xfc,0x00,0x00,0x00,0x00,0x00,0xfc,
  0x00,0x00,0x00,0x00,0x00,0xfc,0x00,0x00,0x00,0x00,0x00,0xfc,0x00,0x00,0x00,0x00,0x00,0xfc,0x00,0x00,0x00,0x00,0x00,0xfc,
  0x00,0x00,0x00,0x07,0xdf,0xeb,0x20,0x00,0x00,0xaf,0x84,0x6e,0xf2,0x00,0x03,0xf7,0x00,0x04,0xf9,0x00,0x08,0xf1,0x00,0x00,
  0xfc,0x00,0x02,0x30,0x00,0x02,0xfa,0x00,0x00,0x00,0x00,0x0a,0xf3,0x00,0x00,0x00,0x00,0x6f,0x90,0x00,0x00,0x00,0x05,0xfa,
  0x00,0x00,0x00,0x00,0x5f,0xb0,0x00,0x00,0x00,0x05,0xfa,0x00,0x00,0x00,0x00,0x5f,0xa0,0x00,0x00,0x00,0x05,0xfc,0x33,0x33,
  0x32,0x00,0x0f,0xff,0xff,0xff,0xfc,0x00,0x00,0x06,0xcf,0xeb,0x30,0x00,0x00,0x8f,0x84,0x5e,0xf4,0x00,0x02,0xf8,0x00,0x03,
  0xfa,0x00,0x06,0xf3,0x00,0x00,0xfb,0x00,0x00,0x00,0x00,0x04,0xf6,0x00,0x00,0x00,0x00,0x4d,0x90,0x00,0x00,0x00,0x0f,0xfe,
  0x60,0x00,0x00,0x00,0x03,0x5c,0xf7,0x00,0x00,0x00,0x00,0x01,0xfe,0x00,0x0d,0x90,0x00,0x00,0xdf,0x00,0x0b,0xf1,0x00,0x01,
  0xfc,0x00,0x03,0xfd,0x64,0x6d,0xf3,0x00,0x00,0x3b,0xef,0xe9,0x20,0x00,0x00,0x00,0x00,0x2f,0xf0,0x00,0x00,0x00,0x00,0xcf,
  0xf0,0x00,0x00,0x00,0x06,0xfe,0xf0,0x00,0x00,0x00,0x2f,0x8c,0xf0,0x00,0x00,0x00,0xbd,0x0c,0xf0,0x00,0x00,0x06,0xf4,0x0c,
  0xf0,0x00,0x00,0x1f,0x90,0x0c,0xf0,0x00,0x00,0xbe,0x00,0x0c,0xf0,0x00,0x06,0xf5,0x00,0x0c,0xf0,0x00,0x0e,0xff,0xff,0xff,
  0xff,0xf0,0x03,0x33,0x33,0x3d,0xf3,0x30,0x00,0x00,0x00,0x0c,0xf0,0x00,0x00,0x00,0x00,0x0c,0xf0,0x00,0x03,0xff,0xff,0xff,
  0xf4,0x00,0x05,0xf4,0x33,0x33,0x30,0x00,0x07,0xf0,0x00,0x00,0x00,0x00,0x09,0xd0,0x00,0x00,0x00,0x00,0x0b,0xa7,0xef,0xe9,
  0x10,0x00,0x0d,0xfc,0x54,0x9f,0xd0,0x00,0x0f,0xd0,0x00,0x08,0xf6,0x00,0x02,0x10,0x00,0x02,0xfb,0x00,0x00,0x00,0x00,0x00,
  0xfc,0x00,0x3f,0x70,0x00,0x02,0xfa,0x00,0x0e,0xd0,0x00,0x08,0xf5,0x00,0x06,0xfc,0x54,0x9f,0xa0,0x00,0x00,0x4c,0xef,0xc6,
  0x00,0x00,0x00,0x03,0xbf,0xeb,0x30,0x00,0x00,0x5f,0x84,0x5d,0xf3,0x00,0x01,0xf7,0x00,0x02,0xfa,0x00,0x07,0xf1,0x00,0x00,
  0x44,0x00,0x0b,0xd3,0xbf,0xfb,0x20,0x00,0x0e,0xdd,0x74,0x6f,0xe2,0x00,0x0f,0xf5,0x00,0x04,0xfa,0x00,0x0f,0xe0,0x00,0x00,
  0xee,0x00,0x0e,0xd0,0x00,0x00,0xdf,0x00,0x0b,0xe0,0x00,0x00,0xed,0x00,0x06,0xf5,0x00,0x05,0xf8,0x00,0x00,0xdf,0x74,0x7f,
  0xd0,0x00,0x00,0x19,0xef,0xe8,0x00,0x00,0x0f,0xff,0xff,0xff,0xff,0x00,0x03,0x33,0x33,0x35,0xf9,0x00,0x00,0x00,0x00,0x09,
  0xf1,0x00,0x00,0x00,0x00,0x2f,0x80,0x00,0x00,0x00,0x00,0xaf,0x10,0x00,0x00,0x00,0x02,0xf8,0x00,0x00,0x00,0x00,0x0a,0xf1,
  0x00,0x00,0x00,0x00,0x3f,0x70,0x00,0x00,0x00,0x00,0xbe,0x00,0x00,0x00,0x00,0x03,0xf7,0x00,0x00,0x00,0x00,0x0c,0xe0,0x00,
  0x00,0x00,0x00,0x4f,0x60,0x00,0x00,0x00,0x00,0xce,0x00,0x00,0x00,0x00,0x00,0x19,0xdf,0xeb,0x30,0x00,0x02,0xee,0x74,0x5d,
  0xf5,0x00,0x09,0xf4,0x00,0x01,0xfd,0x00,0x0c,0xf0,0x00,0x00,0xdf,0x00,0x09,0xf3,0x00,0x00,0xfb,0x00,0x02,0xed,0x30,0x2b,
  0xc1,0x00,0x00,0x3f,0xff,0xff,0x80,0x00,0x03,0xfd,0x53,0x5d,0xf8,0x00,0x0c,0xf1,0x00,0x01,0xfe,0x00,0x0f,0xd0,0x00,0x00,
  0xdf,0x00,0x0d,0xf1,0x00,0x01,0xfc,0x00,0x05,0xfd,0x64,0x5d,0xf4,0x00,0x00,0x3a,0xef,0xda,0x20,0x00,0x00,0x19,0xef,0xe9,
  0x10,0x00,0x01,0xee,0x74,0x7e,0xd0,0x00,0x0a,0xf3,0x00,0x03,0xf6,0x00,0x0e,0xd0,0x00,0x00,0xeb,0x00,0x0f,0xd0,0x00,0x00,
  0xde,0x00,0x0c,0xf1,0x00,0x02,0xff,0x00,0x05,0xfc,0x30,0x3c,0xef,0x00,0x00,0x6e,0xff,0xe5,0xde,0x00,0x00,0x00,0x22,0x00,
  0xfb,0x00,0x0b,0xd0,0x00,0x02,0xf7,0x00,0x08,0xf4,0x00,0x09,0xf1,0x00,0x01,0xee,0x64,0x9f,0x50,0x00,0x00,0x2a,0xef,0xb3,
  0x00,0x00,0x0b,0xd0,0x0d,0xf1,0x00,0x10,0x00,0x00,0x00,0x00,0x00,0x00,0x00,0x00,0x00,0x10,0x0d,0xf1,0x0c,0xd0,0x00,0xbd,
  0x00,0x00,0xdf,0x10,0x00,0x01,0x00,0x00,0x00,0x00,0x00,0x00,0x00,0x00,0x00,0x00,0x00,0x00,0x00,0x00,0x00,0x00,0x00,0xf9,
  0x00,0x06,0xf3,0x00,0x0c,0xd0,0x00,0x1f,0x60,0x00,0x00,0x00,0x00,0x00,0x00,0x00,0x00,0x00,0x00,0x03,0xb7,0x00,0x00,0x00,
  0x03,0xbf,0x81,0x00,0x00,0x03,0xbe,0x71,0x00,0x00,0x00,0xbe,0x70,0x00,0x00,0x00,0x00,0xeb,0x30,0x00,0x00,0x00,0x00,0x07,
  0xec,0x40,0x00,0x00,0x00,0x00,0x07,0xec,0x50,0x00,0x00,0x00,0x00,0x07,0xe7,0x00,0x00,0x00,0x00,0x00,0x02,0x00,0x00,0x00,
  0x00,0x00,0x00,0x00,0x00,0xff,0xff,0xff,0xff,0x00,0x00,0x33,0x33,0x33,0x33,0x00,0x00,0x00,0x00,0x00,0x00,0x00,0x00,0x00,
  0x00,0x00,0x00,0x00,0x00,0xff,0xff,0xff,0xff,0x00,0x00,0x33,0x33,0x33,0x33,0x00,0x00,0x00,0x00,0x00,0x00,0x00,0x00,0x00,
  0x00,0x00,0x00,0x00,0x00,0x00,0x00,0x00,0x00,0x00,0x00,0x00,0x00,0x00,0x00,0x00,0x0e,0x70,0x00,0x00,0x00,0x00,0x05,0xce,
  0x70,0x00,0x00,0x00,0x00,0x04,0xce,0x70,0x00,0x00,0x00,0x00,0x04,0xbe,0x40,0x00,0x00,0x00,0x00,0x6e,0x70,0x00,0x00,0x00,
  0x7e,0xb3,0x00,0x00,0x01,0x8e,0xb3,0x00,0x00,0x00,0x0f,0xb3,0x00,0x00,0x00,0x00,0x03,0x00,0x00,0x00,0x00,0x00,0x00,0x3b,
  0xff,0xc5,0x00,0x04,0xfd,0x54,0xbf,0x60,0x0c,0xf1,0x00,0x0e,0xd0,0x0d,0xb0,0x00,0x0d,0xf0,0x00,0x00,0x00,0x0f,0xc0,0x00,
  0x00,0x00,0x8f,0x50,0x00,0x00,0x04,0xf9,0x00,0x00,0x00,0x1e,0xb0,0x00,0x00,0x00,0x8e,0x00,0x00,0x00,0x00,0x77,0x00,0x00,
  0x00,0x00,0x10,0x00,0x00,0x00,0x01,0xfd,0x00,0x00,0x00,0x00,0xdb,0x00,0x00,0x00,0x00,0x00,0x00,0x00,0x00,0x00,0x00,0x00,
  0x00,0x03,0x9d,0xff,0xc7,0x00,0x00,0x00,0x01,0xaf,0xa5,0x34,0x7d,0xd2,0x00,0x00,0x1d,0xa1,0x00,0x00,0x00,0x9d,0x00,0x00,
  0xb9,0x00,0x7e,0xfc,0x6b,0x1b,0x70,0x04,0xd0,0x09,0xf8,0x4c,0xfe,0x04,0xc0,0x0a,0x60,0x3f,0x90,0x04,0xfa,0x01,0xe0,0x0d,
  0x20,0x9f,0x30,0x05,0xf7,0x00,0xf0,0x0f,0x00,0xbf,0x00,0x08,0xf3,0x02,0xe0,0x0f,0x00,0xbf,0x00,0x0d,0xf0,0x07,0xa0,0x0c,
  0x40,0x7f,0x60,0x9f,0xf0,0x3e,0x20,0x07,0xa0,0x0a,0xff,0xa6,0xff,0xd3,0x00,0x00,0xe7,0x00,0x00,0x00,0x01,0x10,0x00,0x00,
  0x2e,0xc5,0x10,0x13,0x7c,0xa0,0x00,0x00,0x01,0x8e,0xff,0xff,0xb5,0x00,0x00,0x00,0x00,0x00,0x12,0x20,0x00,0x00,0x00,0x00,
  0x00,0x0e,0xfa,0x00,0x00,0x00,0x00,0x4f,0xcf,0x00,0x00,0x00,0x00,0xae,0x4f,0x50,0x00,0x00,0x00,0xf8,0x0e,0xa0,0x00,0x00,
  0x05,0xf2,0x09,0xf0,0x00,0x00,0x0b,0xd0,0x04,0xf6,0x00,0x00,0x1f,0x70,0x00,0xeb,0x00,0x00,0x7f,0xff,0xff,0xff,0x10,0x00,
  0xdc,0x33,0x33,0x6f,0x60,0x02,0xf6,0x00,0x00,0x0e,0xc0,0x08,0xf1,0x00,0x00,0x09,0xf1,0x0e,0xc0,0x00,0x00,0x04,0xf7,0x4f,
  0x70,0x00,0x00,0x00,0xec,0x00,0xff,0xff,0xfe,0xa3,0x00,0x00,0xfd,0x33,0x36,0xdf,0x30,0x00,0xfc,0x00,0x00,0x3f,0xa0,0x00,
  0xfc,0x00,0x00,0x0f,0xb0,0x00,0xfc,0x00,0x00,0x2f,0x70,0x00,0xfc,0x00,0x03,0xc9,0x00,0x00,0xff,0xff,0xff,0xe8,0x00,0x00,
  0xfd,0x33,0x35,0xcf,0x90,0x00,0xfc,0x00,0x00,0x1f,0xe0,0x00,0xfc,0x00,0x00,0x0d,0xf0,0x00,0xfc,0x00,0x00,0x0f,0xc0,0x00,
  0xfd,0x33,0x35,0xcf,0x30,0x00,0xff,0xff,0xfe,0xa2,0x00,0x00,0x00,0x6c,0xff,0xe9,0x20,0x00,0x00,0x1c,0xf8,0x44,0x7e,0xf4,
  0x00,0x00,0xcf,0x30,0x00,0x01,0xee,0x00,0x05,0xf7,0x00,0x00,0x00,0x6f,0x50,0x0b,0xf1,0x00,0x00,0x00,0x16,0x30,0x0e,0xd0,
  0x00,0x00,0x00,0x00,0x00,0x0f,0xc0,0x00,0x00,0x00,0x00,0x00,0x0e,0xd0,0x00,0x00,0x00,0x00,0x00,0x0c,0xf1,0x00,0x00,0x00,
  0x16,0x20,0x07,0xf7,0x00,0x00,0x00,0x8f,0x30,0x00,0xdf,0x20,0x00,0x02,0xfc,0x00,0x00,0x2e,0xf8,0x44,0x7e,0xe2,0x00,0x00,
  0x01,0x8d,0xff,0xd8,0x10,0x00,0x00,0xff,0xff,0xfe,0xb6,0x00,0x00,0x00,0xfd,0x33,0x35,0x9f,0xc1,0x00,0x00,0xfc,0x00,0x00,
  0x04,0xfb,0x00,0x00,0xfc,0x00,0x00,0x00,0xaf,0x40,0x00,0xfc,0x00,0x00,0x00,0x3f,0x90,0x00,0xfc,0x00,0x00,0x00,0x1f,0xb0,
  0x00,0xfc,0x00,0x00,0x00,0x0f,0xc0,0x00,0xfc,0x00,0x00,0x00,0x2f,0xb0,0x00,0xfc,0x00,0x00,0x00,0x4f,0x80,0x00,0xfc,0x00,
  0x00,0x00,0xbf,0x20,0x00,0xfc,0x00,0x00,0x06,0xf9,0x00,0x00,0xfd,0x33,0x35,0xaf,0xa0,0x00,0x00,0xff,0xff,0xfe,0xb5,0x00,
  0x00,0x00,0xff,0xff,0xff,0xff,0xb0,0x00,0xfd,0x33,0x33,0x33,0x20,0x00,0xfc,0x00,0x00,0x00,0x00,0x00,0xfc,0x00,0x00,0x00,
  0x00,0x00,0xfc,0x00,0x00,0x00,0x00,0x00,0xfc,0x00,0x00,0x00,0x00,0x00,0xff,0xff,0xff,0xff,0x10,0x00,0xfd,0x33,0x33,0x33,
  0x00,0x00,0xfc,0x00,0x00,0x00,0x00,0x00,0xfc,0x00,0x00,0x00,0x00,0x00,0xfc,0x00,0x00,0x00,0x00,0x00,0xfd,0x33,0x33,0x33,
  0x30,0x00,0xff,0xff,0xff,0xff,0xe0,0x00,0xff,0xff,0xff,0xff,0xb0,0x00,0xfd,0x33,0x33,0x33,0x20,0x00,0xfc,0x00,0x00,0x00,
  0x00,0x00,0xfc,0x00,0x00,0x00,0x00,0x00,0xfc,0x00,0x00,0x00,0x00,0x00,0xfc,0x00,0x00,0x00,0x00,0x00,0xff,0xff,0xff,0xfe,
  0x00,0x00,0xfd,0x33,0x33,0x32,0x00,0x00,0xfc,0x00,0x00,0x00,0x00,0x00,0xfc,0x00,0x00,0x00,0x00,0x00,0xfc,0x00,0x00,0x00,
  0x00,0x00,0xfc,0x00,0x00,0x00,0x00,0x00,0xfc,0x00,0x00,0x00,0x00,0x00,0x00,0x5b,0xef,0xeb,0x40,0x00,0x00,0x1c,0xf9,0x44,
  0x7e,0xf9,0x00,0x00,0xbf,0x30,0x00,0x01,0xdf,0x50,0x05,0xf7,0x00,0x00,0x00,0x5f,0xb0,0x0b,0xf1,0x00,0x00,0x00,0x09,0x80,
  0x0e,0xd0,0x00,0x00,0x00,0x00,0x00,0x0f,0xc0,0x00,0x00,0x00,0x00,0x00,0x0e,0xd0,0x00,0x04,0xff,0xff,0xc0,0x0c,0xf1,0x00,
  0x00,0x33,0x3f,0xc0,0x06,0xf7,0x00,0x00,0x00,0x4f,0xc0,0x00,0xdf,0x30,0x00,0x01,0xcf,0xc0,0x00,0x2e,0xf8,0x44,0x7e,0x8f,
  0xc0,0x00,0x01,0x8d,0xff,0xc6,0x0f,0xc0,0x00,0xfc,0x00,0x00,0x00,0x0f,0xc0,0x00,0xfc,0x00,0x00,0x00,0x0f,0xc0,0x00,0xfc,
  0x00,0x00,0x00,0x0f,0xc0,0x00,0xfc,0x00,0x00,0x00,0x0f,0xc0,0x00,0xfc,0x00,0x00,0x00,0x0f,0xc0,0x00,0xfc,0x00,0x00,0x00,
  0x0f,0xc0,0x00,0xff,0xff,0xff,0xff,0xff,0xc0,0x00,0xfd,0x33,0x33,0x33,0x3f,0xc0,0x00,0xfc,0x00,0x00,0x00,0x0f,0xc0,0x00,
  0xfc,0x00,0x00,0x00,0x0f,0xc0,0x00,0xfc,0x00,0x00,0x00,0x0f,0xc0,0x00,0xfc,0x00,0x00,0x00,0x0f,0xc0,0x00,0xfc,0x00,0x00,
  0x00,0x0f,0xc0,0x00,0xfc,0x00,0x00,0xfc,0x00,0x00,0xfc,0x00,0x00,0xfc,0x00,0x00,0xfc,0x00,0x00,0xfc,0x00,0x00,0xfc,0x00,
  0x00,0xfc,0x00,0x00,0xfc,0x00,0x00,0xfc,0x00,0x00,0xfc,0x00,0x00,0xfc,0x00,0x00,0xfc,0x00,0x00,0x00,0x00,0x0c,0xf0,0x00,
  0x00,0x00,0x0c,0xf0,0x00,0x00,0x00,0x0c,0xf0,0x00,0x00,0x00,0x0c,0xf0,0x00,0x00,0x00,0x0c,0xf0,0x00,0x00,0x00,0x0c,0xf0,
  0x00,0x00,0x00,0x0c,0xf0,0x00,0x00,0x00,0x0c,0xf0,0x09,0x70,0x00,0x0c,0xf0,0x0f,0xd0,0x00,0x0d,0xf0,0x0c,0xf1,0x00,0x1f,
  0xd0,0x05,0xfb,0x44,0xcf,0x50,0x00,0x5c,0xfe,0xc4,0x00,0x00,0xfc,0x00,0x00,0x03,0xfb,0x00,0x00,0xfc,0x00,0x00,0x3f,0xb0,
  0x00,0x00,0xfc,0x00,0x02,0xec,0x00,0x00,0x00,0xfc,0x00,0x1e,0xd1,0x00,0x00,0x00,0xfc,0x01,0xdd,0x10,0x00,0x00,0x00,0xfc,
  0x1d,0xe2,0x00,0x00,0x00,0x00,0xfd,0xcf,0x70,0x00,0x00,0x00,0x00,0xff,0xdd,0xf3,0x00,0x00,0x00,0x00,0xfe,0x22,0xfe,0x20,
  0x00,0x00,0x00,0xfc,0x00,0x4f,0xd0,0x00,0x00,0x00,0xfc,0x00,0x07,0xfb,0x00,0x00,0x00,0xfc,0x00,0x00,0xaf,0x90,0x00,0x00,
  0xfc,0x00,0x00,0x0d,0xf6,0x00,0x00,0xfc,0x00,0x00,0x00,0x00,0x00,0xfc,0x00,0x00,0x00,0x00,0x00,0xfc,0x00,0x00,0x00,0x00,
  0x00,0xfc,0x00,0x00,0x00,0x00,0x00,0xfc,0x00,0x00,0x00,0x00,0x00,0xfc,0x00,0x00,0x00,0x00,0x00,0xfc,0x00,0x00,0x00,0x00,
  0x00,0xfc,0x00,0x00,0x00,0x00,0x00,0xfc,0x00,0x00,0x00,0x00,0x00,0xfc,0x00,0x00,0x00,0x00,0x00,0xfc,0x00,0x00,0x00,0x00,
  0x00,0xfd,0x44,0x44,0x44,0x30,0x00,0xff,0xff,0xff,0xff,0xe0,0x00,0xff,0xf0,0x00,0x00,0x00,0xef,0xf0,0x00,0xff,0xf4,0x00,
  0x00,0x03,0xff,0xf0,0x00,0xfc,0xe9,0x00,0x00,0x09,0xec,0xf0,0x00,0xfc,0x9e,0x00,0x00,0x0e,0x9c,0xf0,0x00,0xfc,0x4f,0x40,
  0x00,0x3f,0x4c,0xf0,0x00,0xfc,0x0f,0x90,0x00,0x8e,0x0c,0xf0,0x00,0xfc,0x0a,0xe0,0x00,0xd9,0x0c,0xf0,0x00,0xfc,0x05,0xf3,
  0x02,0xf4,0x0c,0xf0,0x00,0xfc,0x00,0xf8,0x07,0xe0,0x0c,0xf0,0x00,0xfc,0x00,0xad,0x0c,0xa0,0x0c,0xf0,0x00,0xfc,0x00,0x5f,
  0x4f,0x40,0x0c,0xf0,0x00,0xfc,0x00,0x0f,0xef,0x00,0x0c,0xf0,0x00,0xfc,0x00,0x0a,0xfa,0x00,0x0c,0xf0,0x00,0xff,0xd0,0x00,
  0x00,0xcf,0x00,0x00,0xff,0xf5,0x00,0x00,0xcf,0x00,0x00,0xfc,0xcd,0x00,0x00,0xcf,0x00,0x00,0xfc,0x4f,0x50,0x00,0xcf,0x00,
  0x00,0xfc,0x0c,0xd0,0x00,0xcf,0x00,0x00,0xfc,0x04,0xf4,0x00,0xcf,0x00,0x00,0xfc,0x00,0xcc,0x00,0xcf,0x00,0x00,0xfc,0x00,
  0x4f,0x40,0xcf,0x00,0x00,0xfc,0x00,0x0c,0xc0,0xcf,0x00,0x00,0xfc,0x00,0x05,0xf4,0xcf,0x00,0x00,0xfc,0x00,0x00,0xdc,0xcf,
  0x00,0x00,0xfc,0x00,0x00,0x5f,0xff,0x00,0x00,0xfc,0x00,0x00,0x0d,0xff,0x00,0x00,0x01,0x8d,0xff,0xd8,0x10,0x00,0x00,0x2e,
  0xe7,0x44,0x7f,0xe2,0x00,0x00,0xde,0x20,0x00,0x02,0xed,0x00,0x07,0xf6,0x00,0x00,0x00,0x6f,0x70,0x0c,0xf0,0x00,0x00,0x00,
  0x0f,0xc0,0x0e,0xd0,0x00,0x00,0x00,0x0d,0xe0,0x0f,0xc0,0x00,0x00,0x00,0x0c,0xf0,0x0e,0xd0,0x00,0x00,0x00,0x0d,0xe0,0x0c,
  0xf0,0x00,0x00,0x00,0x0f,0xc0,0x07,0xf6,0x00,0x00,0x00,0x6f,0x70,0x00,0xee,0x20,0x00,0x02,0xed,0x00,0x00,0x3e,0xe7,0x44,
  0x7e,0xe3,0x00,0x00,0x01,0x8d,0xff,0xd8,0x10,0x00,0x00,0xff,0xff,0xfe,0xa2,0x00,0x00,0xfd,0x33,0x35,0xdf,0x30,0x00,0xfc,
  0x00,0x00,0x2f,0xb0,0x00,0xfc,0x00,0x00,0x0d,0xe0,0x00,0xfc,0x00,0x00,0x0d,0xf0,0x00,0xfc,0x00,0x00,0x0f,0xc0,0x00,0xfc,
  0x00,0x02,0xbf,0x40,0x00,0xff,0xff,0xff,0xe5,0x00,0x00,0xfd,0x33,0x32,0x00,0x00,0x00,0xfc,0x00,0x00,0x00,0x00,0x00,0xfc,
  0x00,0x00,0x00,0x00,0x00,0xfc,0x00,0x00,0x00,0x00,0x00,0xfc,0x00,0x00,0x00,0x00,0x00,0x01,0x8d,0xff,0xd8,0x10,0x00,0x00,
  0x2e,0xe7,0x44,0x7f,0xe2,0x00,0x00,0xde,0x20,0x00,0x02,0xed,0x00,0x07,0xf6,0x00,0x00,0x00,0x6f,0x60,0x0c,0xf0,0x00,0x00,
  0x00,0x0f,0xb0,0x0e,0xd0,0x00,0x00,0x00,0x0d,0xe0,0x0f,0xc0,0x00,0x00,0x00,0x0c,0xf0,0x0e,0xd0,0x00,0x00,0x00,0x0d,0xe0,
  0x0c,0xf0,0x00,0x00,0x00,0x0f,0xb0,0x07,0xf6,0x00,0x00,0x00,0x6f,0x60,0x00,0xee,0x20,0x00,0x02,0xec,0x00,0x00,0x3e,0xe7,
  0x44,0x7e,0xe1,0x00,0x00,0x01,0x8d,0xff,0xff,0xff,0x70,0x00,0x00,0x00,0x00,0x00,0x27,0x50,0x00,0xff,0xff,0xff,0xb5,0x00,
  0x00,0xfd,0x33,0x35,0xcf,0x60,0x00,0xfc,0x00,0x00,0x0f,0xd0,0x00,0xfc,0x00,0x00,0x0d,0xf0,0x00,0xfc,0x00,0x00,0x0e,0xc0,
  0x00,0xfc,0x00,0x02,0xaf,0x30,0x00,0xff,0xff,0xff,0xf2,0x00,0x00,0xfd,0x33,0x36,0xfb,0x00,0x00,0xfc,0x00,0x00,0x8f,0x20,
  0x00,0xfc,0x00,0x00,0x4f,0x50,0x00,0xfc,0x00,0x00,0x2f,0x70,0x00,0xfc,0x00,0x00,0x0f,0xa0,0x00,0xfc,0x00,0x00,0x0c,0xe0,
  0x00,0x02,0xad,0xfe,0x91,0x00,0x00,0x4f,0xc5,0x47,0xfd,0x00,0x00,0xde,0x00,0x00,0x5f,0x80,0x00,0xfd,0x00,0x00,0x0b,0x80,
  0x00,0xdf,0x50,0x00,0x00,0x00,0x00,0x4f,0xfc,0x83,0x00,0x00,0x00,0x01,0x8d,0xff,0xe5,0x00,0x00,0x00,0x00,0x16,0xef,0x60,
  0x00,0x00,0x00,0x00,0x2f,0xd0,0x06,0xc3,0x00,0x00,0x0d,0xf0,0x03,0xfc,0x00,0x00,0x1f,0xc0,0x00,0x9f,0xc5,0x46,0xdf,0x30,
  0x00,0x04,0xbe,0xfd,0x92,0x00,0x0f,0xff,0xff,0xff,0xff,0xff,0x03,0x33,0x3d,0xf3,0x33,0x33,0x00,0x00,0x0c,0xf0,0x00,0x00,
  0x00,0x00,0x0c,0xf0,0x00,0x00,0x00,0x00,0x0c,0xf0,0x00,0x00,0x00,0x00,0x0c,0xf0,0x00,0x00,0x00,0x00,0x0c,0xf0,0x00,0x00,
  0x00,0x00,0x0c,0xf0,0x00,0x00,0x00,0x00,0x0c,0xf0,0x00,0x00,0x00,0x00,0x0c,0xf0,0x00,0x00,0x00,0x00,0x0c,0xf0,0x00,0x00,
  0x00,0x00,0x0c,0xf0,0x00,0x00,0x00,0x00,0x0c,0xf0,0x00,0x00,0x00,0xfc,0x00,0x00,0x00,0xcf,0x00,0x00,0xfc,0x00,0x00,0x00,
  0xcf,0x00,0x00,0xfc,0x00,0x00,0x00,0xcf,0x00,0x00,0xfc,0x00,0x00,0x00,0xcf,0x00,0x00,0xfc,0x00,0x00,0x00,0xcf,0x00,0x00,
  0xfc,0x00,0x00,0x00,0xcf,0x00,0x00,0xfc,0x00,0x00,0x00,0xcf,0x00,0x00,0xfc,0x00,0x00,0x00,0xcf,0x00,0x00,0xfc,0x00,0x00,
  0x00,0xcf,0x00,0x00,0xee,0x00,0x00,0x00,0xee,0x00,0x00,0x9f,0x50,0x00,0x05,0xf9,0x00,0x00,0x1d,0xf8,0x44,0x8f,0xd1,0x00,
  0x00,0x01,0x8d,0xff,0xd8,0x10,0x00,0x3f,0x80,0x00,0x00,0x00,0xdd,0x00,0x0d,0xd0,0x00,0x00,0x03,0xf8,0x00,0x08,0xf3,0x00,
  0x00,0x08,0xf2,0x00,0x02,0xf8,0x00,0x00,0x0e,0xc0,0x00,0x00,0xdd,0x00,0x00,0x3f,0x60,0x00,0x00,0x7f,0x30,0x00,0x9f,0x10,
  0x00,0x00,0x2f,0x80,0x00,0xea,0x00,0x00,0x00,0x0c,0xd0,0x04,0xf5,0x00,0x00,0x00,0x07,0xf2,0x09,0xe0,0x00,0x00,0x00,0x01,
  0xf8,0x0e,0x90,0x00,0x00,0x00,0x00,0xbd,0x4f,0x30,0x00,0x00,0x00,0x00,0x6f,0xcd,0x00,0x00,0x00,0x00,0x00,0x1f,0xf8,0x00,
  0x00,0x00,0x5f,0x70,0x00,0x00,0xff,0x70,0x00,0x00,0xec,0x1f,0xb0,0x00,0x03,0xff,0xb0,0x00,0x02,0xf8,0x0d,0xf0,0x00,0x08,
  0xfa,0xf0,0x00,0x06,0xf4,0x09,0xf3,0x00,0x0c,0xb5,0xf4,0x00,0x0a,0xf0,0x04,0xf6,0x00,0x0f,0x71,0xf8,0x00,0x0e,0xb0,0x00,
  0xfa,0x00,0x4f,0x20,0xdc,0x00,0x2f,0x60,0x00,0xce,0x00,0x8e,0x00,0x8f,0x00,0x6f,0x20,0x00,0x8f,0x20,0xda,0x00,0x4f,0x40,
  0xad,0x00,0x00,0x3f,0x61,0xf5,0x00,0x0f,0x80,0xe9,0x00,0x00,0x0f,0x95,0xf1,0x00,0x0c,0xc2,0xf4,0x00,0x00,0x0b,0xd9,0xc0,
  0x00,0x08,0xf7,0xf0,0x00,0x00,0x07,0xfe,0x80,0x00,0x03,0xfe,0xb0,0x00,0x00,0x02,0xff,0x40,0x00,0x00,0xff,0x70,0x00,0x0d,
  0xe1,0x00,0x00,0x09,0xf4,0x03,0xfa,0x00,0x00,0x4f,0x90,0x00,0x8f,0x40,0x00,0xed,0x00,0x00,0x0c,0xe1,0x09,0xf2,0x00,0x00,
  0x02,0xf9,0x4f,0x70,0x00,0x00,0x00,0x7f,0xeb,0x00,0x00,0x00,0x00,0x0f,0xf4,0x00,0x00,0x00,0x00,0x9f,0xed,0x00,0x00,0x00,
  0x05,0xf6,0x3f,0x90,0x00,0x00,0x1e,0xb0,0x08,0xf5,0x00,0x00,0xbf,0x10,0x00,0xce,0x10,0x07,0xf5,0x00,0x00,0x2f,0xc0,0x3f,
  0xb0,0x00,0x00,0x06,0xf7,0x5f,0x80,0x00,0x00,0x0b,0xf2,0x0c,0xf2,0x00,0x00,0x4f,0x80,0x02,0xfb,0x00,0x00,0xde,0x00,0x00,
  0x9f,0x40,0x06,0xf5,0x00,0x00,0x1e,0xd0,0x1e,0xc0,0x00,0x00,0x06,0xf7,0x9f,0x30,0x00,0x00,0x00,0xcf,0xf9,0x00,0x00,0x00,
  0x00,0x3f,0xe1,0x00,0x00,0x00,0x00,0x0f,0xc0,0x00,0x00,0x00,0x00,0x0f,0xc0,0x00,0x00,0x00,0x00,0x0f,0xc0,0x00,0x00,0x00,
  0x00,0x0f,0xc0,0x00,0x00,0x00,0x00,0x0f,0xc0,0x00,0x00,0x00,0xff,0xff,0xff,0xff,0xf0,0x00,0x33,0x33,0x33,0x6f,0xc0,0x00,
  0x00,0x00,0x00,0xdf,0x10,0x00,0x00,0x00,0x0a,0xf5,0x00,0x00,0x00,0x00,0x6f,0x90,0x00,0x00,0x00,0x03,0xfd,0x00,0x00,0x00,
  0x00,0x1d,0xf3,0x00,0x00,0x00,0x00,0xbf,0x70,0x00,0x00,0x00,0x07,0xfb,0x00,0x00,0x00,0x00,0x3f,0xe1,0x00,0x00,0x00,0x01,
  0xef,0x40,0x00,0x00,0x00,0x0b,0xfb,0x33,0x33,0x33,0x30,0x0f,0xff,0xff,0xff,0xff,0xf0,0x00,0x00,0x00,0x02,0xff,0xf0,0x02,
  0xf3,0x30,0x02,0xf0,0x00,0x02,0xf0,0x00,0x02,0xf0,0x00,0x02,0xf0,0x00,0x02,0xf0,0x00,0x02,0xf0,0x00,0x02,0xf0,0x00,0x02,
  0xf0,0x00,0x02,0xf0,0x00,0x02,0xf0,0x00,0x02,0xf0,0x00,0x02,0xf0,0x00,0x02,0xf0,0x00,0x02,0xff,0xf0,0x00,0x33,0x30,0x0e,
  0x30,0x00,0x00,0x09,0x90,0x00,0x00,0x03,0xe0,0x00,0x00,0x00,0xe4,0x00,0x00,0x00,0x99,0x00,0x00,0x00,0x3e,0x00,0x00,0x00,
  0x0e,0x40,0x00,0x00,0x08,0xa0,0x00,0x00,0x03,0xf0,0x00,0x00,0x00,0xd5,0x00,0x00,0x00,0x8a,0x00,0x00,0x00,0x2f,0x00,0x00,
  0x00,0x0d,0x50,0x00,0x00,0x08,0xb0,0x00,0x00,0x00,0x2f,0xff,0x00,0x03,0x5f,0x00,0x00,0x2f,0x00,0x00,0x2f,0x00,0x00,0x2f,
  0x00,0x00,0x2f,0x00,0x00,0x2f,0x00,0x00,0x2f,0x00,0x00,0x2f,0x00,0x00,0x2f,0x00,0x00,0x2f,0x00,0x00,0x2f,0x00,0x00,0x2f,
  0x00,0x00,0x2f,0x00,0x00,0x2f,0x00,0x2f,0xff,0x00,0x03,0x33,0x00,0x00,0x00,0x28,0x20,0x00,0x00,0x00,0x00,0x9e,0x90,0x00,
  0x00,0x00,0x01,0xf3,0xf1,0x00,0x00,0x00,0x07,0xb0,0xa7,0x00,0x00,0x00,0x0e,0x40,0x3e,0x00,0x00,0x00,0x5d,0x00,0x0d,0x60,
  0x00,0x00,0xd7,0x00,0x06,0xd0,0x00,0x04,0xf1,0x00,0x00,0xf4,0x00,0x00,0x00,0x00,0x00,0x00,0x00,0x00,0x00,0x00,0x00,0x00,
  0x00,0x00,0x00,0x00,0x00,0x00,0x00,0x00,0x00,0x00,0x00,0x00,0x00,0x00,0x00,0x00,0x00,0x00,0x0f,0xff,0xff,0xff,0xf0,0x03,
  0x33,0x33,0x33,0x30,0x0c,0x90,0x00,0x01,0xe2,0x00,0x00,0x00,0x00,0x00,0x00,0x00,0x00,0x00,0x00,0x00,0x00,0x00,0x00,0x00,
  0x00,0x00,0x00,0x00,0x00,0x00,0x00,0x00,0x00,0x00,0x00,0x00,0x00,0x00,0x00,0x00,0x00,0x00,0x00,0x00,0x19,0xef,0xd8,0x00,
  0x00,0xde,0x54,0x8f,0x90,0x06,0xf5,0x00,0x0d,0xe0,0x01,0x30,0x00,0x0c,0xf0,0x00,0x39,0xce,0xff,0xf0,0x05,0xfc,0x52,0x2d,
  0xf0,0x0d,0xe0,0x00,0x0d,0xf0,0x0f,0xd0,0x00,0x2f,0xf0,0x0a,0xf8,0x35,0xde,0xf1,0x01,0x9e,0xfd,0x6a,0xf2,0x0f,0xc0,0x00,
  0x00,0x00,0x00,0x0f,0xc0,0x00,0x00,0x00,0x00,0x0f,0xc0,0x00,0x00,0x00,0x00,0x0f,0xc2,0xbe,0xfd,0x70,0x00,0x0f,0xde,0x94,
  0x4a,0xfa,0x00,0x0f,0xf6,0x00,0x00,0xbf,0x40,0x0f,0xf0,0x00,0x00,0x3f,0x90,0x0f,0xc0,0x00,0x00,0x1f,0xc0,0x0f,0xc0,0x00,
  0x00,0x1f,0xb0,0x0f,0xf0,0x00,0x00,0x3f,0x90,0x0f,0xf6,0x00,0x00,0xbf,0x30,0x0f,0xef,0x94,0x5b,0xf7,0x00,0x0f,0xc5,0xcf,
  0xfb,0x40,0x00,0x00,0x07,0xdf,0xea,0x20,0x00,0xbf,0x84,0x5d,0xe2,0x06,0xf7,0x00,0x02,0xfa,0x0c,0xf0,0x00,0x00,0x56,0x0f,
  0xd0,0x00,0x00,0x00,0x0f,0xd0,0x00,0x00,0x00,0x0d,0xf0,0x00,0x00,0x43,0x08,0xf6,0x00,0x02,0xf9,0x01,0xef,0x84,0x6e,0xd1,
  0x00,0x19,0xef,0xd9,0x10,0x00,0x00,0x00,0x00,0x0f,0xc0,0x00,0x00,0x00,0x00,0x0f,0xc0,0x00,0x00,0x00,0x00,0x0f,0xc0,0x00,
  0x06,0xcf,0xeb,0x3f,0xc0,0x00,0xaf,0x94,0x5b,0xef,0xc0,0x06,0xf8,0x00,0x00,0xaf,0xc0,0x0c,0xf0,0x00,0x00,0x2f,0xc0,0x0f,
  0xd0,0x00,0x00,0x0f,0xc0,0x0f,0xd0,0x00,0x00,0x0f,0xc0,0x0d,0xf0,0x00,0x00,0x3f,0xc0,0x08,0xf7,0x00,0x00,0xaf,0xc0,0x00,
  0xdf,0x84,0x5b,0xcf,0xc0,0x00,0x18,0xef,0xe9,0x1f,0xc0,0x00,0x07,0xdf,0xea,0x20,0x00,0x00,0xbf,0x74,0x5d,0xe1,0x00,0x06,
  0xf4,0x00,0x01,0xf9,0x00,0x0c,0xd0,0x00,0x00,0xce,0x00,0x0f,0xff,0xff,0xff,0xff,0x00,0x0f,0xd3,0x33,0x33,0x33,0x00,0x0d,
  0xe0,0x00,0x00,0x76,0x00,0x08,0xf4,0x00,0x03,0xf8,0x00,0x01,0xdf,0x74,0x6e,0xd1,0x00,0x00,0x19,0xef,0xd8,0x10,0x00,0x00,
  0x2b,0xff,0x00,0x00,0xbf,0x64,0x00,0x00,0xfd,0x00,0x00,0x00,0xfc,0x00,0x00,0x0f,0xff,0xff,0x00,0x03,0xfd,0x33,0x00,0x00,
  0xfc,0x00,0x00,0x00,0xfc,0x00,0x00,0x00,0xfc,0x00,0x00,0x00,0xfc,0x00,0x00,0x00,0xfc,0x00,0x00,0x00,0xfc,0x00,0x00,0x00,
  0xfc,0x00,0x00,0x00,0xfc,0x00,0x00,0x00,0x06,0xcf,0xeb,0x3f,0xc0,0x00,0xaf,0x94,0x5b,0xef,0xc0,0x06,0xf8,0x00,0x00,0xaf,
  0xc0,0x0c,0xf0,0x00,0x00,0x2f,0xc0,0x0f,0xd0,0x00,0x00,0x0f,0xc0,0x0f,0xd0,0x00,0x00,0x0f,0xc0,0x0d,0xf0,0x00,0x00,0x3f,
  0xc0,0x08,0xf7,0x00,0x00,0xaf,0xc0,0x00,0xdf,0x84,0x5b,0xcf,0xc0,0x00,0x18,0xef,0xe9,0x1f,0xc0,0x07,0xc0,0x00,0x00,0x2f,
  0xa0,0x06,0xf5,0x00,0x00,0x9f,0x60,0x00,0xdf,0x84,0x5a,0xfc,0x00,0x00,0x18,0xdf,0xfd,0x70,0x00,0x0f,0xc0,0x00,0x00,0x00,
  0x00,0x0f,0xc0,0x00,0x00,0x00,0x00,0x0f,0xc0,0x00,0x00,0x00,0x00,0x0f,0xc3,0xbe,0xfc,0x40,0x00,0x0f,0xde,0x84,0x5d,0xf3,
  0x00,0x0f,0xf7,0x00,0x03,0xfa,0x00,0x0f,0xf0,0x00,0x00,0xfc,0x00,0x0f,0xd0,0x00,0x00,0xfc,0x00,0x0f,0xc0,0x00,0x00,0xfc,
  0x00,0x0f,0xc0,0x00,0x00,0xfc,0x00,0x0f,0xc0,0x00,0x00,0xfc,0x00,0x0f,0xc0,0x00,0x00,0xfc,0x00,0x0f,0xc0,0x00,0x00,0xfc,
  0x00,0x00,0x00,0x0c,0x90,0x0c,0x90,0x00,0x00,0x0f,0xc0,0x0f,0xc0,0x0f,0xc0,0x0f,0xc0,0x0f,0xc0,0x0f,0xc0,0x0f,0xc0,0x0f,
  0xc0,0x0f,0xc0,0x0f,0xc0,0x00,0x00,0x00,0x00,0xc9,0x00,0x00,0xc9,0x00,0x00,0x00,0x00,0x00,0xfc,0x00,0x00,0xfc,0x00,0x00,
  0xfc,0x00,0x00,0xfc,0x00,0x00,0xfc,0x00,0x00,0xfc,0x00,0x00,0xfc,0x00,0x00,0xfc,0x00,0x00,0xfc,0x00,0x00,0xfc,0x00,0x00,
  0xfc,0x00,0x00,0xfc,0x00,0x29,0xf9,0x00,0x7f,0xc1,0x00,0x0f,0xc0,0x00,0x00,0x00,0x0f,0xc0,0x00,0x00,0x00,0x0f,0xc0,0x00,
  0x00,0x00,0x0f,0xc0,0x00,0x1e,0xe2,0x0f,0xc0,0x01,0xde,0x20,0x0f,0xc0,0x0c,0xe2,0x00,0x0f,0xc0,0xce,0x20,0x00,0x0f,0xcb,
  0xf2,0x00,0x00,0x0f,0xff,0xf8,0x00,0x00,0x0f,0xe2,0xaf,0x70,0x00,0x0f,0xc0,0x0c,0xf5,0x00,0x0f,0xc0,0x01,0xdf,0x40,0x0f,
  0xc0,0x00,0x2e,0xf3,0x0f,0xc0,0x00,0x0f,0xc0,0x00,0x0f,0xc0,0x00,0x0f,0xc0,0x00,0x0f,0xc0,0x00,0x0f,0xc0,0x00,0x0f,0xc0,
  0x00,0x0f,0xc0,0x00,0x0f,0xc0,0x00,0x0f,0xc0,0x00,0x0f,0xc0,0x00,0x0f,0xe2,0x00,0x09,0xff,0x00,0x0f,0xc6,0xdf,0xd6,0x06,
  0xdf,0xd6,0x00,0x0f,0xed,0x54,0xcf,0x9d,0x54,0xcf,0x50,0x0f,0xf3,0x00,0x2f,0xf3,0x00,0x3f,0xa0,0x0f,0xe0,0x00,0x0f,0xe0,
  0x00,0x0f,0xc0,0x0f,0xd0,0x00,0x0f,0xd0,0x00,0x0f,0xc0,0x0f,0xc0,0x00,0x0f,0xc0,0x00,0x0f,0xc0,0x0f,0xc0,0x00,0x0f,0xc0,
  0x00,0x0f,0xc0,0x0f,0xc0,0x00,0x0f,0xc0,0x00,0x0f,0xc0,0x0f,0xc0,0x00,0x0f,0xc0,0x00,0x0f,0xc0,0x0f,0xc0,0x00,0x0f,0xc0,
  0x00,0x0f,0xc0,0x0f,0xc3,0xbe,0xfc,0x40,0x00,0x0f,0xde,0x84,0x5d,0xf3,0x00,0x0f,0xf7,0x00,0x03,0xfa,0x00,0x0f,0xf0,0x00,
  0x00,0xfc,0x00,0x0f,0xd0,0x00,0x00,0xfc,0x00,0x0f,0xc0,0x00,0x00,0xfc,0x00,0x0f,0xc0,0x00,0x00,0xfc,0x00,0x0f,0xc0,0x00,
  0x00,0xfc,0x00,0x0f,0xc0,0x00,0x00,0xfc,0x00,0x0f,0xc0,0x00,0x00,0xfc,0x00,0x00,0x07,0xcf,0xfd,0x70,0x00,0x00,0xbf,0x94,
  0x49,0xfb,0x00,0x06,0xf8,0x00,0x00,0x8f,0x60,0x0c,0xf0,0x00,0x00,0x0f,0xc0,0x0f,0xd0,0x00,0x00,0x0d,0xf0,0x0f,0xd0,0x00,
  0x00,0x0d,0xf0,0x0c,0xf0,0x00,0x00,0x0f,0xc0,0x07,0xf8,0x00,0x00,0x8f,0x60,0x00,0xbf,0x94,0x49,0xfb,0x00,0x00,0x07,0xdf,
  0xfd,0x70,0x00,0x0f,0xc2,0xbe,0xfd,0x70,0x00,0x0f,0xde,0x94,0x4a,0xfa,0x00,0x0f,0xf6,0x00,0x00,0xbf,0x40,0x0f,0xf0,0x00,
  0x00,0x3f,0x90,0x0f,0xc0,0x00,0x00,0x1f,0xc0,0x0f,0xc0,0x00,0x00,0x1f,0xb0,0x0f,0xf0,0x00,0x00,0x3f,0x90,0x0f,0xf6,0x00,
  0x00,0xbf,0x30,0x0f,0xef,0x94,0x5b,0xf7,0x00,0x0f,0xc5,0xcf,0xfb,0x40,0x00,0x0f,0xc0,0x00,0x00,0x00,0x00,0x0f,0xc0,0x00,
  0x00,0x00,0x00,0x0f,0xc0,0x00,0x00,0x00,0x00,0x0f,0xc0,0x00,0x00,0x00,0x00,0x00,0x06,0xcf,0xeb,0x3f,0xc0,0x00,0xaf,0x94,
  0x5b,0xef,0xc0,0x06,0xf8,0x00,0x00,0xaf,0xc0,0x0c,0xf0,0x00,0x00,0x2f,0xc0,0x0f,0xd0,0x00,0x00,0x0f,0xc0,0x0f,0xd0,0x00,
  0x00,0x0f,0xc0,0x0d,0xf0,0x00,0x00,0x3f,0xc0,0x08,0xf7,0x00,0x00,0xaf,0xc0,0x00,0xdf,0x84,0x5b,0xcf,0xc0,0x00,0x18,0xef,
  0xe9,0x1f,0xc0,0x00,0x00,0x00,0x00,0x0f,0xc0,0x00,0x00,0x00,0x00,0x0f,0xc0,0x00,0x00,0x00,0x00,0x0f,0xc0,0x00,0x00,0x00,
  0x00,0x0f,0xc0,0x0f,0xc5,0xeb,0x0f,0xee,0x73,0x0f,0xf4,0x00,0x0f,0xe0,0x00,0x0f,0xc0,0x00,0x0f,0xc0,0x00,0x0f,0xc0,0x00,
  0x0f,0xc0,0x00,0x0f,0xc0,0x00,0x0f,0xc0,0x00,0x00,0x9e,0xfd,0x50,0x00,0x0a,0xf6,0x4b,0xf4,0x00,0x0e,0xd0,0x01,0xfb,0x00,
  0x0d,0xf4,0x00,0x00,0x00,0x04,0xef,0xd7,0x10,0x00,0x00,0x16,0xcf,0xe3,0x00,0x01,0x00,0x03,0xfd,0x00,0x3f,0x90,0x00,0xdf,
  0x00,0x0c,0xf7,0x48,0xfa,0x00,0x01,0x9e,0xfd,0x80,0x00,0x00,0xcf,0x00,0x00,0x00,0xcf,0x00,0x00,0x0f,0xff,0xff,0x00,0x03,
  0xdf,0x33,0x00,0x00,0xcf,0x00,0x00,0x00,0xcf,0x00,0x00,0x00,0xcf,0x00,0x00,0x00,0xcf,0x00,0x00,0x00,0xcf,0x00,0x00,0x00,
  0xcf,0x00,0x00,0x00,0xbf,0x74,0x00,0x00,0x3d,0xff,0x00,0x0f,0xc0,0x00,0x00,0xfc,0x00,0x0f,0xc0,0x00,0x00,0xfc,0x00,0x0f,
  0xc0,0x00,0x00,0xfc,0x00,0x0f,0xc0,0x00,0x00,0xfc,0x00,0x0f,0xc0,0x00,0x00,0xfc,0x00,0x0f,0xc0,0x00,0x01,0xfc,0x00,0x0f,
  0xd0,0x00,0x04,0xfc,0x00,0x0e,0xf1,0x00,0x0a,0xfc,0x00,0x07,0xfc,0x54,0x9c,0xfc,0x00,0x00,0x6d,0xfe,0xa2,0xfc,0x00,0xcf,
  0x00,0x00,0x04,0xf7,0x6f,0x50,0x00,0x09,0xf1,0x1f,0xb0,0x00,0x0e,0xb0,0x0a,0xf1,0x00,0x4f,0x50,0x04,0xf6,0x00,0x9e,0x00,
  0x00,0xdb,0x00,0xe8,0x00,0x00,0x8f,0x14,0xf2,0x00,0x00,0x1f,0x7a,0xc0,0x00,0x00,0x0b,0xdf,0x60,0x00,0x00,0x05,0xff,0x00,
  0x00,0xdf,0x00,0x00,0xbf,0x90,0x00,0x1f,0xa0,0x8f,0x50,0x00,0xff,0xd0,0x00,0x5f,0x50,0x2f,0x90,0x03,0xf8,0xf2,0x00,0xaf,
  0x00,0x0d,0xd0,0x07,0xe1,0xf6,0x00,0xea,0x00,0x08,0xf2,0x0b,0xa0,0xda,0x03,0xf5,0x00,0x03,0xf6,0x0f,0x50,0x8e,0x07,0xf0,
  0x00,0x00,0xeb,0x4f,0x10,0x4f,0x3c,0xb0,0x00,0x00,0x9f,0x8d,0x00,0x0f,0x8f,0x60,0x00,0x00,0x4f,0xf9,0x00,0x0b,0xff,0x10,
  0x00,0x00,0x0e,0xf4,0x00,0x07,0xfc,0x00,0x00,0x0a,0xf4,0x00,0x04,0xf8,0x00,0xde,0x00,0x1e,0xc0,0x00,0x3f,0x90,0x9f,0x20,
  0x00,0x08,0xf8,0xf5,0x00,0x00,0x00,0xcf,0xa0,0x00,0x00,0x00,0xdf,0xc0,0x00,0x00,0x09,0xf6,0xf7,0x00,0x00,0x5f,0x60,0x9f,
  0x30,0x01,0xeb,0x00,0x0e,0xd0,0x0b,0xf2,0x00,0x04,0xf9,0x0e,0xe0,0x00,0x00,0x7f,0x50,0x08,0xf3,0x00,0x00,0xce,0x00,0x02,
  0xf9,0x00,0x01,0xf8,0x00,0x00,0xce,0x00,0x07,0xf2,0x00,0x00,0x6f,0x30,0x0c,0xc0,0x00,0x00,0x1f,0x90,0x2f,0x60,0x00,0x00,
  0x0a,0xe0,0x7f,0x10,0x00,0x00,0x04,0xf4,0xca,0x00,0x00,0x00,0x00,0xeb,0xf4,0x00,0x00,0x00,0x00,0x8f,0xe0,0x00,0x00,0x00,
  0x00,0x3f,0x80,0x00,0x00,0x00,0x00,0x7f,0x10,0x00,0x00,0x00,0x37,0xf7,0x00,0x00,0x00,0x00,0xfe,0x70,0x00,0x00,0x00,0x00,
  0xff,0xff,0xff,0xf0,0x00,0x33,0x33,0x6f,0xc0,0x00,0x00,0x00,0xdf,0x20,0x00,0x00,0x0b,0xf5,0x00,0x00,0x00,0x8f,0x90,0x00,
  0x00,0x05,0xfd,0x00,0x00,0x00,0x2f,0xf2,0x00,0x00,0x01,0xdf,0x60,0x00,0x00,0x0b,0xfc,0x33,0x33,0x30,0x0f,0xff,0xff,0xff,
  0xf0,0x00,0x00,0x00,0x00,0x6f,0x30,0x00,0xe6,0x00,0x00,0xf0,0x00,0x00,0xf0,0x00,0x00,0xf0,0x00,0x00,0xf0,0x00,0x00,0xf0,
  0x00,0x0b,0xa0,0x00,0x0d,0x80,0x00,0x01,0xf0,0x00,0x00,0xf0,0x00,0x00,0xf0,0x00,0x00,0xf0,0x00,0x00,0xf0,0x00,0x00,0xf3,
  0x00,0x00,0x9f,0x30,0x00,0x02,0x00,0x01,0x70,0x00,0x02,0xf0,0x00,0x02,0xf0,0x00,0x02,0xf0,0x00,0x02,0xf0,0x00,0x02,0xf0,
  0x00,0x02,0xf0,0x00,0x02,0xf0,0x00,0x02,0xf0,0x00,0x02,0xf0,0x00,0x02,0xf0,0x00,0x02,0xf0,0x00,0x02,0xf0,0x00,0x02,0xf0,
  0x00,0x02,0xf0,0x00,0x02,0xf0,0x00,0x02,0xf0,0x00,0x02,0xf0,0x00,0x02,0xf0,0x00,0x00,0x00,0x00,0x3f,0xd4,0x00,0x03,0x7e,
  0x00,0x00,0x1e,0x00,0x00,0x5a,0x00,0x00,0xa5,0x00,0x00,0xe1,0x00,0x00,0xf1,0x00,0x00,0x6c,0x30,0x00,0x3b,0x50,0x00,0xe2,
  0x00,0x00,0xe0,0x00,0x00,0xa4,0x00,0x00,0x69,0x00,0x00,0x1d,0x00,0x00,0x4e,0x00,0x3f,0xf7,0x00,0x02,0x00,0x00,0x00,0x00,
  0x00,0x00,0x00,0x05,0xef,0xc7,0x35,0xe0,0x0e,0x20,0x5c,0xff,0x70,0x01,0x00,0x00,0x00,0x00,0x00,0x00,0x00,0x00,0x00,0x00,
  0x00,0x00,0x00,0x00,0x00,0x00,0x00,0x00,0x00,
};
static const Glyph font_small_glyphs[] = {
  {0, 4, 0, 0, 0, 4},  // ' '
  {0, 4, 13, 0, -13, 4},  // '!'
  {26, 7, 13, 0, -13, 7},  // '"'
  {78, 10, 13, 0, -13, 10},  // '#'
  {143, 12, 17, 0, -15, 12},  // '$'
  {245, 15, 13, 0, -13, 15},  // '%'
  {349, 12, 13, 0, -13, 12},  // '&'
  {427, 4, 13, 0, -13, 4},  // "'"
  {453, 6, 16, 0, -15, 6},  // '('
  {501, 6, 16, 0, -15, 6},  // ')'
  {549, 11, 9, 0, -9, 11},  // '*'
  {603, 12, 10, 0, -10, 12},  // '+'
  {663, 5, 4, -1, -2, 4},  // ','
  {675, 6, 7, 0, -7, 6},  // '-'
  {696, 4, 3, 0, -3, 4},  // '.'
  {702, 7, 14, -1, -13, 6},  // '/'
  {758, 11, 13, 0, -13, 11},  // '0'
  {836, 11, 13, 0, -13, 11},  // '1'
  {914, 11, 13, 0, -13, 11},  // '2'
  {992, 11, 13, 0, -13, 11},  // '3'
  {1070, 11, 13, 0, -13, 11},  // '4'
  {1148, 11, 13, 0, -13, 11},  // '5'
  {1226, 11, 13, 0, -13, 11},  // '6'
  {1304, 11, 13, 0, -13, 11},  // '7'
  {1382, 11, 13, 0, -13, 11},  // '8'
  {1460, 11, 13, 0, -13, 11},  // '9'
  {1538, 4, 10, 0, -10, 4},  // ':'
  {1558, 5, 12, -1, -10, 4},  // ';'
  {1594, 11, 10, 0, -10, 11},  // '<'
  {1654, 12, 10, 0, -10, 12},  // '='
  {1714, 11, 10, 0, -10, 11},  // '>'
  {1774, 10, 13, 0, -13, 10},  // '?'
  {1839, 16, 16, 0, -13, 16},  // '@'
  {1967, 12, 13, 0, -13, 12},  // 'A'
  {2045, 12, 13, 0, -13, 12},  // 'B'
  {2123, 13, 13, 0, -13, 13},  // 'C'
  {2214, 14, 13, 0, -13, 14},  // 'D'
  {2305, 11, 13, 0, -13, 11},  // 'E'
  {2383, 11, 13, 0, -13, 11},  // 'F'
  {2461, 14, 13, 0, -13, 14},  // 'G'
  {2552, 14, 13, 0, -13, 14},  // 'H'
  {2643, 5, 13, 0, -13, 5},  // 'I'
  {2682, 10, 13, 0, -13, 10},  // 'J'
  {2747, 13, 13, 0, -13, 12},  // 'K'
  {2838, 11, 13, 0, -13, 11},  // 'L'
  {2916, 16, 13, 0, -13, 16},  // 'M'
  {3020, 14, 13, 0, -13, 14},  // 'N'
  {3111, 14, 13, 0, -13, 14},  // 'O'
  {3202, 12, 13, 0, -13, 12},  // 'P'
  {3280, 14, 14, 0, -13, 14},  // 'Q'
  {3378, 12, 13, 0, -13, 12},  // 'R'
  {3456, 12, 13, 0, -13, 12},  // 'S'
  {3534, 12, 13, 0, -13, 12},  // 'T'
  {3612, 13, 13, 0, -13, 13},  // 'U'
  {3703, 13, 13, 0, -13, 12},  // 'V'
  {3794, 18, 13, 0, -13, 18},  // 'W'
  {3911, 12, 13, 0, -13, 12},  // 'X'
  {3989, 12, 13, 0, -13, 11},  // 'Y'
  {4067, 12, 13, 0, -13, 12},  // 'Z'
  {4145, 6, 18, 0, -16, 6},  // '['
  {4199, 7, 14, -1, -13, 6},  // '\\'
  {4255, 6, 18, 0, -16, 6},  // ']'
  {4309, 11, 12, 0, -12, 11},  // '^'
  {4381, 10, 3, 0, -1, 10},  // '_'
  {4396, 6, 13, 0, -13, 6},  // '`'
  {4435, 10, 10, 0, -10, 10},  // 'a'
  {4485, 11, 13, 0, -13, 11},  // 'b'
  {4563, 10, 10, 0, -10, 10},  // 'c'
  {4613, 12, 13, 0, -13, 12},  // 'd'
  {4691, 11, 10, 0, -10, 11},  // 'e'
  {4751, 7, 14, 0, -14, 7},  // 'f'
  {4807, 12, 14, 0, -10, 12},  // 'g'
  {4891, 11, 13, 0, -13, 11},  // 'h'
  {4969, 4, 14, 0, -14, 4},  // 'i'
  {4997, 5, 18, -1, -14, 4},  // 'j'
  {5051, 10, 13, 0, -13, 10},  // 'k'
  {5116, 5, 13, 0, -13, 5},  // 'l'
  {5155, 16, 10, 0, -10, 16},  // 'm'
  {5235, 11, 10, 0, -10, 11},  // 'n'
  {5295, 12, 10, 0, -10, 12},  // 'o'
  {5355, 11, 14, 0, -10, 11},  // 'p'
  {5439, 12, 14, 0, -10, 12},  // 'q'
  {5523, 6, 10, 0, -10, 6},  // 'r'
  {5553, 9, 10, 0, -10, 9},  // 's'
  {5603, 7, 12, 0, -12, 7},  // 't'
  {5651, 11, 10, 0, -10, 11},  // 'u'
  {5711, 10, 10, 0, -10, 10},  // 'v'
  {5761, 15, 10, 0, -10, 15},  // 'w'
  {5841, 10, 10, -1, -10, 9},  // 'x'
  {5891, 11, 14, -1, -10, 10},  // 'y'
  {5975, 10, 10, 0, -10, 10},  // 'z'
  {6025, 5, 18, 0, -16, 5},  // '{'
  {6079, 5, 19, 0, -15, 5},  // '|'
  {6136, 6, 18, 0, -16, 6},  // '}'
  {6190, 10, 7, 0, -7, 10},  // '~'
};
static const Font FONT_SMALL = {font_small_bits, font_small_glyphs, 32, 126, 19, 27};

static const uint8_t font_body_bits[] = {
  0x07,0xff,0x00,0x07,0xff,0x00,0x07,0xff,0x00,0x07,0xff,0x00,0x07,0xff,0x00,0x07,0xff,0x00,0x07,0xff,0x00,0x07,0xff,0x00,
  0x07,0xff,0x00,0x07,0xff,0x00,0x07,0xff,0x00,0x07,0xff,0x00,0x07,0xff,0x00,0x00,0x00,0x00,0x00,0x00,0x00,0x08,0xf8,0x00,
  0x0f,0xff,0x00,0x08,0xf8,0x00,0x00,0xff,0x77,0xff,0x00,0x00,0xff,0x77,0xff,0x00,0x00,0xff,0x77,0xff,0x00,0x00,0xff,0x77,
  0xff,0x00,0x00,0xff,0x77,0xff,0x00,0x00,0xff,0x77,0xff,0x00,0x00,0x00,0x00,0x00,0x00,0x00,0x00,0x00,0x00,0x00,0x00,0x00,
  0x00,0x00,0x00,0x00,0x00,0x00,0x00,0x00,0x00,0x00,0x00,0x00,0x00,0x00,0x00,0x00,0x00,0x00,0x00,0x00,0x00,0x00,0x00,0x00,
  0x00,0x00,0x00,0x00,0x00,0x00,0x00,0x00,0x00,0x00,0x00,0x00,0x00,0x00,0x00,0x00,0x00,0x00,0x00,0x00,0x00,0x00,0x00,0x00,
  0x00,0x00,0x00,0x00,0x00,0x00,0x00,0x00,0x0e,0xa0,0x0f,0x80,0x00,0x00,0x00,0x00,0x1f,0x60,0x3f,0x50,0x00,0x00,0x00,0x00,
  0x5f,0x30,0x6f,0x20,0x00,0x00,0x00,0x00,0x8f,0x00,0x9e,0x00,0x00,0x00,0x00,0x00,0xbc,0x00,0xdb,0x00,0x00,0x00,0x02,0x22,
  0xfa,0x22,0xf9,0x22,0x00,0x00,0x0f,0xff,0xff,0xff,0xff,0xff,0x00,0x00,0x05,0x59,0xf6,0x5a,0xf5,0x55,0x00,0x00,0x00,0x09,
  0xf0,0x0a,0xd0,0x00,0x00,0x00,0x00,0x0c,0xb0,0x0d,0xa0,0x00,0x00,0x00,0x00,0x0f,0x80,0x1f,0x70,0x00,0x00,0x00,0xff,0xff,
  0xff,0xff,0xff,0xf0,0x00,0x00,0xbb,0xdf,0xbb,0xdf,0xbb,0xb0,0x00,0x00,0x00,0x9e,0x00,0xbd,0x00,0x00,0x00,0x00,0x00,0xdb,
  0x00,0xe9,0x00,0x00,0x00,0x00,0x01,0xf7,0x02,0xf6,0x00,0x00,0x00,0x00,0x04,0xf3,0x06,0xf2,0x00,0x00,0x00,0x00,0x08,0xf0,
  0x09,0xe0,0x00,0x00,0x00,0x00,0x00,0x00,0x08,0x60,0x00,0x00,0x00,0x00,0x00,0x00,0x0f,0xd0,0x00,0x00,0x00,0x00,0x00,0x02,
  0x6f,0xe6,0x10,0x00,0x00,0x00,0x01,0xbf,0xff,0xff,0xf5,0x00,0x00,0x00,0x1e,0xfd,0x6f,0xe9,0xff,0x20,0x00,0x00,0x9f,0xe0,
  0x0f,0xd0,0xaf,0xb0,0x00,0x00,0xef,0x80,0x0f,0xd0,0x5f,0xf0,0x00,0x00,0xff,0x70,0x0f,0xd0,0x18,0x81,0x00,0x00,0xef,0xb0,
  0x0f,0xd0,0x00,0x00,0x00,0x00,0x9f,0xf8,0x0f,0xd0,0x00,0x00,0x00,0x00,0x1e,0xff,0xef,0xe4,0x00,0x00,0x00,0x00,0x01,0xbf,
  0xff,0xff,0xc2,0x00,0x00,0x00,0x00,0x02,0x8f,0xff,0xff,0x30,0x00,0x00,0x00,0x00,0x0f,0xd5,0xff,0xd0,0x00,0x00,0x00,0x00,
  0x0f,0xd0,0x7f,0xf3,0x00,0x00,0x00,0x00,0x0f,0xd0,0x1f,0xf6,0x00,0x07,0xfe,0x00,0x0f,0xd0,0x0f,0xf6,0x00,0x04,0xff,0x40,
  0x0f,0xd0,0x2f,0xf3,0x00,0x00,0xdf,0xe3,0x0f,0xd0,0xaf,0xd0,0x00,0x00,0x2e,0xff,0xdf,0xfd,0xfe,0x20,0x00,0x00,0x01,0x8d,
  0xff,0xfe,0x91,0x00,0x00,0x00,0x00,0x00,0x0f,0xd0,0x00,0x00,0x00,0x00,0x00,0x00,0x0f,0xd0,0x00,0x00,0x00,0x00,0x4c,0xff,
  0xc4,0x00,0x00,0x00,0xcf,0x50,0x00,0x04,0xff,0xdd,0xff,0x40,0x00,0x07,0xfb,0x00,0x00,0x0c,0xfc,0x00,0xcf,0xc0,0x00,0x2f,
  0xf1,0x00,0x00,0x0f,0xf7,0x00,0x7f,0xf0,0x00,0xcf,0x60,0x00,0x00,0x0f,0xf7,0x00,0x7f,0xf0,0x06,0xfc,0x00,0x00,0x00,0x0c,
  0xfc,0x00,0xcf,0xc0,0x1f,0xf2,0x00,0x00,0x00,0x04,0xff,0xdd,0xff,0x40,0xbf,0x70,0x00,0x00,0x00,0x00,0x4c,0xff,0xc4,0x06,
  0xfc,0x00,0x00,0x00,0x00,0x00,0x00,0x00,0x00,0x1e,0xf3,0x00,0x00,0x00,0x00,0x00,0x00,0x00,0x00,0xaf,0x80,0x00,0x00,0x00,
  0x00,0x00,0x00,0x00,0x05,0xfd,0x00,0x8e,0xfe,0x80,0x00,0x00,0x00,0x00,0x1e,0xf3,0x0a,0xfe,0x9e,0xfa,0x00,0x00,0x00,0x00,
  0xaf,0x90,0x3f,0xf4,0x04,0xff,0x30,0x00,0x00,0x04,0xfe,0x00,0x6f,0xf0,0x00,0xff,0x60,0x00,0x00,0x0e,0xf4,0x00,0x6f,0xf0,
  0x00,0xff,0x60,0x00,0x00,0x9f,0xa0,0x00,0x3f,0xf5,0x05,0xff,0x30,0x00,0x03,0xfe,0x10,0x00,0x0b,0xff,0xcf,0xfb,0x00,0x00,
  0x0d,0xf5,0x00,0x00,0x00,0x8e,0xfe,0x80,0x00,0x00,0x00,0x04,0xae,0xff,0xed,0x00,0x00,0x00,0x00,0x00,0xbf,0xfe,0xbb,0xce,
  0x00,0x00,0x00,0x00,0x0b,0xfe,0x40,0x00,0x00,0x00,0x00,0x00,0x00,0x2f,0xf5,0x00,0x00,0x00,0x00,0x00,0x00,0x00,0x6f,0xf1,
  0x00,0x00,0x00,0x00,0x00,0x00,0x00,0x5f,0xf1,0x00,0x00,0x05,0xcc,0x00,0x00,0x00,0x1f,0xf5,0x00,0x00,0x07,0xff,0x00,0x00,
  0x00,0x06,0xfe,0x61,0x00,0x07,0xff,0x00,0x00,0x00,0x00,0x4b,0xff,0xff,0xff,0xff,0xff,0x80,0x00,0x00,0xaf,0xfe,0xcb,0xbd,
  0xff,0xbb,0x50,0x00,0x1d,0xfc,0x30,0x00,0x07,0xff,0x00,0x00,0x00,0x9f,0xd0,0x00,0x00,0x07,0xff,0x00,0x00,0x00,0xef,0x80,
  0x00,0x00,0x07,0xff,0x00,0x00,0x00,0xff,0x70,0x00,0x00,0x07,0xff,0x00,0x00,0x00,0xdf,0xb0,0x00,0x00,0x07,0xff,0x00,0x00,
  0x00,0x8f,0xf8,0x00,0x00,0x07,0xff,0x00,0x00,0x00,0x0a,0xff,0xfc,0xbb,0xcf,0xff,0x00,0x00,0x00,0x00,0x39,0xce,0xff,0xed,
  0xb8,0x00,0x00,0x0f,0xf7,0x00,0x0f,0xf7,0x00,0x0f,0xf7,0x00,0x0f,0xf7,0x00,0x0f,0xf7,0x00,0x0f,0xf7,0x00,0x00,0x00,0x00,
  0x00,0x00,0x00,0x00,0x00,0x00,0x00,0x00,0x00,0x00,0x00,0x00,0x00,0x00,0x00,0x00,0x00,0x00,0x00,0x00,0x00,0x00,0x00,0x00,
  0x00,0x00,0x00,0x00,0x00,0x00,0x00,0x00,0x00,0x00,0x00,0x00,0x00,0x00,0x00,0xe9,0x00,0x00,0x00,0x08,0xf2,0x00,0x00,0x00,
  0x1f,0x90,0x00,0x00,0x00,0x7f,0x30,0x00,0x00,0x00,0xdd,0x00,0x00,0x00,0x03,0xf8,0x00,0x00,0x00,0x06,0xf5,0x00,0x00,0x00,
  0x0a,0xf2,0x00,0x00,0x00,0x0d,0xf0,0x00,0x00,0x00,0x0e,0xf0,0x00,0x00,0x00,0x0f,0xe0,0x00,0x00,0x00,0x0f,0xd0,0x00,0x00,
  0x00,0x0e,0xf0,0x00,0x00,0x00,0x0d,0xf0,0x00,0x00,0x00,0x0a,0xf2,0x00,0x00,0x00,0x06,0xf5,0x00,0x00,0x00,0x03,0xf8,0x00,
  0x00,0x00,0x00,0xed,0x00,0x00,0x00,0x00,0x7f,0x30,0x00,0x00,0x00,0x1f,0x90,0x00,0x00,0x00,0x08,0xf2,0x00,0x00,0x00,0x00,
  0xe9,0x00,0x0c,0xb0,0x00,0x00,0x00,0x04,0xf5,0x00,0x00,0x00,0x00,0xce,0x00,0x00,0x00,0x00,0x6f,0x50,0x00,0x00,0x00,0x1f,
  0xb0,0x00,0x00,0x00,0x0b,0xf0,0x00,0x00,0x00,0x08,0xf4,0x00,0x00,0x00,0x05,0xf7,0x00,0x00,0x00,0x02,0xfa,0x00,0x00,0x00,
  0x01,0xfb,0x00,0x00,0x00,0x00,0xfc,0x00,0x00,0x00,0x00,0xfc,0x00,0x00,0x00,0x01,0xfb,0x00,0x00,0x00,0x02,0xfa,0x00,0x00,
  0x00,0x05,0xf7,0x00,0x00,0x00,0x08,0xf4,0x00,0x00,0x00,0x0b,0xf0,0x00,0x00,0x00,0x1f,0xb0,0x00,0x00,0x00,0x6f,0x50,0x00,
  0x00,0x00,0xce,0x00,0x00,0x00,0x04,0xf5,0x00,0x00,0x00,0x0c,0xc0,0x00,0x00,0x00,0x00,0x00,0x00,0x2f,0x00,0x00,0x00,0x00,
  0x00,0x00,0x00,0x2f,0x00,0x00,0x00,0x00,0x00,0x00,0x00,0x2f,0x00,0x00,0x00,0x00,0x00,0x3b,0x50,0x2f,0x00,0x6c,0x00,0x00,
  0x00,0x5d,0xfe,0xaf,0x9f,0xfc,0x20,0x00,0x00,0x00,0x15,0xcf,0xb4,0x00,0x00,0x00,0x00,0x00,0x03,0xf9,0xe1,0x00,0x00,0x00,
  0x00,0x00,0x1e,0x90,0xcc,0x00,0x00,0x00,0x00,0x00,0xce,0x00,0x2f,0xa0,0x00,0x00,0x00,0x01,0xc5,0x00,0x08,0xa0,0x00,0x00,
  0x00,0x00,0x00,0x00,0x00,0x00,0x00,0x00,0x00,0x00,0x00,0x00,0x00,0x00,0x00,0x00,0x00,0x00,0x00,0xdf,0x00,0x00,0x00,0x00,
  0x00,0x00,0x00,0xdf,0x00,0x00,0x00,0x00,0x00,0x00,0x00,0xdf,0x00,0x00,0x00,0x00,0x00,0x00,0x00,0xdf,0x00,0x00,0x00,0x00,
  0x00,0x00,0x00,0xdf,0x00,0x00,0x00,0x00,0x00,0xbb,0xbb,0xff,0xbb,0xbb,0xb0,0x00,0x00,0xff,0xff,0xff,0xff,0xff,0xf0,0x00,
  0x00,0x00,0x00,0xdf,0x00,0x00,0x00,0x00,0x00,0x00,0x00,0xdf,0x00,0x00,0x00,0x00,0x00,0x00,0x00,0xdf,0x00,0x00,0x00,0x00,
  0x00,0x00,0x00,0xdf,0x00,0x00,0x00,0x00,0x00,0x00,0x00,0xdf,0x00,0x00,0x00,0x00,0x00,0x00,0x00,0x00,0x00,0x00,0x00,0x00,
  0x00,0x00,0x00,0x00,0x00,0x00,0x00,0x00,0x00,0x9f,0xe0,0x00,0x00,0xef,0x70,0x00,0x04,0xff,0x10,0x00,0x09,0xfa,0x00,0x00,
  0x0e,0xf4,0x00,0x00,0x4f,0xd0,0x00,0x00,0x0b,0xbb,0xbb,0x00,0x0f,0xff,0xff,0x00,0x00,0x00,0x00,0x00,0x00,0x00,0x00,0x00,
  0x00,0x00,0x00,0x00,0x00,0x00,0x00,0x00,0x00,0x00,0x00,0x00,0x00,0x00,0x00,0x00,0x00,0x00,0x00,0x00,0x08,0xf8,0x00,0x0f,
  0xff,0x00,0x08,0xf8,0x00,0x00,0x00,0x00,0x0c,0xd0,0x00,0x00,0x00,0x1f,0x80,0x00,0x00,0x00,0x7f,0x20,0x00,0x00,0x00,0xcd,
  0x00,0x00,0x00,0x01,0xf8,0x00,0x00,0x00,0x07,0xf2,0x00,0x00,0x00,0x0c,0xd0,0x00,0x00,0x00,0x1f,0x80,0x00,0x00,0x00,0x7f,
  0x20,0x00,0x00,0x00,0xcd,0x00,0x00,0x00,0x01,0xf7,0x00,0x00,0x00,0x07,0xf2,0x00,0x00,0x00,0x0c,0xd0,0x00,0x00,0x00,0x1f,
  0x70,0x00,0x00,0x00,0x7f,0x20,0x00,0x00,0x00,0xcd,0x00,0x00,0x00,0x02,0xf7,0x00,0x00,0x00,0x07,0xf2,0x00,0x00,0x00,0x0c,
  0xd0,0x00,0x00,0x00,0x07,0x40,0x00,0x00,0x00,0x00,0x00,0x5b,0xef,0xeb,0x50,0x00,0x00,0x00,0x0a,0xff,0xdb,0xdf,0xfa,0x00,
  0x00,0x00,0x8f,0xf5,0x00,0x05,0xff,0x80,0x00,0x01,0xff,0x80,0x00,0x00,0x8f,0xf1,0x00,0x06,0xff,0x10,0x00,0x00,0x1f,0xf6,
  0x00,0x0a,0xfc,0x00,0x00,0x00,0x0c,0xfa,0x00,0x0d,0xf9,0x00,0x00,0x00,0x09,0xfd,0x00,0x0e,0xf7,0x00,0x00,0x00,0x07,0xfe,
  0x00,0x0f,0xf7,0x00,0x00,0x00,0x07,0xff,0x00,0x0f,0xf7,0x00,0x00,0x00,0x07,0xff,0x00,0x0e,0xf7,0x00,0x00,0x00,0x07,0xfe,
  0x00,0x0d,0xf9,0x00,0x00,0x00,0x09,0xfd,0x00,0x0a,0xfc,0x00,0x00,0x00,0x0c,0xfa,0x00,0x06,0xff,0x10,0x00,0x00,0x1f,0xf6,
  0x00,0x01,0xff,0x80,0x00,0x00,0x8f,0xf1,0x00,0x00,0x8f,0xf5,0x00,0x05,0xff,0x80,0x00,0x00,0x0a,0xff,0xdb,0xdf,0xfa,0x00,
  0x00,0x00,0x00,0x5b,0xef,0xeb,0x50,0x00,0x00,0x00,0x00,0x00,0x2a,0xef,0x70,0x00,0x00,0x00,0x00,0x08,0xff,0xff,0x70,0x00,
  0x00,0x00,0x05,0xef,0xfa,0xff,0x70,0x00,0x00,0x00,0x0f,0xfd,0x40,0xff,0x70,0x00,0x00,0x00,0x0f,0x70,0x00,0xff,0x70,0x00,
  0x00,0x00,0x01,0x00,0x00,0xff,0x70,0x00,0x00,0x00,0x00,0x00,0x00,0xff,0x70,0x00,0x00,0x00,0x00,0x00,0x00,0xff,0x70,0x00,
  0x00,0x00,0x00,0x00,0x00,0xff,0x70,0x00,0x00,0x00,0x00,0x00,0x00,0xff,0x70,0x00,0x00,0x00,0x00,0x00,0x00,0xff,0x70,0x00,
  0x00,0x00,0x00,0x00,0x00,0xff,0x70,0x00,0x00,0x00,0x00,0x00,0x00,0xff,0x70,0x00,0x00,0x00,0x00,0x00,0x00,0xff,0x70,0x00,
  0x00,0x00,0x00,0x00,0x00,0xff,0x70,0x00,0x00,0x00,0x00,0x00,0x00,0xff,0x70,0x00,0x00,0x00,0x00,0x00,0x00,0xff,0x70,0x00,
  0x00,0x00,0x00,0x00,0x00,0xff,0x70,0x00,0x00,0x00,0x00,0x05,0xbe,0xfe,0xb5,0x00,0x00,0x00,0x00,0xaf,0xfd,0xce,0xff,0xa0,
  0x00,0x00,0x08,0xfe,0x30,0x00,0x8f,0xf6,0x00,0x00,0x1f,0xf5,0x00,0x00,0x0c,0xfc,0x00,0x00,0x5f,0xe0,0x00,0x00,0x08,0xff,
  0x00,0x00,0x7e,0xa0,0x00,0x00,0x07,0xfe,0x00,0x00,0x00,0x00,0x00,0x00,0x0b,0xfb,0x00,0x00,0x00,0x00,0x00,0x00,0x3f,0xf4,
  0x00,0x00,0x00,0x00,0x00,0x01,0xef,0xb0,0x00,0x00,0x00,0x00,0x00,0x0c,0xfd,0x10,0x00,0x00,0x00,0x00,0x00,0xcf,0xe2,0x00,
  0x00,0x00,0x00,0x00,0x0b,0xfe,0x20,0x00,0x00,0x00,0x00,0x00,0xbf,0xe2,0x00,0x00,0x00,0x00,0x00,0x0b,0xfe,0x20,0x00,0x00,
  0x00,0x00,0x00,0xbf,0xe2,0x00,0x00,0x00,0x00,0x00,0x0b,0xfe,0x20,0x00,0x00,0x00,0x00,0x00,0xaf,0xfd,0xbb,0xbb,0xbb,0xbb,
  0x00,0x00,0xff,0xff,0xff,0xff,0xff,0xff,0x00,0x00,0x00,0x3a,0xdf,0xfd,0x92,0x00,0x00,0x00,0x08,0xff,0xec,0xdf,0xff,0x40,
  0x00,0x00,0x6f,0xf6,0x00,0x02,0xdf,0xe0,0x00,0x00,0xef,0x70,0x00,0x00,0x4f,0xf5,0x00,0x03,0xff,0x10,0x00,0x00,0x0f,0xf6,
  0x00,0x01,0x54,0x00,0x00,0x00,0x2f,0xf3,0x00,0x00,0x00,0x00,0x00,0x00,0x9f,0xc0,0x00,0x00,0x00,0x00,0x01,0x4b,0xfd,0x10,
  0x00,0x00,0x00,0x00,0x8f,0xff,0xc1,0x00,0x00,0x00,0x00,0x00,0x5b,0xdf,0xff,0x50,0x00,0x00,0x00,0x00,0x00,0x01,0x9f,0xf4,
  0x00,0x00,0x00,0x00,0x00,0x00,0x0c,0xfc,0x00,0x08,0x82,0x00,0x00,0x00,0x07,0xff,0x00,0x0d,0xf7,0x00,0x00,0x00,0x08,0xfe,
  0x00,0x09,0xfd,0x00,0x00,0x00,0x0d,0xfa,0x00,0x02,0xff,0xc3,0x00,0x02,0xbf,0xf2,0x00,0x00,0x5f,0xff,0xec,0xef,0xfe,0x30,
  0x00,0x00,0x02,0x8d,0xff,0xeb,0x60,0x00,0x00,0x00,0x00,0x00,0x00,0x0c,0xff,0x00,0x00,0x00,0x00,0x00,0x00,0x7f,0xff,0x00,
  0x00,0x00,0x00,0x00,0x02,0xff,0xff,0x00,0x00,0x00,0x00,0x00,0x0c,0xfc,0xff,0x00,0x00,0x00,0x00,0x00,0x7f,0xc7,0xff,0x00,
  0x00,0x00,0x00,0x02,0xff,0x27,0xff,0x00,0x00,0x00,0x00,0x0d,0xf7,0x07,0xff,0x00,0x00,0x00,0x00,0x8f,0xc0,0x07,0xff,0x00,
  0x00,0x00,0x03,0xff,0x20,0x07,0xff,0x00,0x00,0x00,0x0d,0xf6,0x00,0x07,0xff,0x00,0x00,0x00,0x8f,0xb0,0x00,0x07,0xff,0x00,
  0x00,0x03,0xff,0x10,0x00,0x07,0xff,0x00,0x00,0x0d,0xff,0xff,0xff,0xff,0xff,0xff,0x00,0x0b,0xbb,0xbb,0xbb,0xbd,0xff,0xbb,
  0x00,0x00,0x00,0x00,0x00,0x07,0xff,0x00,0x00,0x00,0x00,0x00,0x00,0x07,0xff,0x00,0x00,0x00,0x00,0x00,0x00,0x07,0xff,0x00,
  0x00,0x00,0x00,0x00,0x00,0x07,0xff,0x00,0x00,0x00,0x8f,0xff,0xff,0xff,0xff,0xb0,0x00,0x00,0xaf,0xcb,0xbb,0xbb,0xbb,0x70,
  0x00,0x00,0xcf,0x40,0x00,0x00,0x00,0x00,0x00,0x00,0xef,0x20,0x00,0x00,0x00,0x00,0x00,0x00,0xff,0x00,0x00,0x00,0x00,0x00,
  0x00,0x02,0xfe,0x00,0x00,0x00,0x00,0x00,0x00,0x04,0xfb,0x29,0xef,0xeb,0x50,0x00,0x00,0x05,0xfc,0xef,0xcb,0xef,0xfa,0x00,
  0x00,0x07,0xff,0xb1,0x00,0x07,0xff,0x80,0x00,0x09,0xfd,0x00,0x00,0x00,0x9f,0xf0,0x00,0x02,0x31,0x00,0x00,0x00,0x3f,0xf4,
  0x00,0x00,0x00,0x00,0x00,0x00,0x0f,0xf6,0x00,0x04,0x51,0x00,0x00,0x00,0x0f,0xf6,0x00,0x0d,0xf7,0x00,0x00,0x00,0x3f,0xf3,
  0x00,0x09,0xfd,0x00,0x00,0x00,0xaf,0xe0,0x00,0x03,0xff,0xb1,0x00,0x08,0xff,0x40,0x00,0x00,0x6f,0xff,0xdc,0xff,0xf5,0x00,
  0x00,0x00,0x03,0xad,0xff,0xd8,0x10,0x00,0x00,0x00,0x00,0x18,0xdf,0xfc,0x60,0x00,0x00,0x00,0x03,0xef,0xdb,0xdf,0xfb,0x00,
  0x00,0x00,0x2e,0xf5,0x00,0x05,0xff,0x80,0x00,0x00,0xbf,0x70,0x00,0x00,0x8f,0xf0,0x00,0x02,0xff,0x00,0x00,0x00,0x3f,0xf2,
  0x00,0x07,0xfb,0x00,0x00,0x00,0x00,0x00,0x00,0x0b,0xf9,0x08,0xdf,0xeb,0x50,0x00,0x00,0x0d,0xf7,0xcf,0xcb,0xef,0xfa,0x00,
  0x00,0x0e,0xfd,0xc2,0x00,0x07,0xff,0x80,0x00,0x0f,0xff,0x10,0x00,0x00,0xaf,0xf0,0x00,0x0f,0xfa,0x00,0x00,0x00,0x3f,0xf4,
  0x00,0x0e,0xf7,0x00,0x00,0x00,0x1f,0xf6,0x00,0x0c,0xf7,0x00,0x00,0x00,0x0f,0xf6,0x00,0x09,0xfa,0x00,0x00,0x00,0x3f,0xf3,
  0x00,0x03,0xff,0x10,0x00,0x00,0xaf,0xe0,0x00,0x00,0xbf,0xc2,0x00,0x08,0xff,0x50,0x00,0x00,0x1d,0xff,0xcb,0xef,0xf6,0x00,
  0x00,0x00,0x00,0x7c,0xff,0xd9,0x20,0x00,0x00,0x0f,0xff,0xff,0xff,0xff,0xff,0xff,0x00,0x0b,0xbb,0xbb,0xbb,0xbb,0xbf,0xfb,
  0x00,0x00,0x00,0x00,0x00,0x00,0x3f,0xf2,0x00,0x00,0x00,0x00,0x00,0x00,0xcf,0xa0,0x00,0x00,0x00,0x00,0x00,0x04,0xff,0x20,
  0x00,0x00,0x00,0x00,0x00,0x0d,0xf9,0x00,0x00,0x00,0x00,0x00,0x00,0x6f,0xf1,0x00,0x00,0x00,0x00,0x00,0x00,0xef,0x70,0x00,
  0x00,0x00,0x00,0x00,0x07,0xfe,0x00,0x00,0x00,0x00,0x00,0x00,0x1f,0xf6,0x00,0x00,0x00,0x00,0x00,0x00,0x8f,0xd0,0x00,0x00,
  0x00,0x00,0x00,0x01,0xff,0x50,0x00,0x00,0x00,0x00,0x00,0x0a,0xfc,0x00,0x00,0x00,0x00,0x00,0x00,0x2f,0xf4,0x00,0x00,0x00,
  0x00,0x00,0x00,0xbf,0xb0,0x00,0x00,0x00,0x00,0x00,0x04,0xff,0x30,0x00,0x00,0x00,0x00,0x00,0x0c,0xfa,0x00,0x00,0x00,0x00,
  0x00,0x00,0x5f,0xf2,0x00,0x00,0x00,0x00,0x00,0x00,0x01,0x7c,0xef,0xec,0x70,0x00,0x00,0x00,0x3e,0xff,0xdb,0xdf,0xfe,0x20,
  0x00,0x00,0xef,0xd2,0x00,0x02,0xdf,0xd0,0x00,0x05,0xff,0x30,0x00,0x00,0x3f,0xf4,0x00,0x06,0xff,0x00,0x00,0x00,0x0f,0xf6,
  0x00,0x03,0xff,0x30,0x00,0x00,0x3f,0xf4,0x00,0x00,0xbf,0xd2,0x00,0x02,0xdf,0xe0,0x00,0x00,0x08,0xff,0xdb,0xdf,0xfe,0x30,
  0x00,0x00,0x08,0xff,0xff,0xff,0xd1,0x00,0x00,0x00,0xcf,0xe6,0x10,0x15,0xef,0x40,0x00,0x07,0xff,0x20,0x00,0x00,0x2f,0xf3,
  0x00,0x0d,0xf9,0x00,0x00,0x00,0x0a,0xfc,0x00,0x0f,0xf7,0x00,0x00,0x00,0x07,0xff,0x00,0x0e,0xf8,0x00,0x00,0x00,0x08,0xfe,
  0x00,0x0a,0xfe,0x00,0x00,0x00,0x0d,0xfb,0x00,0x03,0xff,0xb1,0x00,0x01,0xbf,0xf4,0x00,0x00,0x5f,0xff,0xcb,0xdf,0xff,0x50,
  0x00,0x00,0x01,0x8c,0xff,0xfc,0x71,0x00,0x00,0x00,0x00,0x7c,0xff,0xd9,0x20,0x00,0x00,0x00,0x2d,0xff,0xcb,0xef,0xf5,0x00,
  0x00,0x00,0xdf,0xc2,0x00,0x07,0xff,0x20,0x00,0x07,0xff,0x10,0x00,0x00,0x9f,0xa0,0x00,0x0d,0xf9,0x00,0x00,0x00,0x2f,0xf0,
  0x00,0x0f,0xf7,0x00,0x00,0x00,0x0f,0xf3,0x00,0x0f,0xf8,0x00,0x00,0x00,0x0f,0xf5,0x00,0x0d,0xfb,0x00,0x00,0x00,0x4f,0xf6,
  0x00,0x08,0xff,0x30,0x00,0x00,0xcf,0xf6,0x00,0x01,0xef,0xe5,0x10,0x3b,0xbf,0xf5,0x00,0x00,0x2d,0xff,0xff,0xfe,0x2f,0xf4,
  0x00,0x00,0x00,0x59,0xaa,0x60,0x2f,0xf2,0x00,0x02,0x21,0x00,0x00,0x00,0x5f,0xe0,0x00,0x0b,0xfb,0x00,0x00,0x00,0x9f,0x90,
  0x00,0x07,0xff,0x10,0x00,0x01,0xff,0x20,0x00,0x01,0xff,0xb1,0x00,0x1c,0xf8,0x00,0x00,0x00,0x4f,0xff,0xcc,0xff,0x80,0x00,
  0x00,0x00,0x02,0x9e,0xfe,0xa4,0x00,0x00,0x00,0x08,0xf8,0x00,0x0f,0xff,0x00,0x08,0xf8,0x00,0x00,0x00,0x00,0x00,0x00,0x00,
  0x00,0x00,0x00,0x00,0x00,0x00,0x00,0x00,0x00,0x00,0x00,0x00,0x00,0x00,0x00,0x00,0x00,0x00,0x08,0xf8,0x00,0x0f,0xff,0x00,
  0x08,0xf8,0x00,0x00,0x8f,0x80,0x00,0xff,0xf0,0x00,0x8f,0x80,0x00,0x00,0x00,0x00,0x00,0x00,0x00,0x00,0x00,0x00,0x00,0x00,
  0x00,0x00,0x00,0x00,0x00,0x00,0x00,0x00,0x00,0x00,0x00,0x00,0x00,0xef,0x50,0x04,0xff,0x00,0x09,0xf9,0x00,0x0e,0xf4,0x00,
  0x4f,0xe0,0x00,0x9f,0x80,0x00,0x00,0x00,0x00,0x00,0x00,0x00,0x66,0x00,0x00,0x00,0x00,0x00,0x00,0x6d,0xf7,0x00,0x00,0x00,
  0x00,0x00,0x6e,0xfd,0x50,0x00,0x00,0x00,0x00,0x6e,0xfc,0x50,0x00,0x00,0x00,0x00,0x7e,0xfb,0x40,0x00,0x00,0x00,0x00,0x0e,
  0xfb,0x30,0x00,0x00,0x00,0x00,0x00,0x0f,0xe6,0x00,0x00,0x00,0x00,0x00,0x00,0x04,0xcf,0xe6,0x00,0x00,0x00,0x00,0x00,0x00,
  0x04,0xcf,0xe7,0x00,0x00,0x00,0x00,0x00,0x00,0x04,0xcf,0xf8,0x10,0x00,0x00,0x00,0x00,0x00,0x04,0xcf,0xf5,0x00,0x00,0x00,
  0x00,0x00,0x00,0x03,0xb7,0x00,0x00,0x00,0x00,0x00,0x00,0x00,0x00,0x00,0x00,0xbb,0xbb,0xbb,0xbb,0xbb,0xb0,0x00,0x00,0xff,
  0xff,0xff,0xff,0xff,0xf0,0x00,0x00,0x00,0x00,0x00,0x00,0x00,0x00,0x00,0x00,0x00,0x00,0x00,0x00,0x00,0x00,0x00,0x00,0x00,
  0x00,0x00,0x00,0x00,0x00,0x00,0x00,0xbb,0xbb,0xbb,0xbb,0xbb,0xb0,0x00,0x00,0xff,0xff,0xff,0xff,0xff,0xf0,0x00,0x00,0x00,
  0x00,0x00,0x00,0x00,0x00,0x00,0x00,0x00,0x00,0x00,0x00,0x00,0x00,0x00,0x00,0x00,0x00,0x00,0x00,0x00,0x00,0x00,0x00,0x00,
  0x00,0x00,0x00,0x00,0x00,0x00,0x00,0x00,0x00,0x00,0x00,0x00,0x00,0x00,0x00,0xa2,0x00,0x00,0x00,0x00,0x00,0x00,0x00,0xff,
  0xa2,0x00,0x00,0x00,0x00,0x00,0x00,0x2a,0xff,0xa2,0x00,0x00,0x00,0x00,0x00,0x00,0x29,0xff,0xa2,0x00,0x00,0x00,0x00,0x00,
  0x00,0x18,0xff,0xb3,0x00,0x00,0x00,0x00,0x00,0x00,0x18,0xef,0x60,0x00,0x00,0x00,0x00,0x00,0x01,0xaf,0x80,0x00,0x00,0x00,
  0x00,0x02,0x9f,0xf8,0x10,0x00,0x00,0x00,0x03,0xaf,0xf8,0x10,0x00,0x00,0x00,0x03,0xbf,0xf8,0x10,0x00,0x00,0x00,0x00,0xcf,
  0xf8,0x10,0x00,0x00,0x00,0x00,0x00,0xe7,0x00,0x00,0x00,0x00,0x00,0x00,0x00,0x00,0x00,0x00,0x00,0x00,0x00,0x00,0x00,0x03,
  0xae,0xff,0xc6,0x00,0x00,0x00,0x6f,0xfe,0xcd,0xff,0xb0,0x00,0x04,0xff,0x90,0x00,0x5f,0xf7,0x00,0x0b,0xfd,0x00,0x00,0x0a,
  0xfd,0x00,0x0e,0xf8,0x00,0x00,0x07,0xff,0x00,0x05,0x52,0x00,0x00,0x08,0xfe,0x00,0x00,0x00,0x00,0x00,0x0d,0xf9,0x00,0x00,
  0x00,0x00,0x00,0x6f,0xf2,0x00,0x00,0x00,0x00,0x02,0xff,0x80,0x00,0x00,0x00,0x00,0x0c,0xfb,0x00,0x00,0x00,0x00,0x00,0x8f,
  0xc0,0x00,0x00,0x00,0x00,0x01,0xff,0x10,0x00,0x00,0x00,0x00,0x05,0xfa,0x00,0x00,0x00,0x00,0x00,0x02,0x52,0x00,0x00,0x00,
  0x00,0x00,0x00,0x00,0x00,0x00,0x00,0x00,0x00,0x08,0xf8,0x00,0x00,0x00,0x00,0x00,0x0f,0xff,0x00,0x00,0x00,0x00,0x00,0x08,
  0xf8,0x00,0x00,0x00,0x00,0x00,0x00,0x01,0x7b,0xef,0xed,0x82,0x00,0x00,0x00,0x00,0x00,0x01,0x9f,0xff,0xdb,0xcf,0xff,0x90,
  0x00,0x00,0x00,0x00,0x3e,0xfc,0x50,0x00,0x00,0x5d,0xfb,0x00,0x00,0x00,0x03,0xff,0x60,0x00,0x00,0x00,0x01,0xcf,0x80,0x00,
  0x00,0x1e,0xf4,0x00,0x00,0x00,0x00,0x00,0x1e,0xf1,0x00,0x00,0x9f,0x70,0x00,0x4b,0xfe,0xa2,0x86,0x07,0xf8,0x00,0x01,0xfd,
  0x00,0x07,0xff,0xdc,0xfc,0xf9,0x02,0xfc,0x00,0x07,0xf7,0x00,0x4f,0xf7,0x00,0x3f,0xf5,0x00,0xfe,0x00,0x0b,0xf2,0x00,0xdf,
  0xb0,0x00,0x0e,0xf1,0x00,0xdf,0x00,0x0d,0xf0,0x03,0xff,0x40,0x00,0x0f,0xe0,0x00,0xef,0x00,0x0f,0xe0,0x05,0xff,0x10,0x00,
  0x3f,0xa0,0x00,0xfd,0x00,0x0f,0xe0,0x06,0xff,0x00,0x00,0x8f,0x60,0x04,0xf9,0x00,0x0e,0xf0,0x05,0xff,0x20,0x01,0xef,0x30,
  0x0b,0xf2,0x00,0x0b,0xf3,0x00,0xff,0xb3,0x5d,0xef,0x83,0xaf,0x70,0x00,0x07,0xf9,0x00,0x4e,0xff,0xf6,0x6f,0xff,0xe6,0x00,
  0x00,0x01,0xff,0x20,0x00,0x34,0x10,0x01,0x43,0x00,0x00,0x00,0x00,0x6f,0xd2,0x00,0x00,0x00,0x00,0x03,0x30,0x00,0x00,0x00,
  0x08,0xff,0x71,0x00,0x00,0x05,0xbf,0x90,0x00,0x00,0x00,0x00,0x6e,0xff,0xdb,0xbd,0xff,0xd5,0x00,0x00,0x00,0x00,0x00,0x00,
  0x7b,0xef,0xfd,0x95,0x00,0x00,0x00,0x00,0x00,0x00,0x00,0x0f,0xff,0x60,0x00,0x00,0x00,0x00,0x00,0x00,0x5f,0xff,0xb0,0x00,
  0x00,0x00,0x00,0x00,0x00,0xbf,0x8f,0xf1,0x00,0x00,0x00,0x00,0x00,0x01,0xff,0x1c,0xf6,0x00,0x00,0x00,0x00,0x00,0x06,0xfb,
  0x07,0xfc,0x00,0x00,0x00,0x00,0x00,0x0c,0xf6,0x02,0xff,0x10,0x00,0x00,0x00,0x00,0x2f,0xf1,0x00,0xdf,0x70,0x00,0x00,0x00,
  0x00,0x7f,0xb0,0x00,0x8f,0xc0,0x00,0x00,0x00,0x00,0xdf,0x60,0x00,0x3f,0xf2,0x00,0x00,0x00,0x03,0xff,0x10,0x00,0x0e,0xf7,
  0x00,0x00,0x00,0x09,0xff,0xff,0xff,0xff,0xfd,0x00,0x00,0x00,0x0e,0xfd,0xcc,0xcc,0xcd,0xff,0x20,0x00,0x00,0x4f,0xf0,0x00,
  0x00,0x00,0xef,0x80,0x00,0x00,0xaf,0xa0,0x00,0x00,0x00,0x8f,0xd0,0x00,0x00,0xff,0x50,0x00,0x00,0x00,0x3f,0xf3,0x00,0x05,
  0xff,0x00,0x00,0x00,0x00,0x0d,0xf8,0x00,0x0b,0xfa,0x00,0x00,0x00,0x00,0x08,0xfe,0x00,0x1f,0xf4,0x00,0x00,0x00,0x00,0x03,
  0xff,0x30,0x00,0x0f,0xff,0xff,0xff,0xeb,0x50,0x00,0x00,0x0f,0xfd,0xbb,0xbb,0xef,0xfc,0x00,0x00,0x0f,0xf7,0x00,0x00,0x06,
  0xff,0x90,0x00,0x0f,0xf7,0x00,0x00,0x00,0xaf,0xe0,0x00,0x0f,0xf7,0x00,0x00,0x00,0x7f,0xf0,0x00,0x0f,0xf7,0x00,0x00,0x00,
  0x8f,0xd0,0x00,0x0f,0xf7,0x00,0x00,0x00,0xdf,0x70,0x00,0x0f,0xf7,0x00,0x01,0x3b,0xf9,0x00,0x00,0x0f,0xff,0xff,0xff,0xff,
  0x91,0x00,0x00,0x0f,0xfd,0xbb,0xbb,0xdf,0xfe,0x40,0x00,0x0f,0xf7,0x00,0x00,0x03,0xef,0xe0,0x00,0x0f,0xf7,0x00,0x00,0x00,
  0x5f,0xf4,0x00,0x0f,0xf7,0x00,0x00,0x00,0x1f,0xf6,0x00,0x0f,0xf7,0x00,0x00,0x00,0x1f,0xf5,0x00,0x0f,0xf7,0x00,0x00,0x00,
  0x4f,0xf2,0x00,0x0f,0xf7,0x00,0x00,0x03,0xef,0xb0,0x00,0x0f,0xfd,0xbb,0xbb,0xdf,0xfb,0x10,0x00,0x0f,0xff,0xff,0xff,0xeb,
  0x50,0x00,0x00,0x00,0x01,0x7c,0xef,0xec,0x82,0x00,0x00,0x00,0x00,0x7f,0xff,0xcb,0xcf,0xff,0x60,0x00,0x00,0x09,0xff,0x70,
  0x00,0x01,0x9f,0xf6,0x00,0x00,0x6f,0xf4,0x00,0x00,0x00,0x09,0xff,0x10,0x00,0xef,0x90,0x00,0x00,0x00,0x00,0xff,0x60,0x06,
  0xff,0x10,0x00,0x00,0x00,0x00,0xaf,0xa0,0x0a,0xfb,0x00,0x00,0x00,0x00,0x00,0x12,0x10,0x0e,0xf8,0x00,0x00,0x00,0x00,0x00,
  0x00,0x00,0x0f,0xf7,0x00,0x00,0x00,0x00,0x00,0x00,0x00,0x0f,0xf7,0x00,0x00,0x00,0x00,0x00,0x00,0x00,0x0e,0xf8,0x00,0x00,
  0x00,0x00,0x00,0x00,0x00,0x0b,0xfb,0x00,0x00,0x00,0x00,0x00,0x11,0x10,0x07,0xff,0x10,0x00,0x00,0x00,0x00,0xcf,0x70,0x01,
  0xff,0x80,0x00,0x00,0x00,0x02,0xff,0x40,0x00,0x8f,0xf4,0x00,0x00,0x00,0x0b,0xfd,0x00,0x00,0x0c,0xff,0x60,0x00,0x02,0xbf,
  0xf3,0x00,0x00,0x00,0xaf,0xff,0xcb,0xdf,0xfe,0x30,0x00,0x00,0x00,0x03,0x9d,0xff,0xeb,0x60,0x00,0x00,0x00,0x0f,0xff,0xff,
  0xff,0xec,0x82,0x00,0x00,0x00,0x00,0x0f,0xfd,0xbb,0xbb,0xdf,0xff,0x90,0x00,0x00,0x00,0x0f,0xf7,0x00,0x00,0x00,0x7f,0xfc,
  0x00,0x00,0x00,0x0f,0xf7,0x00,0x00,0x00,0x03,0xff,0x90,0x00,0x00,0x0f,0xf7,0x00,0x00,0x00,0x00,0x6f,0xf2,0x00,0x00,0x0f,
  0xf7,0x00,0x00,0x00,0x00,0x0f,0xf8,0x00,0x00,0x0f,0xf7,0x00,0x00,0x00,0x00,0x0a,0xfc,0x00,0x00,0x0f,0xf7,0x00,0x00,0x00,
  0x00,0x08,0xfe,0x00,0x00,0x0f,0xf7,0x00,0x00,0x00,0x00,0x07,0xff,0x00,0x00,0x0f,0xf7,0x00,0x00,0x00,0x00,0x07,0xff,0x00,
  0x00,0x0f,0xf7,0x00,0x00,0x00,0x00,0x09,0xfd,0x00,0x00,0x0f,0xf7,0x00,0x00,0x00,0x00,0x0c,0xfa,0x00,0x00,0x0f,0xf7,0x00,
  0x00,0x00,0x00,0x1f,0xf6,0x00,0x00,0x0f,0xf7,0x00,0x00,0x00,0x00,0x8f,0xe0,0x00,0x00,0x0f,0xf7,0x00,0x00,0x00,0x05,0xff,
  0x50,0x00,0x00,0x0f,0xf7,0x00,0x00,0x01,0x8f,0xf8,0x00,0x00,0x00,0x0f,0xfd,0xbb,0xbb,0xdf,0xff,0x60,0x00,0x00,0x00,0x0f,
  0xff,0xff,0xff,0xeb,0x71,0x00,0x00,0x00,0x00,0x0f,0xff,0xff,0xff,0xff,0xff,0x80,0x00,0x0f,0xfd,0xbb,0xbb,0xbb,0xbb,0x50,
  0x00,0x0f,0xf7,0x00,0x00,0x00,0x00,0x00,0x00,0x0f,0xf7,0x00,0x00,0x00,0x00,0x00,0x00,0x0f,0xf7,0x00,0x00,0x00,0x00,0x00,
  0x00,0x0f,0xf7,0x00,0x00,0x00,0x00,0x00,0x00,0x0f,0xf7,0x00,0x00,0x00,0x00,0x00,0x00,0x0f,0xf7,0x00,0x00,0x00,0x00,0x00,
  0x00,0x0f,0xfd,0xbb,0xbb,0xbb,0xbb,0x00,0x00,0x0f,0xff,0xff,0xff,0xff,0xff,0x00,0x00,0x0f,0xf7,0x00,0x00,0x00,0x00,0x00,
  0x00,0x0f,0xf7,0x00,0x00,0x00,0x00,0x00,0x00,0x0f,0xf7,0x00,0x00,0x00,0x00,0x00,0x00,0x0f,0xf7,0x00,0x00,0x00,0x00,0x00,
  0x00,0x0f,0xf7,0x00,0x00,0x00,0x00,0x00,0x00,0x0f,0xf7,0x00,0x00,0x00,0x00,0x00,0x00,0x0f,0xfd,0xbb,0xbb,0xbb,0xbb,0xb0,
  0x00,0x0f,0xff,0xff,0xff,0xff,0xff,0xf0,0x00,0x0f,0xff,0xff,0xff,0xff,0xff,0x80,0x00,0x0f,0xfd,0xbb,0xbb,0xbb,0xbb,0x50,
  0x00,0x0f,0xf7,0x00,0x00,0x00,0x00,0x00,0x00,0x0f,0xf7,0x00,0x00,0x00,0x00,0x00,0x00,0x0f,0xf7,0x00,0x00,0x00,0x00,0x00,
  0x00,0x0f,0xf7,0x00,0x00,0x00,0x00,0x00,0x00,0x0f,0xf7,0x00,0x00,0x00,0x00,0x00,0x00,0x0f,0xf7,0x00,0x00,0x00,0x00,0x00,
  0x00,0x0f,0xfd,0xbb,0xbb,0xbb,0xb5,0x00,0x00,0x0f,0xff,0xff,0xff,0xff,0xf8,0x00,0x00,0x0f,0xf7,0x00,0x00,0x00,0x00,0x00,
  0x00,0x0f,0xf7,0x00,0x00,0x00,0x00,0x00,0x00,0x0f,0xf7,0x00,0x00,0x00,0x00,0x00,0x00,0x0f,0xf7,0x00,0x00,0x00,0x00,0x00,
  0x00,0x0f,0xf7,0x00,0x00,0x00,0x00,0x00,0x00,0x0f,0xf7,0x00,0x00,0x00,0x00,0x00,0x00,0x0f,0xf7,0x00,0x00,0x00,0x00,0x00,
  0x00,0x0f,0xf7,0x00,0x00,0x00,0x00,0x00,0x00,0x00,0x01,0x7b,0xef,0xfd,0xa4,0x00,0x00,0x00,0x00,0x00,0x6e,0xff,0xcb,0xdf,
  0xff,0xc1,0x00,0x00,0x00,0x07,0xff,0x70,0x00,0x01,0x9f,0xfd,0x00,0x00,0x00,0x5f,0xf4,0x00,0x00,0x00,0x09,0xff,0x80,0x00,
  0x00,0xef,0x90,0x00,0x00,0x00,0x00,0xff,0xe0,0x00,0x06,0xff,0x10,0x00,0x00,0x00,0x00,0x9f,0xf2,0x00,0x0a,0xfb,0x00,0x00,
  0x00,0x00,0x00,0x00,0x00,0x00,0x0e,0xf8,0x00,0x00,0x00,0x00,0x00,0x00,0x00,0x00,0x0f,0xf7,0x00,0x00,0x00,0x00,0x00,0x00,
  0x00,0x00,0x0f,0xf7,0x00,0x00,0x00,0xef,0xff,0xff,0xf0,0x00,0x0e,0xf8,0x00,0x00,0x00,0xab,0xbb,0xef,0xf0,0x00,0x0b,0xfb,
  0x00,0x00,0x00,0x00,0x00,0xcf,0xf0,0x00,0x07,0xff,0x10,0x00,0x00,0x00,0x00,0xef,0xf0,0x00,0x01,0xff,0x80,0x00,0x00,0x00,
  0x05,0xff,0xf0,0x00,0x00,0x8f,0xf4,0x00,0x00,0x00,0x1e,0xff,0xf0,0x00,0x00,0x0c,0xff,0x70,0x00,0x04,0xdf,0x8f,0xf0,0x00,
  0x00,0x00,0xaf,0xff,0xcb,0xef,0xf6,0x7f,0xf0,0x00,0x00,0x00,0x03,0x9d,0xff,0xd9,0x20,0x7f,0xf0,0x00,0x00,0x0f,0xf7,0x00,
  0x00,0x00,0x00,0x0f,0xf7,0x00,0x00,0x0f,0xf7,0x00,0x00,0x00,0x00,0x0f,0xf7,0x00,0x00,0x0f,0xf7,0x00,0x00,0x00,0x00,0x0f,
  0xf7,0x00,0x00,0x0f,0xf7,0x00,0x00,0x00,0x00,0x0f,0xf7,0x00,0x00,0x0f,0xf7,0x00,0x00,0x00,0x00,0x0f,0xf7,0x00,0x00,0x0f,
  0xf7,0x00,0x00,0x00,0x00,0x0f,0xf7,0x00,0x00,0x0f,0xf7,0x00,0x00,0x00,0x00,0x0f,0xf7,0x00,0x00,0x0f,0xf7,0x00,0x00,0x00,
  0x00,0x0f,0xf7,0x00,0x00,0x0f,0xfd,0xbb,0xbb,0xbb,0xbb,0xbf,0xf7,0x00,0x00,0x0f,0xff,0xff,0xff,0xff,0xff,0xff,0xf7,0x00,
  0x00,0x0f,0xf7,0x00,0x00,0x00,0x00,0x0f,0xf7,0x00,0x00,0x0f,0xf7,0x00,0x00,0x00,0x00,0x0f,0xf7,0x00,0x00,0x0f,0xf7,0x00,
  0x00,0x00,0x00,0x0f,0xf7,0x00,0x00,0x0f,0xf7,0x00,0x00,0x00,0x00,0x0f,0xf7,0x00,0x00,0x0f,0xf7,0x00,0x00,0x00,0x00,0x0f,
  0xf7,0x00,0x00,0x0f,0xf7,0x00,0x00,0x00,0x00,0x0f,0xf7,0x00,0x00,0x0f,0xf7,0x00,0x00,0x00,0x00,0x0f,0xf7,0x00,0x00,0x0f,
  0xf7,0x00,0x00,0x00,0x00,0x0f,0xf7,0x00,0x00,0x0f,0xf7,0x00,0x00,0x0f,0xf7,0x00,0x00,0x0f,0xf7,0x00,0x00,0x0f,0xf7,0x00,
  0x00,0x0f,0xf7,0x00,0x00,0x0f,0xf7,0x00,0x00,0x0f,0xf7,0x00,0x00,0x0f,0xf7,0x00,0x00,0x0f,0xf7,0x00,0x00,0x0f,0xf7,0x00,
  0x00,0x0f,0xf7,0x00,0x00,0x0f,0xf7,0x00,0x00,0x0f,0xf7,0x00,0x00,0x0f,0xf7,0x00,0x00,0x0f,0xf7,0x00,0x00,0x0f,0xf7,0x00,
  0x00,0x0f,0xf7,0x00,0x00,0x0f,0xf7,0x00,0x00,0x00,0x00,0x00,0x00,0xff,0x70,0x00,0x00,0x00,0x00,0x00,0xff,0x70,0x00,0x00,
  0x00,0x00,0x00,0xff,0x70,0x00,0x00,0x00,0x00,0x00,0xff,0x70,0x00,0x00,0x00,0x00,0x00,0xff,0x70,0x00,0x00,0x00,0x00,0x00,
  0xff,0x70,0x00,0x00,0x00,0x00,0x00,0xff,0x70,0x00,0x00,0x00,0x00,0x00,0xff,0x70,0x00,0x00,0x00,0x00,0x00,0xff,0x70,0x00,
  0x00,0x00,0x00,0x00,0xff,0x70,0x00,0x00,0x00,0x00,0x00,0xff,0x70,0x05,0x52,0x00,0x00,0x00,0xff,0x70,0x0f,0xf7,0x00,0x00,
  0x00,0xff,0x70,0x0e,0xf8,0x00,0x00,0x01,0xff,0x60,0x0b,0xfc,0x00,0x00,0x06,0xff,0x30,0x05,0xff,0x70,0x00,0x3e,0xfd,0x00,
  0x00,0x9f,0xfe,0xbd,0xff,0xe2,0x00,0x00,0x04,0xbe,0xff,0xc7,0x10,0x00,0x00,0x0f,0xf7,0x00,0x00,0x00,0x03,0xff,0x70,0x00,
  0x0f,0xf7,0x00,0x00,0x00,0x2e,0xf8,0x00,0x00,0x0f,0xf7,0x00,0x00,0x01,0xef,0x90,0x00,0x00,0x0f,0xf7,0x00,0x00,0x1d,0xfa,
  0x00,0x00,0x00,0x0f,0xf7,0x00,0x00,0xcf,0xb0,0x00,0x00,0x00,0x0f,0xf7,0x00,0x0c,0xfc,0x00,0x00,0x00,0x00,0x0f,0xf7,0x00,
  0xbf,0xd1,0x00,0x00,0x00,0x00,0x0f,0xf7,0x0a,0xfd,0x10,0x00,0x00,0x00,0x00,0x0f,0xf7,0x9f,0xf2,0x00,0x00,0x00,0x00,0x00,
  0x0f,0xfd,0xff,0xf6,0x00,0x00,0x00,0x00,0x00,0x0f,0xff,0xdb,0xff,0x30,0x00,0x00,0x00,0x00,0x0f,0xfe,0x20,0xdf,0xe2,0x00,
  0x00,0x00,0x00,0x0f,0xf7,0x00,0x2f,0xfd,0x00,0x00,0x00,0x00,0x0f,0xf7,0x00,0x04,0xff,0xb0,0x00,0x00,0x00,0x0f,0xf7,0x00,
  0x00,0x7f,0xf8,0x00,0x00,0x00,0x0f,0xf7,0x00,0x00,0x0b,0xff,0x50,0x00,0x00,0x0f,0xf7,0x00,0x00,0x00,0xdf,0xf3,0x00,0x00,
  0x0f,0xf7,0x00,0x00,0x00,0x2f,0xfe,0x10,0x00,0x0f,0xf7,0x00,0x00,0x00,0x00,0x00,0x00,0x0f,0xf7,0x00,0x00,0x00,0x00,0x00,
  0x00,0x0f,0xf7,0x00,0x00,0x00,0x00,0x00,0x00,0x0f,0xf7,0x00,0x00,0x00,0x00,0x00,0x00,0x0f,0xf7,0x00,0x00,0x00,0x00,0x00,
  0x00,0x0f,0xf7,0x00,0x00,0x00,0x00,0x00,0x00,0x0f,0xf7,0x00,0x00,0x00,0x00,0x00,0x00,0x0f,0xf7,0x00,0x00,0x00,0x00,0x00,
  0x00,0x0f,0xf7,0x00,0x00,0x00,0x00,0x00,0x00,0x0f,0xf7,0x00,0x00,0x00,0x00,0x00,0x00,0x0f,0xf7,0x00,0x00,0x00,0x00,0x00,
  0x00,0x0f,0xf7,0x00,0x00,0x00,0x00,0x00,0x00,0x0f,0xf7,0x00,0x00,0x00,0x00,0x00,0x00,0x0f,0xf7,0x00,0x00,0x00,0x00,0x00,
  0x00,0x0f,0xf7,0x00,0x00,0x00,0x00,0x00,0x00,0x0f,0xf7,0x00,0x00,0x00,0x00,0x00,0x00,0x0f,0xfe,0xcc,0xcc,0xcc,0xcc,0xc0,
  0x00,0x0f,0xff,0xff,0xff,0xff,0xff,0xf0,0x00,0x0f,0xff,0xf0,0x00,0x00,0x00,0x00,0x0f,0xff,0xf0,0x00,0x00,0x0f,0xff,0xf5,
  0x00,0x00,0x00,0x00,0x4f,0xff,0xf0,0x00,0x00,0x0f,0xfe,0xfa,0x00,0x00,0x00,0x00,0x9f,0xdf,0xf0,0x00,0x00,0x0f,0xf9,0xff,
  0x00,0x00,0x00,0x00,0xef,0x8f,0xf0,0x00,0x00,0x0f,0xf7,0xdf,0x50,0x00,0x00,0x04,0xfc,0x7f,0xf0,0x00,0x00,0x0f,0xf7,0x8f,
  0xa0,0x00,0x00,0x09,0xf7,0x7f,0xf0,0x00,0x00,0x0f,0xf7,0x3f,0xf0,0x00,0x00,0x0e,0xf2,0x7f,0xf0,0x00,0x00,0x0f,0xf7,0x0d,
  0xf4,0x00,0x00,0x3f,0xd0,0x7f,0xf0,0x00,0x00,0x0f,0xf7,0x08,0xf9,0x00,0x00,0x8f,0x80,0x7f,0xf0,0x00,0x00,0x0f,0xf7,0x03,
  0xfe,0x00,0x00,0xdf,0x30,0x7f,0xf0,0x00,0x00,0x0f,0xf7,0x00,0xdf,0x30,0x02,0xfd,0x00,0x7f,0xf0,0x00,0x00,0x0f,0xf7,0x00,
  0x8f,0x90,0x07,0xf8,0x00,0x7f,0xf0,0x00,0x00,0x0f,0xf7,0x00,0x3f,0xe0,0x0c,0xf3,0x00,0x7f,0xf0,0x00,0x00,0x0f,0xf7,0x00,
  0x0d,0xf3,0x2f,0xd0,0x00,0x7f,0xf0,0x00,0x00,0x0f,0xf7,0x00,0x08,0xf8,0x7f,0x80,0x00,0x7f,0xf0,0x00,0x00,0x0f,0xf7,0x00,
  0x03,0xfd,0xcf,0x30,0x00,0x7f,0xf0,0x00,0x00,0x0f,0xf7,0x00,0x00,0xdf,0xfd,0x00,0x00,0x7f,0xf0,0x00,0x00,0x0f,0xf7,0x00,
  0x00,0x8f,0xf8,0x00,0x00,0x7f,0xf0,0x00,0x00,0x0f,0xff,0xd0,0x00,0x00,0x00,0x7f,0xf0,0x00,0x00,0x0f,0xff,0xf6,0x00,0x00,
  0x00,0x7f,0xf0,0x00,0x00,0x0f,0xfd,0xfd,0x00,0x00,0x00,0x7f,0xf0,0x00,0x00,0x0f,0xf7,0xef,0x60,0x00,0x00,0x7f,0xf0,0x00,
  0x00,0x0f,0xf7,0x6f,0xd0,0x00,0x00,0x7f,0xf0,0x00,0x00,0x0f,0xf7,0x0d,0xf6,0x00,0x00,0x7f,0xf0,0x00,0x00,0x0f,0xf7,0x06,
  0xfd,0x00,0x00,0x7f,0xf0,0x00,0x00,0x0f,0xf7,0x00,0xdf,0x60,0x00,0x7f,0xf0,0x00,0x00,0x0f,0xf7,0x00,0x6f,0xd0,0x00,0x7f,
  0xf0,0x00,0x00,0x0f,0xf7,0x00,0x0d,0xf6,0x00,0x7f,0xf0,0x00,0x00,0x0f,0xf7,0x00,0x06,0xfd,0x00,0x7f,0xf0,0x00,0x00,0x0f,
  0xf7,0x00,0x00,0xdf,0x60,0x7f,0xf0,0x00,0x00,0x0f,0xf7,0x00,0x00,0x5f,0xe0,0x7f,0xf0,0x00,0x00,0x0f,0xf7,0x00,0x00,0x0d,
  0xf6,0x7f,0xf0,0x00,0x00,0x0f,0xf7,0x00,0x00,0x05,0xfe,0x7f,0xf0,0x00,0x00,0x0f,0xf7,0x00,0x00,0x00,0xdf,0xdf,0xf0,0x00,
  0x00,0x0f,0xf7,0x00,0x00,0x00,0x5f,0xff,0xf0,0x00,0x00,0x0f,0xf7,0x00,0x00,0x00,0x0d,0xff,0xf0,0x00,0x00,0x00,0x02,0x8c,
  0xef,0xec,0x82,0x00,0x00,0x00,0x00,0x00,0x9f,0xff,0xcb,0xcf,0xff,0x90,0x00,0x00,0x00,0x0b,0xff,0x70,0x00,0x00,0x7f,0xfb,
  0x00,0x00,0x00,0x8f,0xf4,0x00,0x00,0x00,0x04,0xff,0x80,0x00,0x01,0xff,0x70,0x00,0x00,0x00,0x00,0x7f,0xf1,0x00,0x07,0xff,
  0x10,0x00,0x00,0x00,0x00,0x1f,0xf7,0x00,0x0b,0xfb,0x00,0x00,0x00,0x00,0x00,0x0b,0xfb,0x00,0x0e,0xf8,0x00,0x00,0x00,0x00,
  0x00,0x08,0xfe,0x00,0x0f,0xf7,0x00,0x00,0x00,0x00,0x00,0x07,0xff,0x00,0x0f,0xf7,0x00,0x00,0x00,0x00,0x00,0x07,0xff,0x00,
  0x0e,0xf8,0x00,0x00,0x00,0x00,0x00,0x08,0xfe,0x00,0x0b,0xfb,0x00,0x00,0x00,0x00,0x00,0x0b,0xfb,0x00,0x07,0xff,0x10,0x00,
  0x00,0x00,0x00,0x1f,0xf7,0x00,0x01,0xff,0x70,0x00,0x00,0x00,0x00,0x8f,0xf1,0x00,0x00,0x8f,0xf4,0x00,0x00,0x00,0x04,0xff,
  0x80,0x00,0x00,0x0b,0xff,0x70,0x00,0x00,0x7f,0xfb,0x00,0x00,0x00,0x00,0x9f,0xff,0xcb,0xcf,0xff,0x90,0x00,0x00,0x00,0x00,
  0x02,0x8c,0xef,0xec,0x82,0x00,0x00,0x00,0x00,0x0f,0xff,0xff,0xff,0xeb,0x60,0x00,0x00,0x0f,0xfd,0xbb,0xbb,0xdf,0xfd,0x10,
  0x00,0x0f,0xf7,0x00,0x00,0x03,0xef,0xb0,0x00,0x0f,0xf7,0x00,0x00,0x00,0x5f,0xf2,0x00,0x0f,0xf7,0x00,0x00,0x00,0x1f,0xf5,
  0x00,0x0f,0xf7,0x00,0x00,0x00,0x0f,0xf6,0x00,0x0f,0xf7,0x00,0x00,0x00,0x2f,0xf5,0x00,0x0f,0xf7,0x00,0x00,0x00,0x8f,0xf1,
  0x00,0x0f,0xf7,0x00,0x00,0x18,0xff,0x70,0x00,0x0f,0xff,0xff,0xff,0xff,0xf8,0x00,0x00,0x0f,0xfd,0xbb,0xbb,0xa7,0x20,0x00,
  0x00,0x0f,0xf7,0x00,0x00,0x00,0x00,0x00,0x00,0x0f,0xf7,0x00,0x00,0x00,0x00,0x00,0x00,0x0f,0xf7,0x00,0x00,0x00,0x00,0x00,
  0x00,0x0f,0xf7,0x00,0x00,0x00,0x00,0x00,0x00,0x0f,0xf7,0x00,0x00,0x00,0x00,0x00,0x00,0x0f,0xf7,0x00,0x00,0x00,0x00,0x00,
  0x00,0x0f,0xf7,0x00,0x00,0x00,0x00,0x00,0x00,0x00,0x02,0x8c,0xef,0xec,0x82,0x00,0x00,0x00,0x00,0x00,0x9f,0xff,0xcb,0xcf,
  0xff,0x80,0x00,0x00,0x00,0x0b,0xff,0x70,0x00,0x00,0x7f,0xfa,0x00,0x00,0x00,0x8f,0xf4,0x00,0x00,0x00,0x04,0xff,0x70,0x00,
  0x01,0xff,0x70,0x00,0x00,0x00,0x00,0x7f,0xf0,0x00,0x07,0xff,0x10,0x00,0x00,0x00,0x00,0x1f,0xf6,0x00,0x0b,0xfb,0x00,0x00,
  0x00,0x00,0x00,0x0b,0xfa,0x00,0x0e,0xf8,0x00,0x00,0x00,0x00,0x00,0x08,0xfd,0x00,0x0f,0xf7,0x00,0x00,0x00,0x00,0x00,0x07,
  0xff,0x00,0x0f,0xf7,0x00,0x00,0x00,0x00,0x00,0x07,0xff,0x00,0x0e,0xf8,0x00,0x00,0x00,0x00,0x00,0x08,0xfe,0x00,0x0b,0xfb,
  0x00,0x00,0x00,0x00,0x00,0x0b,0xfb,0x00,0x07,0xff,0x10,0x00,0x00,0x00,0x00,0x1f,0xf6,0x00,0x01,0xff,0x70,0x00,0x00,0x00,
  0x00,0x8f,0xe1,0x00,0x00,0x8f,0xf4,0x00,0x00,0x00,0x04,0xff,0x60,0x00,0x00,0x0b,0xff,0x70,0x00,0x00,0x7f,0xf7,0x00,0x00,
  0x00,0x00,0x9f,0xff,0xcb,0xcf,0xff,0xf9,0x30,0x00,0x00,0x00,0x02,0x8c,0xef,0xff,0xff,0xff,0xf8,0x00,0x00,0x00,0x00,0x00,
  0x00,0x00,0x00,0x37,0xd5,0x00,0x00,0x0f,0xff,0xff,0xff,0xec,0x81,0x00,0x00,0x0f,0xfd,0xbb,0xbb,0xdf,0xfe,0x30,0x00,0x0f,
  0xf7,0x00,0x00,0x02,0xdf,0xe0,0x00,0x0f,0xf7,0x00,0x00,0x00,0x4f,0xf4,0x00,0x0f,0xf7,0x00,0x00,0x00,0x0f,0xf6,0x00,0x0f,
  0xf7,0x00,0x00,0x00,0x1f,0xf5,0x00,0x0f,0xf7,0x00,0x00,0x00,0x5f,0xf1,0x00,0x0f,0xf7,0x00,0x00,0x02,0xef,0x70,0x00,0x0f,
  0xfd,0xbb,0xbb,0xdf,0xd5,0x00,0x00,0x0f,0xff,0xff,0xff,0xff,0xd2,0x00,0x00,0x0f,0xf7,0x00,0x00,0x3d,0xfc,0x00,0x00,0x0f,
  0xf7,0x00,0x00,0x02,0xff,0x30,0x00,0x0f,0xf7,0x00,0x00,0x00,0xdf,0x70,0x00,0x0f,0xf7,0x00,0x00,0x00,0xaf,0x90,0x00,0x0f,
  0xf7,0x00,0x00,0x00,0x8f,0xb0,0x00,0x0f,0xf7,0x00,0x00,0x00,0x6f,0xe0,0x00,0x0f,0xf7,0x00,0x00,0x00,0x3f,0xf1,0x00,0x0f,
  0xf7,0x00,0x00,0x00,0x0e,0xf7,0x00,0x00,0x29,0xdf,0xfd,0x81,0x00,0x00,0x00,0x07,0xff,0xeb,0xdf,0xfe,0x20,0x00,0x00,0x5f,
  0xf5,0x00,0x02,0xcf,0xd0,0x00,0x00,0xcf,0x90,0x00,0x00,0x2f,0xf6,0x00,0x00,0xff,0x70,0x00,0x00,0x0c,0xfb,0x00,0x00,0xff,
  0xa0,0x00,0x00,0x01,0x21,0x00,0x00,0xbf,0xf6,0x00,0x00,0x00,0x00,0x00,0x00,0x2e,0xff,0xd8,0x40,0x00,0x00,0x00,0x00,0x02,
  0xbf,0xff,0xff,0x92,0x00,0x00,0x00,0x00,0x02,0x7b,0xff,0xff,0x60,0x00,0x00,0x00,0x00,0x00,0x06,0xef,0xf4,0x00,0x00,0x00,
  0x00,0x00,0x00,0x2f,0xfc,0x00,0x03,0x42,0x00,0x00,0x00,0x09,0xff,0x00,0x0a,0xfd,0x00,0x00,0x00,0x07,0xff,0x00,0x05,0xff,
  0x60,0x00,0x00,0x0a,0xfb,0x00,0x00,0xcf,0xf6,0x00,0x00,0x8f,0xf4,0x00,0x00,0x1c,0xff,0xec,0xcf,0xff,0x60,0x00,0x00,0x00,
  0x5b,0xef,0xfd,0x92,0x00,0x00,0x0f,0xff,0xff,0xff,0xff,0xff,0xff,0xff,0x0b,0xbb,0xbb,0xbd,0xff,0xbb,0xbb,0xbb,0x00,0x00,
  0x00,0x07,0xff,0x00,0x00,0x00,0x00,0x00,0x00,0x07,0xff,0x00,0x00,0x00,0x00,0x00,0x00,0x07,0xff,0x00,0x00,0x00,0x00,0x00,
  0x00,0x07,0xff,0x00,0x00,0x00,0x00,0x00,0x00,0x07,0xff,0x00,0x00,0x00,0x00,0x00,0x00,0x07,0xff,0x00,0x00,0x00,0x00,0x00,
  0x00,0x07,0xff,0x00,0x00,0x00,0x00,0x00,0x00,0x07,0xff,0x00,0x00,0x00,0x00,0x00,0x00,0x07,0xff,0x00,0x00,0x00,0x00,0x00,
  0x00,0x07,0xff,0x00,0x00,0x00,0x00,0x00,0x00,0x07,0xff,0x00,0x00,0x00,0x00,0x00,0x00,0x07,0xff,0x00,0x00,0x00,0x00,0x00,
  0x00,0x07,0xff,0x00,0x00,0x00,0x00,0x00,0x00,0x07,0xff,0x00,0x00,0x00,0x00,0x00,0x00,0x07,0xff,0x00,0x00,0x00,0x00,0x00,
  0x00,0x07,0xff,0x00,0x00,0x00,0x00,0xff,0x70,0x00,0x00,0x00,0x0f,0xf7,0x00,0x00,0xff,0x70,0x00,0x00,0x00,0x0f,0xf7,0x00,
  0x00,0xff,0x70,0x00,0x00,0x00,0x0f,0xf7,0x00,0x00,0xff,0x70,0x00,0x00,0x00,0x0f,0xf7,0x00,0x00,0xff,0x70,0x00,0x00,0x00,
  0x0f,0xf7,0x00,0x00,0xff,0x70,0x00,0x00,0x00,0x0f,0xf7,0x00,0x00,0xff,0x70,0x00,0x00,0x00,0x0f,0xf7,0x00,0x00,0xff,0x70,
  0x00,0x00,0x00,0x0f,0xf7,0x00,0x00,0xff,0x70,0x00,0x00,0x00,0x0f,0xf7,0x00,0x00,0xff,0x70,0x00,0x00,0x00,0x0f,0xf7,0x00,
  0x00,0xff,0x70,0x00,0x00,0x00,0x0f,0xf7,0x00,0x00,0xff,0x70,0x00,0x00,0x00,0x0f,0xf6,0x00,0x00,0xff,0x80,0x00,0x00,0x00,
  0x1f,0xf6,0x00,0x00,0xcf,0xb0,0x00,0x00,0x00,0x4f,0xf3,0x00,0x00,0x7f,0xf3,0x00,0x00,0x00,0xbf,0xe0,0x00,0x00,0x0e,0xfd,
  0x30,0x00,0x09,0xff,0x60,0x00,0x00,0x02,0xdf,0xfd,0xbc,0xff,0xf7,0x00,0x00,0x00,0x00,0x07,0xbe,0xff,0xd9,0x30,0x00,0x00,
  0x0f,0xf6,0x00,0x00,0x00,0x00,0x01,0xff,0x40,0x0a,0xfb,0x00,0x00,0x00,0x00,0x06,0xfe,0x00,0x05,0xff,0x10,0x00,0x00,0x00,
  0x0c,0xf9,0x00,0x00,0xff,0x60,0x00,0x00,0x00,0x1f,0xf3,0x00,0x00,0xaf,0xb0,0x00,0x00,0x00,0x6f,0xd0,0x00,0x00,0x4f,0xf1,
  0x00,0x00,0x00,0xcf,0x80,0x00,0x00,0x0e,0xf5,0x00,0x00,0x01,0xff,0x20,0x00,0x00,0x09,0xfb,0x00,0x00,0x07,0xfc,0x00,0x00,
  0x00,0x04,0xff,0x00,0x00,0x0c,0xf6,0x00,0x00,0x00,0x00,0xef,0x50,0x00,0x2f,0xf1,0x00,0x00,0x00,0x00,0x9f,0xa0,0x00,0x7f,
  0xb0,0x00,0x00,0x00,0x00,0x3f,0xf0,0x00,0xcf,0x50,0x00,0x00,0x00,0x00,0x0d,0xf5,0x02,0xff,0x00,0x00,0x00,0x00,0x00,0x08,
  0xfa,0x07,0xfa,0x00,0x00,0x00,0x00,0x00,0x03,0xff,0x0d,0xf4,0x00,0x00,0x00,0x00,0x00,0x00,0xdf,0x7f,0xe0,0x00,0x00,0x00,
  0x00,0x00,0x00,0x8f,0xff,0x90,0x00,0x00,0x00,0x00,0x00,0x00,0x2f,0xff,0x30,0x00,0x00,0x00,0x3f,0xf5,0x00,0x00,0x00,0x0f,
  0xff,0x40,0x00,0x00,0x00,0xef,0x60,0x0e,0xf9,0x00,0x00,0x00,0x3f,0xff,0x80,0x00,0x00,0x02,0xff,0x20,0x0a,0xfc,0x00,0x00,
  0x00,0x7f,0xdf,0xc0,0x00,0x00,0x06,0xfd,0x00,0x06,0xff,0x00,0x00,0x00,0xcf,0x5f,0xf1,0x00,0x00,0x0a,0xf9,0x00,0x02,0xff,
  0x40,0x00,0x00,0xff,0x0d,0xf4,0x00,0x00,0x0e,0xf5,0x00,0x00,0xef,0x80,0x00,0x04,0xfb,0x09,0xf9,0x00,0x00,0x2f,0xf0,0x00,
  0x00,0x9f,0xc0,0x00,0x08,0xf7,0x05,0xfd,0x00,0x00,0x6f,0xc0,0x00,0x00,0x5f,0xf0,0x00,0x0c,0xf2,0x01,0xff,0x10,0x00,0xaf,
  0x70,0x00,0x00,0x1f,0xf3,0x00,0x1f,0xe0,0x00,0xdf,0x50,0x00,0xef,0x30,0x00,0x00,0x0d,0xf7,0x00,0x5f,0xa0,0x00,0x8f,0x90,
  0x02,0xfe,0x00,0x00,0x00,0x09,0xfb,0x00,0x9f,0x60,0x00,0x4f,0xd0,0x06,0xfa,0x00,0x00,0x00,0x04,0xfe,0x00,0xdf,0x10,0x00,
  0x0f,0xf1,0x0a,0xf6,0x00,0x00,0x00,0x00,0xff,0x21,0xfd,0x00,0x00,0x0c,0xf5,0x0e,0xf1,0x00,0x00,0x00,0x00,0xcf,0x65,0xf9,
  0x00,0x00,0x08,0xf9,0x2f,0xd0,0x00,0x00,0x00,0x00,0x8f,0xa9,0xf4,0x00,0x00,0x04,0xfd,0x6f,0x80,0x00,0x00,0x00,0x00,0x4f,
  0xee,0xf0,0x00,0x00,0x00,0xff,0xcf,0x40,0x00,0x00,0x00,0x00,0x0f,0xff,0xc0,0x00,0x00,0x00,0xcf,0xff,0x00,0x00,0x00,0x00,
  0x00,0x0b,0xff,0x80,0x00,0x00,0x00,0x7f,0xfb,0x00,0x00,0x00,0x08,0xfe,0x10,0x00,0x00,0x00,0x1e,0xf9,0x00,0x00,0xdf,0xa0,
  0x00,0x00,0x00,0xaf,0xd0,0x00,0x00,0x3f,0xf4,0x00,0x00,0x05,0xff,0x30,0x00,0x00,0x08,0xfe,0x00,0x00,0x1e,0xf7,0x00,0x00,
  0x00,0x00,0xdf,0x90,0x00,0xaf,0xc0,0x00,0x00,0x00,0x00,0x3f,0xf3,0x05,0xff,0x10,0x00,0x00,0x00,0x00,0x09,0xfd,0x1e,0xf5,
  0x00,0x00,0x00,0x00,0x00,0x00,0xdf,0xef,0xa0,0x00,0x00,0x00,0x00,0x00,0x00,0x3f,0xfe,0x10,0x00,0x00,0x00,0x00,0x00,0x00,
  0x5f,0xff,0x30,0x00,0x00,0x00,0x00,0x00,0x01,0xff,0xbf,0xd0,0x00,0x00,0x00,0x00,0x00,0x0c,0xf8,0x0d,0xf9,0x00,0x00,0x00,
  0x00,0x00,0x7f,0xd0,0x03,0xff,0x40,0x00,0x00,0x00,0x03,0xff,0x30,0x00,0x8f,0xe1,0x00,0x00,0x00,0x0d,0xf8,0x00,0x00,0x0d,
  0xfb,0x00,0x00,0x00,0x9f,0xd0,0x00,0x00,0x02,0xff,0x60,0x00,0x04,0xff,0x30,0x00,0x00,0x00,0x7f,0xf2,0x00,0x1e,0xf8,0x00,
  0x00,0x00,0x00,0x0c,0xfd,0x00,0x1f,0xf8,0x00,0x00,0x00,0x00,0x1f,0xf7,0x07,0xff,0x20,0x00,0x00,0x00,0x9f,0xd0,0x00,0xdf,
  0xa0,0x00,0x00,0x02,0xff,0x50,0x00,0x4f,0xf4,0x00,0x00,0x0b,0xfb,0x00,0x00,0x0b,0xfd,0x00,0x00,0x4f,0xf2,0x00,0x00,0x02,
  0xff,0x60,0x00,0xdf,0x90,0x00,0x00,0x00,0x9f,0xe1,0x06,0xfe,0x10,0x00,0x00,0x00,0x1e,0xf9,0x0e,0xf6,0x00,0x00,0x00,0x00,
  0x06,0xff,0xbf,0xd0,0x00,0x00,0x00,0x00,0x00,0xcf,0xff,0x40,0x00,0x00,0x00,0x00,0x00,0x3f,0xfa,0x00,0x00,0x00,0x00,0x00,
  0x00,0x0f,0xf7,0x00,0x00,0x00,0x00,0x00,0x00,0x0f,0xf7,0x00,0x00,0x00,0x00,0x00,0x00,0x0f,0xf7,0x00,0x00,0x00,0x00,0x00,
  0x00,0x0f,0xf7,0x00,0x00,0x00,0x00,0x00,0x00,0x0f,0xf7,0x00,0x00,0x00,0x00,0x00,0x00,0x0f,0xf7,0x00,0x00,0x00,0x00,0x00,
  0x00,0x0f,0xf7,0x00,0x00,0x00,0x00,0xff,0xff,0xff,0xff,0xff,0xff,0xf0,0x00,0xbb,0xbb,0xbb,0xbb,0xbb,0xff,0xf0,0x00,0x00,
  0x00,0x00,0x00,0x06,0xff,0x50,0x00,0x00,0x00,0x00,0x00,0x3f,0xf9,0x00,0x00,0x00,0x00,0x00,0x00,0xdf,0xd0,0x00,0x00,0x00,
  0x00,0x00,0x0a,0xff,0x20,0x00,0x00,0x00,0x00,0x00,0x7f,0xf5,0x00,0x00,0x00,0x00,0x00,0x03,0xff,0x90,0x00,0x00,0x00,0x00,
  0x00,0x1e,0xfc,0x00,0x00,0x00,0x00,0x00,0x00,0xbf,0xf2,0x00,0x00,0x00,0x00,0x00,0x08,0xff,0x50,0x00,0x00,0x00,0x00,0x00,
  0x4f,0xf9,0x00,0x00,0x00,0x00,0x00,0x01,0xef,0xc0,0x00,0x00,0x00,0x00,0x00,0x0c,0xfe,0x10,0x00,0x00,0x00,0x00,0x00,0x8f,
  0xf4,0x00,0x00,0x00,0x00,0x00,0x05,0xff,0x80,0x00,0x00,0x00,0x00,0x00,0x0f,0xff,0xbb,0xbb,0xbb,0xbb,0xbb,0xb0,0x0f,0xff,
  0xff,0xff,0xff,0xff,0xff,0xf0,0x00,0x0f,0xff,0xf9,0x00,0x00,0x0f,0xfb,0xb6,0x00,0x00,0x0f,0xd0,0x00,0x00,0x00,0x0f,0xd0,
  0x00,0x00,0x00,0x0f,0xd0,0x00,0x00,0x00,0x0f,0xd0,0x00,0x00,0x00,0x0f,0xd0,0x00,0x00,0x00,0x0f,0xd0,0x00,0x00,0x00,0x0f,
  0xd0,0x00,0x00,0x00,0x0f,0xd0,0x00,0x00,0x00,0x0f,0xd0,0x00,0x00,0x00,0x0f,0xd0,0x00,0x00,0x00,0x0f,0xd0,0x00,0x00,0x00,
  0x0f,0xd0,0x00,0x00,0x00,0x0f,0xd0,0x00,0x00,0x00,0x0f,0xd0,0x00,0x00,0x00,0x0f,0xd0,0x00,0x00,0x00,0x0f,0xd0,0x00,0x00,
  0x00,0x0f,0xd0,0x00,0x00,0x00,0x0f,0xd0,0x00,0x00,0x00,0x0f,0xfb,0xb6,0x00,0x00,0x0f,0xff,0xf9,0x00,0x0e,0xa0,0x00,0x00,
  0x00,0x0a,0xf0,0x00,0x00,0x00,0x04,0xf5,0x00,0x00,0x00,0x00,0xea,0x00,0x00,0x00,0x00,0x9f,0x00,0x00,0x00,0x00,0x4f,0x50,
  0x00,0x00,0x00,0x0e,0xa0,0x00,0x00,0x00,0x09,0xf0,0x00,0x00,0x00,0x04,0xf5,0x00,0x00,0x00,0x00,0xea,0x00,0x00,0x00,0x00,
  0x9f,0x00,0x00,0x00,0x00,0x4f,0x50,0x00,0x00,0x00,0x0e,0xa0,0x00,0x00,0x00,0x09,0xf0,0x00,0x00,0x00,0x04,0xf5,0x00,0x00,
  0x00,0x00,0xea,0x00,0x00,0x00,0x00,0x9f,0x00,0x00,0x00,0x00,0x4f,0x50,0x00,0x00,0x00,0x0e,0xa0,0x00,0x00,0x00,0x05,0x70,
  0x0b,0xff,0xfd,0x00,0x08,0xbb,0xfd,0x00,0x00,0x00,0xfd,0x00,0x00,0x00,0xfd,0x00,0x00,0x00,0xfd,0x00,0x00,0x00,0xfd,0x00,
  0x00,0x00,0xfd,0x00,0x00,0x00,0xfd,0x00,0x00,0x00,0xfd,0x00,0x00,0x00,0xfd,0x00,0x00,0x00,0xfd,0x00,0x00,0x00,0xfd,0x00,
  0x00,0x00,0xfd,0x00,0x00,0x00,0xfd,0x00,0x00,0x00,0xfd,0x00,0x00,0x00,0xfd,0x00,0x00,0x00,0xfd,0x00,0x00,0x00,0xfd,0x00,
  0x00,0x00,0xfd,0x00,0x00,0x00,0xfd,0x00,0x08,0xbb,0xfd,0x00,0x0b,0xff,0xfd,0x00,0x00,0x00,0x00,0x38,0x40,0x00,0x00,0x00,
  0x00,0x00,0x00,0xcf,0xd0,0x00,0x00,0x00,0x00,0x00,0x03,0xf9,0xf4,0x00,0x00,0x00,0x00,0x00,0x0a,0xe0,0xdb,0x00,0x00,0x00,
  0x00,0x00,0x1f,0x80,0x6f,0x20,0x00,0x00,0x00,0x00,0x8f,0x20,0x0f,0x90,0x00,0x00,0x00,0x00,0xeb,0x00,0x09,0xf1,0x00,0x00,
  0x00,0x06,0xf5,0x00,0x03,0xf7,0x00,0x00,0x00,0x0d,0xe0,0x00,0x00,0xce,0x00,0x00,0x00,0x4f,0x80,0x00,0x00,0x6f,0x50,0x00,
  0x00,0xbf,0x10,0x00,0x00,0x0e,0xc0,0x00,0x00,0x00,0x00,0x00,0x00,0x00,0x00,0x00,0x00,0x00,0x00,0x00,0x00,0x00,0x00,0x00,
  0x00,0x00,0x00,0x00,0x00,0x00,0x00,0x00,0x00,0x00,0x00,0x00,0x00,0x00,0x00,0x00,0x00,0x00,0x00,0x00,0x00,0x00,0x00,0x00,
  0x00,0x00,0x00,0x00,0x00,0x00,0x00,0x00,0x0b,0xbb,0xbb,0xbb,0xbb,0xb0,0x0f,0xff,0xff,0xff,0xff,0xf0,0x09,0xf6,0x00,0x00,
  0x00,0xce,0x00,0x00,0x00,0x2f,0x70,0x00,0x00,0x00,0x00,0x00,0x00,0x00,0x00,0x00,0x00,0x00,0x00,0x00,0x00,0x00,0x00,0x00,
  0x00,0x00,0x00,0x00,0x00,0x00,0x00,0x00,0x00,0x00,0x00,0x00,0x00,0x00,0x00,0x00,0x00,0x00,0x00,0x00,0x00,0x00,0x00,0x00,
  0x00,0x00,0x00,0x00,0x00,0x00,0x00,0x00,0x00,0x00,0x00,0x00,0x00,0x00,0x00,0x00,0x00,0x00,0x00,0x00,0x00,0x01,0x8d,0xff,
  0xd9,0x20,0x00,0x00,0x2e,0xff,0xcc,0xff,0xe2,0x00,0x00,0xdf,0xb0,0x00,0x2e,0xfa,0x00,0x03,0xff,0x20,0x00,0x08,0xfe,0x00,
  0x02,0x77,0x00,0x00,0x07,0xff,0x00,0x00,0x00,0x01,0x34,0x5a,0xff,0x00,0x00,0x18,0xdf,0xff,0xff,0xff,0x00,0x01,0xdf,0xe8,
  0x43,0x39,0xff,0x00,0x0a,0xfe,0x10,0x00,0x07,0xff,0x00,0x0e,0xf8,0x00,0x00,0x09,0xff,0x00,0x0f,0xf8,0x00,0x00,0x0d,0xff,
  0x00,0x0c,0xfe,0x10,0x00,0x9f,0xff,0x00,0x03,0xff,0xfc,0xcf,0xf8,0xff,0x10,0x00,0x2a,0xdf,0xeb,0x43,0xff,0x30,0x00,0xff,
  0x70,0x00,0x00,0x00,0x00,0x00,0x00,0xff,0x70,0x00,0x00,0x00,0x00,0x00,0x00,0xff,0x70,0x00,0x00,0x00,0x00,0x00,0x00,0xff,
  0x70,0x00,0x00,0x00,0x00,0x00,0x00,0xff,0x70,0x00,0x00,0x00,0x00,0x00,0x00,0xff,0x71,0x8d,0xff,0xc7,0x00,0x00,0x00,0xff,
  0x7d,0xfd,0xbd,0xff,0xd1,0x00,0x00,0xff,0xee,0x40,0x00,0x3e,0xfc,0x00,0x00,0xff,0xf3,0x00,0x00,0x04,0xff,0x50,0x00,0xff,
  0xc0,0x00,0x00,0x00,0xdf,0xb0,0x00,0xff,0x80,0x00,0x00,0x00,0x9f,0xe0,0x00,0xff,0x70,0x00,0x00,0x00,0x7f,0xf0,0x00,0xff,
  0x70,0x00,0x00,0x00,0x7f,0xf0,0x00,0xff,0x80,0x00,0x00,0x00,0x9f,0xd0,0x00,0xff,0xb0,0x00,0x00,0x00,0xdf,0x90,0x00,0xff,
  0xf3,0x00,0x00,0x04,0xff,0x30,0x00,0xff,0xfe,0x40,0x00,0x4f,0xfa,0x00,0x00,0xff,0x9f,0xfd,0xbd,0xff,0xa0,0x00,0x00,0xff,
  0x73,0xad,0xfe,0xb4,0x00,0x00,0x00,0x00,0x4a,0xef,0xeb,0x40,0x00,0x00,0x09,0xff,0xdb,0xef,0xf9,0x00,0x00,0x9f,0xe3,0x00,
  0x06,0xff,0x70,0x03,0xff,0x30,0x00,0x00,0x9f,0xe0,0x0a,0xfc,0x00,0x00,0x00,0x2d,0xd2,0x0d,0xf8,0x00,0x00,0x00,0x00,0x00,
  0x0f,0xf7,0x00,0x00,0x00,0x00,0x00,0x0f,0xf7,0x00,0x00,0x00,0x00,0x00,0x0e,0xf9,0x00,0x00,0x00,0x00,0x00,0x0b,0xfc,0x00,
  0x00,0x00,0x29,0x90,0x06,0xff,0x30,0x00,0x00,0xaf,0xc0,0x00,0xdf,0xe3,0x00,0x07,0xff,0x40,0x00,0x2d,0xff,0xcb,0xef,0xf7,
  0x00,0x00,0x00,0x7c,0xff,0xe9,0x30,0x00,0x00,0x00,0x00,0x00,0x00,0x00,0xff,0x70,0x00,0x00,0x00,0x00,0x00,0x00,0xff,0x70,
  0x00,0x00,0x00,0x00,0x00,0x00,0xff,0x70,0x00,0x00,0x00,0x00,0x00,0x00,0xff,0x70,0x00,0x00,0x00,0x00,0x00,0x00,0xff,0x70,
  0x00,0x00,0x3a,0xef,0xec,0x60,0xff,0x70,0x00,0x09,0xff,0xeb,0xcf,0xf8,0xff,0x70,0x00,0x9f,0xf5,0x00,0x01,0xbf,0xff,0x70,
  0x03,0xff,0x50,0x00,0x00,0x0c,0xff,0x70,0x09,0xfd,0x00,0x00,0x00,0x04,0xff,0x70,0x0d,0xf9,0x00,0x00,0x00,0x01,0xff,0x70,
  0x0f,0xf7,0x00,0x00,0x00,0x00,0xff,0x70,0x0f,0xf7,0x00,0x00,0x00,0x00,0xff,0x70,0x0e,0xf9,0x00,0x00,0x00,0x01,0xff,0x70,
  0x0b,0xfd,0x00,0x00,0x00,0x05,0xff,0x70,0x05,0xff,0x50,0x00,0x00,0x0d,0xff,0x70,0x00,0xcf,0xf4,0x00,0x01,0xbe,0xff,0x70,
  0x00,0x1c,0xff,0xdb,0xcf,0xf4,0xff,0x70,0x00,0x00,0x6c,0xef,0xea,0x30,0xff,0x70,0x00,0x00,0x4a,0xef,0xeb,0x40,0x00,0x00,
  0x00,0x09,0xff,0xdb,0xdf,0xf8,0x00,0x00,0x00,0x9f,0xe3,0x00,0x04,0xff,0x50,0x00,0x03,0xff,0x40,0x00,0x00,0x6f,0xe0,0x00,
  0x09,0xfb,0x00,0x00,0x00,0x0f,0xf3,0x00,0x0d,0xf8,0x00,0x00,0x00,0x0d,0xf6,0x00,0x0f,0xff,0xff,0xff,0xff,0xff,0xf7,0x00,
  0x0f,0xfd,0xbb,0xbb,0xbb,0xbb,0xb5,0x00,0x0e,0xf7,0x00,0x00,0x00,0x00,0x00,0x00,0x0b,0xfa,0x00,0x00,0x00,0x1a,0xa2,0x00,
  0x05,0xff,0x10,0x00,0x00,0x7f,0xf0,0x00,0x00,0xcf,0xc2,0x00,0x06,0xff,0x70,0x00,0x00,0x1d,0xff,0xcb,0xef,0xf9,0x00,0x00,
  0x00,0x00,0x6c,0xff,0xea,0x30,0x00,0x00,0x00,0x00,0x16,0x76,0x00,0x00,0x06,0xff,0xff,0x00,0x00,0x1f,0xfb,0x44,0x00,0x00,
  0x5f,0xf1,0x00,0x00,0x00,0x6f,0xf0,0x00,0x00,0x00,0x7f,0xf0,0x00,0x00,0x0f,0xff,0xff,0xff,0x00,0x0b,0xdf,0xfb,0xbb,0x00,
  0x00,0x7f,0xf0,0x00,0x00,0x00,0x7f,0xf0,0x00,0x00,0x00,0x7f,0xf0,0x00,0x00,0x00,0x7f,0xf0,0x00,0x00,0x00,0x7f,0xf0,0x00,
  0x00,0x00,0x7f,0xf0,0x00,0x00,0x00,0x7f,0xf0,0x00,0x00,0x00,0x7f,0xf0,0x00,0x00,0x00,0x7f,0xf0,0x00,0x00,0x00,0x7f,0xf0,
  0x00,0x00,0x00,0x7f,0xf0,0x00,0x00,0x00,0x7f,0xf0,0x00,0x00,0x00,0x00,0x4b,0xef,0xda,0x37,0xff,0x00,0x00,0x0a,0xff,0xdb,
  0xdf,0xf9,0xff,0x00,0x00,0xaf,0xf4,0x00,0x03,0xef,0xff,0x00,0x03,0xff,0x40,0x00,0x00,0x3f,0xff,0x00,0x0a,0xfd,0x00,0x00,
  0x00,0x0b,0xff,0x00,0x0d,0xf9,0x00,0x00,0x00,0x08,0xff,0x00,0x0f,0xf7,0x00,0x00,0x00,0x07,0xff,0x00,0x0f,0xf7,0x00,0x00,
  0x00,0x07,0xff,0x00,0x0e,0xf9,0x00,0x00,0x00,0x08,0xff,0x00,0x0b,0xfd,0x00,0x00,0x00,0x0c,0xff,0x00,0x05,0xff,0x40,0x00,
  0x00,0x3f,0xff,0x00,0x00,0xcf,0xe3,0x00,0x04,0xee,0xff,0x00,0x00,0x1d,0xff,0xdb,0xdf,0xd7,0xff,0x00,0x00,0x00,0x7c,0xff,
  0xd8,0x17,0xff,0x00,0x06,0xb8,0x00,0x00,0x00,0x09,0xfd,0x00,0x05,0xff,0x00,0x00,0x00,0x1e,0xf8,0x00,0x00,0xef,0xb1,0x00,
  0x02,0xcf,0xe1,0x00,0x00,0x4f,0xff,0xdb,0xcf,0xfe,0x30,0x00,0x00,0x01,0x8c,0xff,0xfc,0x71,0x00,0x00,0x00,0xff,0x70,0x00,
  0x00,0x00,0x00,0x00,0x00,0xff,0x70,0x00,0x00,0x00,0x00,0x00,0x00,0xff,0x70,0x00,0x00,0x00,0x00,0x00,0x00,0xff,0x70,0x00,
  0x00,0x00,0x00,0x00,0x00,0xff,0x70,0x00,0x00,0x00,0x00,0x00,0x00,0xff,0x71,0x8d,0xff,0xd7,0x00,0x00,0x00,0xff,0x7e,0xfd,
  0xbe,0xff,0xd0,0x00,0x00,0xff,0xef,0x40,0x00,0x7f,0xf8,0x00,0x00,0xff,0xf5,0x00,0x00,0x0c,0xfd,0x00,0x00,0xff,0xe0,0x00,
  0x00,0x08,0xff,0x00,0x00,0xff,0xa0,0x00,0x00,0x07,0xff,0x00,0x00,0xff,0x80,0x00,0x00,0x07,0xff,0x00,0x00,0xff,0x70,0x00,
  0x00,0x07,0xff,0x00,0x00,0xff,0x70,0x00,0x00,0x07,0xff,0x00,0x00,0xff,0x70,0x00,0x00,0x07,0xff,0x00,0x00,0xff,0x70,0x00,
  0x00,0x07,0xff,0x00,0x00,0xff,0x70,0x00,0x00,0x07,0xff,0x00,0x00,0xff,0x70,0x00,0x00,0x07,0xff,0x00,0x00,0xff,0x70,0x00,
  0x00,0x07,0xff,0x00,0x00,0x9e,0x20,0x00,0xff,0x60,0x00,0x7b,0x10,0x00,0x00,0x00,0x00,0xff,0x70,0x00,0xff,0x70,0x00,0xff,
  0x70,0x00,0xff,0x70,0x00,0xff,0x70,0x00,0xff,0x70,0x00,0xff,0x70,0x00,0xff,0x70,0x00,0xff,0x70,0x00,0xff,0x70,0x00,0xff,
  0x70,0x00,0xff,0x70,0x00,0xff,0x70,0x00,0xff,0x70,0x00,0x9e,0x20,0x00,0xff,0x60,0x00,0x7b,0x10,0x00,0x00,0x00,0x00,0xff,
  0x70,0x00,0xff,0x70,0x00,0xff,0x70,0x00,0xff,0x70,0x00,0xff,0x70,0x00,0xff,0x70,0x00,0xff,0x70,0x00,0xff,0x70,0x00,0xff,
  0x70,0x00,0xff,0x70,0x00,0xff,0x70,0x00,0xff,0x70,0x00,0xff,0x70,0x00,0xff,0x70,0x00,0xff,0x60,0x00,0xff,0x60,0x04,0xff,
  0x50,0xdf,0xff,0x10,0xff,0xc3,0x00,0x00,0xff,0x70,0x00,0x00,0x00,0x00,0x00,0xff,0x70,0x00,0x00,0x00,0x00,0x00,0xff,0x70,
  0x00,0x00,0x00,0x00,0x00,0xff,0x70,0x00,0x00,0x00,0x00,0x00,0xff,0x70,0x00,0x00,0x00,0x00,0x00,0xff,0x70,0x00,0x00,0x9f,
  0xf4,0x00,0xff,0x70,0x00,0x08,0xff,0x40,0x00,0xff,0x70,0x00,0x6f,0xf4,0x00,0x00,0xff,0x70,0x05,0xff,0x50,0x00,0x00,0xff,
  0x70,0x4f,0xf5,0x00,0x00,0x00,0xff,0x73,0xff,0x60,0x00,0x00,0x00,0xff,0x9e,0xf8,0x00,0x00,0x00,0x00,0xff,0xff,0xfe,0x20,
  0x00,0x00,0x00,0xff,0xf6,0xdf,0xd1,0x00,0x00,0x00,0xff,0x90,0x2e,0xfc,0x00,0x00,0x00,0xff,0x70,0x03,0xff,0xb0,0x00,0x00,
  0xff,0x70,0x00,0x5f,0xf9,0x00,0x00,0xff,0x70,0x00,0x08,0xff,0x70,0x00,0xff,0x70,0x00,0x00,0xaf,0xf5,0x00,0xff,0x70,0x00,
  0x00,0xff,0x70,0x00,0x00,0xff,0x70,0x00,0x00,0xff,0x70,0x00,0x00,0xff,0x70,0x00,0x00,0xff,0x70,0x00,0x00,0xff,0x70,0x00,
  0x00,0xff,0x70,0x00,0x00,0xff,0x70,0x00,0x00,0xff,0x70,0x00,0x00,0xff,0x70,0x00,0x00,0xff,0x70,0x00,0x00,0xff,0x70,0x00,
  0x00,0xff,0x70,0x00,0x00,0xff,0x70,0x00,0x00,0xff,0x70,0x00,0x00,0xff,0x80,0x00,0x00,0xef,0xfb,0x00,0x00,0x5e,0xff,0x00,
  0x00,0xff,0x74,0xce,0xfc,0x50,0x04,0xce,0xfc,0x50,0x00,0x00,0xff,0x9f,0xdb,0xef,0xf7,0x3f,0xdb,0xef,0xf7,0x00,0x00,0xff,
  0xf9,0x00,0x0b,0xff,0xe9,0x00,0x0b,0xff,0x00,0x00,0xff,0xf0,0x00,0x03,0xff,0xf0,0x00,0x03,0xff,0x40,0x00,0xff,0xa0,0x00,
  0x01,0xff,0xa0,0x00,0x01,0xff,0x60,0x00,0xff,0x80,0x00,0x00,0xff,0x80,0x00,0x00,0xff,0x60,0x00,0xff,0x70,0x00,0x00,0xff,
  0x70,0x00,0x00,0xff,0x70,0x00,0xff,0x70,0x00,0x00,0xff,0x70,0x00,0x00,0xff,0x70,0x00,0xff,0x70,0x00,0x00,0xff,0x70,0x00,
  0x00,0xff,0x70,0x00,0xff,0x70,0x00,0x00,0xff,0x70,0x00,0x00,0xff,0x70,0x00,0xff,0x70,0x00,0x00,0xff,0x70,0x00,0x00,0xff,
  0x70,0x00,0xff,0x70,0x00,0x00,0xff,0x70,0x00,0x00,0xff,0x70,0x00,0xff,0x70,0x00,0x00,0xff,0x70,0x00,0x00,0xff,0x70,0x00,
  0xff,0x70,0x00,0x00,0xff,0x70,0x00,0x00,0xff,0x70,0x00,0xff,0x71,0x8d,0xff,0xd7,0x00,0x00,0x00,0xff,0x7d,0xfd,0xbe,0xff,
  0xd0,0x00,0x00,0xff,0xef,0x40,0x00,0x6f,0xf8,0x00,0x00,0xff,0xf5,0x00,0x00,0x0c,0xfd,0x00,0x00,0xff,0xe0,0x00,0x00,0x08,
  0xff,0x00,0x00,0xff,0xa0,0x00,0x00,0x07,0xff,0x00,0x00,0xff,0x80,0x00,0x00,0x07,0xff,0x00,0x00,0xff,0x70,0x00,0x00,0x07,
  0xff,0x00,0x00,0xff,0x70,0x00,0x00,0x07,0xff,0x00,0x00,0xff,0x70,0x00,0x00,0x07,0xff,0x00,0x00,0xff,0x70,0x00,0x00,0x07,
  0xff,0x00,0x00,0xff,0x70,0x00,0x00,0x07,0xff,0x00,0x00,0xff,0x70,0x00,0x00,0x07,0xff,0x00,0x00,0xff,0x70,0x00,0x00,0x07,
  0xff,0x00,0x00,0x00,0x5a,0xef,0xec,0x81,0x00,0x00,0x00,0x0b,0xff,0xeb,0xcf,0xfe,0x30,0x00,0x00,0xaf,0xf5,0x00,0x01,0xcf,
  0xf2,0x00,0x03,0xff,0x50,0x00,0x00,0x0e,0xfa,0x00,0x0a,0xfd,0x00,0x00,0x00,0x06,0xff,0x10,0x0d,0xf9,0x00,0x00,0x00,0x02,
  0xff,0x40,0x0f,0xf7,0x00,0x00,0x00,0x00,0xff,0x60,0x0f,0xf7,0x00,0x00,0x00,0x00,0xff,0x60,0x0d,0xf9,0x00,0x00,0x00,0x02,
  0xff,0x40,0x0a,0xfd,0x00,0x00,0x00,0x06,0xff,0x10,0x03,0xff,0x60,0x00,0x00,0x0e,0xfa,0x00,0x00,0xaf,0xf5,0x00,0x01,0xcf,
  0xf2,0x00,0x00,0x0b,0xff,0xeb,0xcf,0xfe,0x30,0x00,0x00,0x00,0x5b,0xef,0xfc,0x81,0x00,0x00,0x00,0xff,0x71,0x8d,0xff,0xc7,
  0x00,0x00,0x00,0xff,0x7d,0xfd,0xbd,0xff,0xd1,0x00,0x00,0xff,0xee,0x40,0x00,0x3e,0xfc,0x00,0x00,0xff,0xf3,0x00,0x00,0x04,
  0xff,0x50,0x00,0xff,0xc0,0x00,0x00,0x00,0xdf,0xb0,0x00,0xff,0x80,0x00,0x00,0x00,0x9f,0xe0,0x00,0xff,0x70,0x00,0x00,0x00,
  0x7f,0xf0,0x00,0xff,0x70,0x00,0x00,0x00,0x7f,0xf0,0x00,0xff,0x80,0x00,0x00,0x00,0x9f,0xd0,0x00,0xff,0xb0,0x00,0x00,0x00,
  0xdf,0x90,0x00,0xff,0xf3,0x00,0x00,0x04,0xff,0x30,0x00,0xff,0xfe,0x40,0x00,0x4f,0xfa,0x00,0x00,0xff,0x9f,0xfd,0xbd,0xff,
  0xa0,0x00,0x00,0xff,0x73,0xad,0xfe,0xb4,0x00,0x00,0x00,0xff,0x70,0x00,0x00,0x00,0x00,0x00,0x00,0xff,0x70,0x00,0x00,0x00,
  0x00,0x00,0x00,0xff,0x70,0x00,0x00,0x00,0x00,0x00,0x00,0xff,0x70,0x00,0x00,0x00,0x00,0x00,0x00,0xff,0x70,0x00,0x00,0x00,
  0x00,0x00,0x00,0x00,0x3a,0xef,0xec,0x60,0xff,0x70,0x00,0x09,0xff,0xeb,0xcf,0xf8,0xff,0x70,0x00,0x9f,0xf5,0x00,0x01,0xbf,
  0xff,0x70,0x03,0xff,0x50,0x00,0x00,0x0c,0xff,0x70,0x09,0xfd,0x00,0x00,0x00,0x04,0xff,0x70,0x0d,0xf9,0x00,0x00,0x00,0x01,
  0xff,0x70,0x0f,0xf7,0x00,0x00,0x00,0x00,0xff,0x70,0x0f,0xf7,0x00,0x00,0x00,0x00,0xff,0x70,0x0e,0xf9,0x00,0x00,0x00,0x01,
  0xff,0x70,0x0b,0xfd,0x00,0x00,0x00,0x05,0xff,0x70,0x05,0xff,0x50,0x00,0x00,0x0d,0xff,0x70,0x00,0xcf,0xf4,0x00,0x01,0xbe,
  0xff,0x70,0x00,0x1c,0xff,0xdb,0xcf,0xf4,0xff,0x70,0x00,0x00,0x6c,0xef,0xea,0x30,0xff,0x70,0x00,0x00,0x00,0x00,0x00,0x00,
  0xff,0x70,0x00,0x00,0x00,0x00,0x00,0x00,0xff,0x70,0x00,0x00,0x00,0x00,0x00,0x00,0xff,0x70,0x00,0x00,0x00,0x00,0x00,0x00,
  0xff,0x70,0x00,0x00,0x00,0x00,0x00,0x00,0xff,0x70,0x00,0xff,0x73,0xcf,0x80,0x00,0xff,0x8e,0xfd,0x50,0x00,0xff,0xfd,0x20,
  0x00,0x00,0xff,0xf1,0x00,0x00,0x00,0xff,0xa0,0x00,0x00,0x00,0xff,0x70,0x00,0x00,0x00,0xff,0x70,0x00,0x00,0x00,0xff,0x70,
  0x00,0x00,0x00,0xff,0x70,0x00,0x00,0x00,0xff,0x70,0x00,0x00,0x00,0xff,0x70,0x00,0x00,0x00,0xff,0x70,0x00,0x00,0x00,0xff,
  0x70,0x00,0x00,0x00,0xff,0x70,0x00,0x00,0x00,0x29,0xef,0xfc,0x50,0x00,0x03,0xff,0xeb,0xdf,0xf9,0x00,0x0b,0xfc,0x00,0x07,
  0xff,0x50,0x0f,0xf7,0x00,0x00,0xdf,0xa0,0x0e,0xfb,0x00,0x00,0x12,0x20,0x09,0xff,0xb4,0x00,0x00,0x00,0x00,0x9f,0xff,0xfa,
  0x30,0x00,0x00,0x02,0x8d,0xff,0xfa,0x00,0x00,0x00,0x00,0x2a,0xff,0x90,0x24,0x40,0x00,0x00,0xbf,0xe0,0x5f,0xf2,0x00,0x00,
  0x7f,0xf0,0x0e,0xfc,0x10,0x01,0xdf,0xc0,0x04,0xff,0xfc,0xcf,0xfe,0x30,0x00,0x29,0xdf,0xec,0x81,0x00,0x00,0x7f,0xf0,0x00,
  0x00,0x00,0x7f,0xf0,0x00,0x00,0x00,0x7f,0xf0,0x00,0x00,0x0f,0xff,0xff,0xff,0x00,0x0b,0xdf,0xfb,0xbb,0x00,0x00,0x7f,0xf0,
  0x00,0x00,0x00,0x7f,0xf0,0x00,0x00,0x00,0x7f,0xf0,0x00,0x00,0x00,0x7f,0xf0,0x00,0x00,0x00,0x7f,0xf0,0x00,0x00,0x00,0x7f,
  0xf0,0x00,0x00,0x00,0x7f,0xf0,0x00,0x00,0x00,0x7f,0xf0,0x00,0x00,0x00,0x6f,0xf0,0x00,0x00,0x00,0x6f,0xf4,0x00,0x00,0x00,
  0x2f,0xff,0xcb,0x00,0x00,0x05,0xdf,0xfe,0x00,0x00,0xff,0x70,0x00,0x00,0x07,0xff,0x00,0x00,0xff,0x70,0x00,0x00,0x07,0xff,
  0x00,0x00,0xff,0x70,0x00,0x00,0x07,0xff,0x00,0x00,0xff,0x70,0x00,0x00,0x07,0xff,0x00,0x00,0xff,0x70,0x00,0x00,0x07,0xff,
  0x00,0x00,0xff,0x70,0x00,0x00,0x07,0xff,0x00,0x00,0xff,0x70,0x00,0x00,0x07,0xff,0x00,0x00,0xff,0x70,0x00,0x00,0x08,0xff,
  0x00,0x00,0xff,0x70,0x00,0x00,0x0a,0xff,0x00,0x00,0xff,0x80,0x00,0x00,0x0e,0xff,0x00,0x00,0xdf,0xc0,0x00,0x00,0x5f,0xff,
  0x00,0x00,0x8f,0xf8,0x00,0x03,0xee,0xff,0x00,0x00,0x0c,0xff,0xeb,0xdf,0xe7,0xff,0x00,0x00,0x00,0x6c,0xef,0xd8,0x17,0xff,
  0x00,0xcf,0xa0,0x00,0x00,0x00,0x5f,0xf0,0x6f,0xf0,0x00,0x00,0x00,0xaf,0xa0,0x1f,0xf5,0x00,0x00,0x00,0xff,0x40,0x0a,0xfb,
  0x00,0x00,0x05,0xfe,0x00,0x04,0xff,0x00,0x00,0x0a,0xf8,0x00,0x00,0xef,0x50,0x00,0x0f,0xf2,0x00,0x00,0x8f,0xb0,0x00,0x5f,
  0xc0,0x00,0x00,0x2f,0xf1,0x00,0xaf,0x60,0x00,0x00,0x0c,0xf6,0x00,0xff,0x10,0x00,0x00,0x06,0xfb,0x05,0xfa,0x00,0x00,0x00,
  0x01,0xff,0x1a,0xf4,0x00,0x00,0x00,0x00,0xaf,0x7f,0xe0,0x00,0x00,0x00,0x00,0x4f,0xff,0x80,0x00,0x00,0x00,0x00,0x0e,0xff,
  0x20,0x00,0x00,0xdf,0xb0,0x00,0x00,0x5f,0xfb,0x00,0x00,0x04,0xff,0x10,0x8f,0xf0,0x00,0x00,0x9f,0xff,0x00,0x00,0x08,0xfc,
  0x00,0x3f,0xf4,0x00,0x00,0xdf,0xdf,0x30,0x00,0x0d,0xf7,0x00,0x0d,0xf8,0x00,0x01,0xfc,0x8f,0x80,0x00,0x1f,0xf2,0x00,0x08,
  0xfc,0x00,0x05,0xf8,0x4f,0xc0,0x00,0x5f,0xd0,0x00,0x03,0xff,0x10,0x09,0xf4,0x0f,0xf0,0x00,0xaf,0x80,0x00,0x00,0xef,0x50,
  0x0d,0xf0,0x0b,0xf4,0x00,0xef,0x30,0x00,0x00,0x9f,0x90,0x1f,0xc0,0x07,0xf8,0x03,0xfe,0x00,0x00,0x00,0x4f,0xe0,0x5f,0x80,
  0x03,0xfc,0x07,0xf9,0x00,0x00,0x00,0x0f,0xf2,0x9f,0x30,0x00,0xff,0x1b,0xf4,0x00,0x00,0x00,0x0a,0xf6,0xdf,0x00,0x00,0xbf,
  0x5f,0xe0,0x00,0x00,0x00,0x05,0xfd,0xfb,0x00,0x00,0x7f,0xdf,0xa0,0x00,0x00,0x00,0x01,0xff,0xf7,0x00,0x00,0x3f,0xff,0x50,
  0x00,0x00,0x00,0x00,0xbf,0xf3,0x00,0x00,0x0e,0xff,0x00,0x00,0x00,0x0a,0xfe,0x10,0x00,0x00,0xbf,0xc0,0x00,0xef,0xa0,0x00,
  0x05,0xff,0x20,0x00,0x4f,0xf4,0x00,0x1e,0xf6,0x00,0x00,0x09,0xfd,0x00,0xaf,0xb0,0x00,0x00,0x00,0xdf,0x84,0xfe,0x10,0x00,
  0x00,0x00,0x3f,0xfe,0xf4,0x00,0x00,0x00,0x00,0x08,0xff,0x90,0x00,0x00,0x00,0x00,0x09,0xff,0xc0,0x00,0x00,0x00,0x00,0x5f,
  0xed,0xf7,0x00,0x00,0x00,0x01,0xef,0x44,0xff,0x20,0x00,0x00,0x0b,0xfa,0x00,0xaf,0xc0,0x00,0x00,0x6f,0xe1,0x00,0x1e,0xf8,
  0x00,0x02,0xff,0x50,0x00,0x05,0xff,0x30,0x0c,0xfb,0x00,0x00,0x00,0xbf,0xd0,0x5f,0xf2,0x00,0x00,0x00,0x0f,0xf7,0x0e,0xf8,
  0x00,0x00,0x00,0x4f,0xf1,0x08,0xfd,0x00,0x00,0x00,0xaf,0xb0,0x02,0xff,0x30,0x00,0x00,0xff,0x40,0x00,0xcf,0x80,0x00,0x05,
  0xfe,0x00,0x00,0x6f,0xe0,0x00,0x0a,0xf8,0x00,0x00,0x0f,0xf3,0x00,0x0f,0xf2,0x00,0x00,0x0a,0xf9,0x00,0x5f,0xc0,0x00,0x00,
  0x04,0xfe,0x00,0xaf,0x60,0x00,0x00,0x00,0xef,0x40,0xff,0x00,0x00,0x00,0x00,0x8f,0x95,0xf9,0x00,0x00,0x00,0x00,0x2f,0xeb,
  0xf3,0x00,0x00,0x00,0x00,0x0b,0xff,0xd0,0x00,0x00,0x00,0x00,0x05,0xff,0x70,0x00,0x00,0x00,0x00,0x01,0xff,0x10,0x00,0x00,
  0x00,0x00,0x08,0xfa,0x00,0x00,0x00,0x00,0x00,0x4f,0xf2,0x00,0x00,0x00,0x00,0xbc,0xff,0x60,0x00,0x00,0x00,0x00,0xff,0xc4,
  0x00,0x00,0x00,0x00,0x00,0xff,0xff,0xff,0xff,0xff,0x00,0x00,0xbb,0xbb,0xbb,0xbf,0xff,0x00,0x00,0x00,0x00,0x00,0x5f,0xf6,
  0x00,0x00,0x00,0x00,0x02,0xff,0xa0,0x00,0x00,0x00,0x00,0x0d,0xfd,0x00,0x00,0x00,0x00,0x00,0xaf,0xf3,0x00,0x00,0x00,0x00,
  0x07,0xff,0x60,0x00,0x00,0x00,0x00,0x3f,0xfa,0x00,0x00,0x00,0x00,0x01,0xef,0xd0,0x00,0x00,0x00,0x00,0x0c,0xff,0x20,0x00,
  0x00,0x00,0x00,0x9f,0xf6,0x00,0x00,0x00,0x00,0x05,0xff,0xa0,0x00,0x00,0x00,0x00,0x0f,0xff,0xcb,0xbb,0xbb,0xbb,0x00,0x0f,
  0xff,0xff,0xff,0xff,0xff,0x00,0x00,0x01,0xae,0xa0,0x00,0x0b,0xfe,0x70,0x00,0x0f,0xe0,0x00,0x00,0x0f,0xd0,0x00,0x00,0x0f,
  0xe0,0x00,0x00,0x0e,0xe0,0x00,0x00,0x0e,0xf0,0x00,0x00,0x0d,0xf0,0x00,0x00,0x0e,0xf0,0x00,0x00,0x3f,0xc0,0x00,0x06,0xfc,
  0x20,0x00,0x06,0xfd,0x20,0x00,0x00,0x3f,0xc0,0x00,0x00,0x0d,0xf0,0x00,0x00,0x0d,0xf0,0x00,0x00,0x0e,0xf0,0x00,0x00,0x0e,
  0xe0,0x00,0x00,0x0f,0xe0,0x00,0x00,0x0f,0xd0,0x00,0x00,0x0f,0xe0,0x00,0x00,0x0b,0xfd,0x70,0x00,0x02,0xae,0xa0,0x00,0x86,
  0x00,0x00,0xfd,0x00,0x00,0xfd,0x00,0x00,0xfd,0x00,0x00,0xfd,0x00,0x00,0xfd,0x00,0x00,0xfd,0x00,0x00,0xfd,0x00,0x00,0xfd,
  0x00,0x00,0xfd,0x00,0x00,0xfd,0x00,0x00,0xfd,0x00,0x00,0xfd,0x00,0x00,0xfd,0x00,0x00,0xfd,0x00,0x00,0xfd,0x00,0x00,0xfd,
  0x00,0x00,0xfd,0x00,0x00,0xfd,0x00,0x00,0xfd,0x00,0x00,0xfd,0x00,0x00,0xfd,0x00,0x00,0xfd,0x00,0x00,0xfd,0x00,0x00,0xfd,
  0x00,0x00,0xfd,0x00,0x0a,0xea,0x10,0x00,0x07,0xef,0xb0,0x00,0x00,0x0e,0xf0,0x00,0x00,0x0d,0xf0,0x00,0x00,0x0e,0xf0,0x00,
  0x00,0x0e,0xe0,0x00,0x00,0x0f,0xe0,0x00,0x00,0x0f,0xd0,0x00,0x00,0x0f,0xd0,0x00,0x00,0x0c,0xf3,0x00,0x00,0x03,0xdf,0x60,
  0x00,0x02,0xcf,0x60,0x00,0x0c,0xf3,0x00,0x00,0x0f,0xd0,0x00,0x00,0x0f,0xd0,0x00,0x00,0x0f,0xe0,0x00,0x00,0x0e,0xe0,0x00,
  0x00,0x0e,0xf0,0x00,0x00,0x0d,0xf0,0x00,0x00,0x0e,0xf0,0x00,0x07,0xdf,0xb0,0x00,0x0a,0xea,0x10,0x00,0x00,0x2b,0xfe,0xa4,
  0x00,0x03,0xe0,0x00,0x00,0xce,0xae,0xff,0xe9,0x6c,0xb0,0x00,0x01,0xf2,0x00,0x4a,0xff,0xfe,0x30,0x00,0x00,0x50,0x00,0x00,
  0x14,0x40,0x00,0x00,0x00,0x00,0x00,0x00,0x00,0x00,0x00,0x00,0x00,0x00,0x00,0x00,0x00,0x00,0x00,0x00,0x00,0x00,0x00,0x00,
  0x00,0x00,0x00,0x00,0x00,0x00,0x00,0x00,0x00,0x00,0x00,0x00,0x00,0x00,0x00,0x00,0x00,0x00,0x00,0x00,
};
static const Glyph font_body_glyphs[] = {
  {0, 6, 0, 0, 0, 6},  // ' '
  {0, 5, 18, 0, -18, 5},  // '!'
  {54, 9, 19, 0, -19, 9},  // '"'
  {149, 16, 18, 0, -18, 16},  // '#'
  {293, 15, 23, 0, -21, 15},  // '$'
  {477, 20, 18, 0, -18, 20},  // '%'
  {657, 17, 18, 0, -18, 17},  // '&'
  {819, 5, 19, 0, -19, 5},  // "'"
  {876, 9, 22, 0, -20, 9},  // '('
  {986, 9, 22, 0, -20, 9},  // ')'
  {1096, 15, 12, 0, -12, 15},  // '*'
  {1192, 15, 14, 0, -14, 15},  // '+'
  {1304, 7, 6, -1, -3, 6},  // ','
  {1328, 7, 9, 0, -9, 7},  // '-'
  {1364, 5, 3, 0, -3, 5},  // '.'
  {1373, 10, 20, -1, -19, 8},  // '/'
  {1473, 15, 18, 0, -18, 15},  // '0'
  {1617, 15, 18, 0, -18, 15},  // '1'
  {1761, 15, 18, 0, -18, 15},  // '2'
  {1905, 15, 18, 0, -18, 15},  // '3'
  {2049, 15, 18, 0, -18, 15},  // '4'
  {2193, 15, 18, 0, -18, 15},  // '5'
  {2337, 15, 18, 0, -18, 15},  // '6'
  {2481, 15, 18, 0, -18, 15},  // '7'
  {2625, 15, 18, 0, -18, 15},  // '8'
  {2769, 15, 18, 0, -18, 15},  // '9'
  {2913, 5, 14, 0, -14, 5},  // ':'
  {2955, 6, 17, -1, -14, 5},  // ';'
  {3006, 15, 13, 0, -13, 15},  // '<'
  {3110, 15, 12, 0, -12, 15},  // '='
  {3206, 15, 13, 0, -13, 15},  // '>'
  {3310, 13, 18, 0, -18, 13},  // '?'
  {3436, 22, 20, 0, -17, 22},  // '@'
  {3656, 17, 18, 0, -18, 17},  // 'A'
  {3818, 16, 18, 0, -18, 16},  // 'B'
  {3962, 18, 18, 0, -18, 18},  // 'C'
  {4124, 19, 18, 0, -18, 19},  // 'D'
  {4304, 16, 18, 0, -18, 16},  // 'E'
  {4448, 15, 18, 0, -18, 15},  // 'F'
  {4592, 19, 18, 0, -18, 19},  // 'G'
  {4772, 19, 18, 0, -18, 19},  // 'H'
  {4952, 7, 18, 0, -18, 7},  // 'I'
  {5024, 14, 18, 0, -18, 14},  // 'J'
  {5150, 17, 18, 0, -18, 16},  // 'K'
  {5312, 16, 18, 0, -18, 16},  // 'L'
  {5456, 23, 18, 0, -18, 23},  // 'M'
  {5672, 19, 18, 0, -18, 19},  // 'N'
  {5852, 19, 18, 0, -18, 19},  // 'O'
  {6032, 16, 18, 0, -18, 16},  // 'P'
  {6176, 19, 19, 0, -18, 19},  // 'Q'
  {6366, 16, 18, 0, -18, 16},  // 'R'
  {6510, 15, 18, 0, -18, 15},  // 'S'
  {6654, 16, 18, 0, -18, 16},  // 'T'
  {6798, 17, 18, 0, -18, 17},  // 'U'
  {6960, 17, 18, 0, -18, 16},  // 'V'
  {7122, 25, 18, 0, -18, 25},  // 'W'
  {7356, 17, 18, 0, -18, 16},  // 'X'
  {7518, 16, 18, 0, -18, 15},  // 'Y'
  {7662, 16, 18, 0, -18, 16},  // 'Z'
  {7806, 9, 22, 0, -20, 9},  // '['
  {7916, 10, 20, -1, -19, 8},  // '\\'
  {8016, 8, 22, 0, -20, 8},  // ']'
  {8104, 15, 17, 0, -17, 15},  // '^'
  {8240, 12, 2, 0, 0, 12},  // '_'
  {8252, 8, 18, 0, -18, 8},  // '`'
  {8324, 14, 14, 0, -14, 14},  // 'a'
  {8422, 16, 19, 0, -19, 16},  // 'b'
  {8574, 14, 14, 0, -14, 14},  // 'c'
  {8672, 16, 19, 0, -19, 16},  // 'd'
  {8824, 15, 14, 0, -14, 15},  // 'e'
  {8936, 9, 20, 0, -20, 9},  // 'f'
  {9036, 16, 19, 0, -14, 16},  // 'g'
  {9188, 16, 19, 0, -19, 16},  // 'h'
  {9340, 6, 18, 0, -18, 6},  // 'i'
  {9394, 6, 23, 0, -18, 6},  // 'j'
  {9463, 14, 19, 0, -19, 14},  // 'k'
  {9596, 7, 19, 0, -19, 7},  // 'l'
  {9672, 22, 14, 0, -14, 22},  // 'm'
  {9826, 16, 14, 0, -14, 16},  // 'n'
  {9938, 15, 14, 0, -14, 15},  // 'o'
  {10050, 16, 19, 0, -14, 16},  // 'p'
  {10202, 16, 19, 0, -14, 16},  // 'q'
  {10354, 9, 14, 0, -14, 9},  // 'r'
  {10424, 12, 14, 0, -14, 12},  // 's'
  {10508, 9, 17, 0, -17, 9},  // 't'
  {10593, 16, 14, 0, -14, 16},  // 'u'
  {10705, 14, 14, 0, -14, 13},  // 'v'
  {10803, 21, 14, 0, -14, 20},  // 'w'
  {10957, 14, 14, -1, -14, 13},  // 'x'
  {11055, 14, 19, 0, -14, 13},  // 'y'
  {11188, 13, 14, 0, -14, 13},  // 'z'
  {11286, 8, 22, 0, -20, 8},  // '{'
  {11374, 6, 26, 0, -21, 6},  // '|'
  {11452, 8, 22, 0, -20, 8},  // '}'
  {11540, 15, 9, 0, -9, 15},  // '~'
};
static const Font FONT_BODY = {font_body_bits, font_body_glyphs, 32, 126, 26, 37};

static const uint8_t font_heading_bits[] = {
  0x00,0x0f,0xff,0xc0,0x00,0x00,0x0f,0xff,0xc0,0x00,0x00,0x0f,0xff,0xc0,0x00,0x00,0x0f,0xff,0xc0,0x00,0x00,0x0f,0xff,0xc0,
  0x00,0x00,0x0f,0xff,0xc0,0x00,0x00,0x0f,0xff,0xc0,0x00,0x00,0x0f,0xff,0xc0,0x00,0x00,0x0f,0xff,0xc0,0x00,0x00,0x0f,0xff,
  0xc0,0x00,0x00,0x0f,0xff,0xc0,0x00,0x00,0x0f,0xff,0xc0,0x00,0x00,0x0f,0xff,0xc0,0x00,0x00,0x0f,0xff,0xc0,0x00,0x00,0x0f,
  0xff,0xc0,0x00,0x00,0x0f,0xff,0xc0,0x00,0x00,0x0f,0xff,0xc0,0x00,0x00,0x0f,0xff,0xc0,0x00,0x00,0x0f,0xff,0xc0,0x00,0x00,
  0x0f,0xff,0xc0,0x00,0x00,0x0f,0xff,0xc0,0x00,0x00,0x00,0x00,0x00,0x00,0x00,0x00,0x00,0x00,0x00,0x00,0x04,0x74,0x00,0x00,
  0x00,0x7f,0xff,0x70,0x00,0x00,0xef,0xff,0xe0,0x00,0x00,0xef,0xff,0xe0,0x00,0x00,0x7f,0xff,0x70,0x00,0x00,0x04,0x74,0x00,
  0x00,0x00,0x00,0xff,0xfc,0x0c,0xff,0xf0,0x00,0x00,0xff,0xfc,0x0c,0xff,0xf0,0x00,0x00,0xff,0xfc,0x0c,0xff,0xf0,0x00,0x00,
  0xff,0xfc,0x0c,0xff,0xf0,0x00,0x00,0xff,0xfc,0x0c,0xff,0xf0,0x00,0x00,0xff,0xfc,0x0c,0xff,0xf0,0x00,0x00,0xff,0xfc,0x0c,
  0xff,0xf0,0x00,0x00,0xff,0xfc,0x0c,0xff,0xf0,0x00,0x00,0xff,0xfc,0x0c,0xff,0xf0,0x00,0x00,0xff,0xfc,0x0c,0xff,0xf0,0x00,
  0x00,0x00,0x00,0x00,0x00,0x00,0x00,0x00,0x00,0x00,0x00,0x00,0x00,0x00,0x00,0x00,0x00,0x00,0x00,0x00,0x00,0x00,0x00,0x00,
  0x00,0x00,0x00,0x00,0x00,0x00,0x00,0x00,0x00,0x00,0x00,0x00,0x00,0x00,0x00,0x00,0x00,0x00,0x00,0x00,0x00,0x00,0x00,0x00,
  0x00,0x00,0x00,0x00,0x00,0x00,0x00,0x00,0x00,0x00,0x00,0x00,0x00,0x00,0x00,0x00,0x00,0x00,0x00,0x00,0x00,0x00,0x00,0x00,
  0x00,0x00,0x00,0x00,0x00,0x00,0x00,0x00,0x00,0x00,0x00,0x00,0x00,0x00,0x00,0x00,0x00,0x00,0x00,0x00,0x00,0x00,0x00,0x00,
  0x00,0x00,0x00,0x00,0x00,0x00,0x00,0x00,0x00,0x00,0x00,0x00,0x00,0x00,0x00,0x00,0x00,0x00,0x00,0x00,0x00,0x00,0x00,0x00,
  0x00,0x00,0x00,0x00,0x00,0x00,0x00,0x00,0x00,0x00,0x00,0x00,0x00,0x00,0x00,0x00,0x00,0x00,0x00,0x00,0x00,0x00,0x00,0x00,
  0xcf,0x80,0x00,0xef,0x60,0x00,0x00,0x00,0x00,0x00,0x00,0x00,0xff,0x40,0x01,0xff,0x20,0x00,0x00,0x00,0x00,0x00,0x00,0x03,
  0xff,0x10,0x05,0xff,0x00,0x00,0x00,0x00,0x00,0x00,0x00,0x06,0xfe,0x00,0x08,0xfc,0x00,0x00,0x00,0x00,0x00,0x00,0x00,0x09,
  0xfa,0x00,0x0b,0xf8,0x00,0x00,0x00,0x00,0x00,0x00,0x00,0x0d,0xf7,0x00,0x0e,0xf5,0x00,0x00,0x00,0x00,0x00,0x00,0x00,0x0f,
  0xf4,0x00,0x2f,0xf2,0x00,0x00,0x00,0x00,0x00,0x00,0x00,0x3f,0xf1,0x00,0x5f,0xe0,0x00,0x00,0x00,0x00,0x00,0x00,0x00,0x7f,
  0xd0,0x00,0x8f,0xb0,0x00,0x00,0x00,0x00,0x00,0xff,0xff,0xff,0xff,0xff,0xff,0xff,0xff,0x00,0x00,0x00,0x00,0xff,0xff,0xff,
  0xff,0xff,0xff,0xff,0xff,0x00,0x00,0x00,0x00,0x44,0x45,0xff,0x74,0x46,0xff,0x54,0x44,0x00,0x00,0x00,0x00,0x00,0x04,0xff,
  0x00,0x05,0xfe,0x00,0x00,0x00,0x00,0x00,0x00,0x00,0x07,0xfd,0x00,0x08,0xfb,0x00,0x00,0x00,0x00,0x00,0x00,0x00,0x0a,0xfa,
  0x00,0x0c,0xf8,0x00,0x00,0x00,0x00,0x00,0x00,0x00,0x0d,0xf6,0x00,0x0f,0xf4,0x00,0x00,0x00,0x00,0x00,0x00,0x00,0x0f,0xf3,
  0x00,0x2f,0xf1,0x00,0x00,0x00,0x00,0x00,0x0f,0xff,0xff,0xff,0xff,0xff,0xff,0xff,0xf0,0x00,0x00,0x00,0x0f,0xff,0xff,0xff,
  0xff,0xff,0xff,0xff,0xf0,0x00,0x00,0x00,0x0a,0xaa,0xef,0xea,0xaa,0xef,0xda,0xaa,0xa0,0x00,0x00,0x00,0x00,0x00,0xcf,0x70,
  0x00,0xef,0x50,0x00,0x00,0x00,0x00,0x00,0x00,0x00,0xff,0x30,0x02,0xff,0x20,0x00,0x00,0x00,0x00,0x00,0x00,0x04,0xff,0x00,
  0x06,0xfe,0x00,0x00,0x00,0x00,0x00,0x00,0x00,0x07,0xfc,0x00,0x09,0xfb,0x00,0x00,0x00,0x00,0x00,0x00,0x00,0x0b,0xf9,0x00,
  0x0d,0xf7,0x00,0x00,0x00,0x00,0x00,0x00,0x00,0x0e,0xf5,0x00,0x0f,0xf3,0x00,0x00,0x00,0x00,0x00,0x00,0x00,0x2f,0xf2,0x00,
  0x4f,0xf0,0x00,0x00,0x00,0x00,0x00,0x00,0x00,0x5f,0xe0,0x00,0x7f,0xc0,0x00,0x00,0x00,0x00,0x00,0x00,0x00,0x00,0x00,0x00,
  0x18,0x80,0x00,0x00,0x00,0x00,0x00,0x00,0x00,0x00,0x00,0x00,0x2f,0xf0,0x00,0x00,0x00,0x00,0x00,0x00,0x00,0x00,0x00,0x00,
  0x2f,0xf0,0x00,0x00,0x00,0x00,0x00,0x00,0x00,0x00,0x00,0x01,0x5f,0xf4,0x10,0x00,0x00,0x00,0x00,0x00,0x00,0x00,0x07,0xdf,
  0xff,0xff,0xfc,0x50,0x00,0x00,0x00,0x00,0x00,0x03,0xef,0xff,0xff,0xff,0xff,0xfa,0x00,0x00,0x00,0x00,0x00,0x3f,0xff,0xfd,
  0x9f,0xf9,0xef,0xff,0xa0,0x00,0x00,0x00,0x00,0xef,0xff,0x60,0x2f,0xf0,0x0b,0xff,0xf5,0x00,0x00,0x00,0x07,0xff,0xf6,0x00,
  0x2f,0xf0,0x00,0xef,0xfe,0x00,0x00,0x00,0x0c,0xff,0xf0,0x00,0x2f,0xf0,0x00,0x7f,0xff,0x40,0x00,0x00,0x0e,0xff,0xc0,0x00,
  0x2f,0xf0,0x00,0x3f,0xff,0x80,0x00,0x00,0x0f,0xff,0xd0,0x00,0x2f,0xf0,0x00,0x08,0x88,0x50,0x00,0x00,0x0e,0xff,0xf0,0x00,
  0x2f,0xf0,0x00,0x00,0x00,0x00,0x00,0x00,0x0b,0xff,0xf7,0x00,0x2f,0xf0,0x00,0x00,0x00,0x00,0x00,0x00,0x06,0xff,0xff,0x60,
  0x2f,0xf0,0x00,0x00,0x00,0x00,0x00,0x00,0x00,0xdf,0xff,0xfc,0x8f,0xf0,0x00,0x00,0x00,0x00,0x00,0x00,0x00,0x2e,0xff,0xff,
  0xff,0xfc,0x60,0x00,0x00,0x00,0x00,0x00,0x00,0x01,0xaf,0xff,0xff,0xff,0xfe,0x70,0x00,0x00,0x00,0x00,0x00,0x00,0x03,0xaf,
  0xff,0xff,0xff,0xfd,0x20,0x00,0x00,0x00,0x00,0x00,0x00,0x00,0x6f,0xff,0xff,0xff,0xe2,0x00,0x00,0x00,0x00,0x00,0x00,0x00,
  0x2f,0xf1,0x8f,0xff,0xfd,0x00,0x00,0x00,0x00,0x00,0x00,0x00,0x2f,0xf0,0x04,0xff,0xff,0x50,0x00,0x00,0x00,0x00,0x00,0x00,
  0x2f,0xf0,0x00,0x7f,0xff,0xb0,0x00,0x00,0x00,0x00,0x00,0x00,0x2f,0xf0,0x00,0x0f,0xff,0xe0,0x00,0x00,0x78,0x86,0x00,0x00,
  0x2f,0xf0,0x00,0x0d,0xff,0xf0,0x00,0x00,0xef,0xff,0x00,0x00,0x2f,0xf0,0x00,0x0c,0xff,0xe0,0x00,0x00,0xcf,0xff,0x50,0x00,
  0x2f,0xf0,0x00,0x0e,0xff,0xc0,0x00,0x00,0x7f,0xff,0xe0,0x00,0x2f,0xf0,0x00,0x4f,0xff,0x70,0x00,0x00,0x1e,0xff,0xfb,0x10,
  0x2f,0xf0,0x02,0xef,0xff,0x10,0x00,0x00,0x05,0xff,0xff,0xe8,0x6f,0xf4,0x9f,0xff,0xf5,0x00,0x00,0x00,0x00,0x5f,0xff,0xff,
  0xff,0xff,0xff,0xff,0x50,0x00,0x00,0x00,0x00,0x02,0xaf,0xff,0xff,0xff,0xff,0x91,0x00,0x00,0x00,0x00,0x00,0x00,0x00,0x46,
  0x8f,0xf7,0x50,0x00,0x00,0x00,0x00,0x00,0x00,0x00,0x00,0x00,0x2f,0xf0,0x00,0x00,0x00,0x00,0x00,0x00,0x00,0x00,0x00,0x00,
  0x2f,0xf0,0x00,0x00,0x00,0x00,0x00,0x00,0x00,0x00,0x00,0x00,0x18,0x80,0x00,0x00,0x00,0x00,0x00,0x00,0x00,0x00,0x57,0x75,
  0x00,0x00,0x00,0x00,0x00,0x00,0x00,0x00,0x00,0x00,0x00,0x00,0x7f,0xff,0xff,0xf7,0x00,0x00,0x00,0x00,0x00,0xcf,0xfb,0x00,
  0x00,0x00,0x08,0xff,0xff,0xff,0xff,0x80,0x00,0x00,0x00,0x07,0xff,0xf1,0x00,0x00,0x00,0x3f,0xff,0xd4,0x4d,0xff,0xf3,0x00,
  0x00,0x00,0x2f,0xff,0x60,0x00,0x00,0x00,0x9f,0xff,0x40,0x04,0xff,0xf9,0x00,0x00,0x00,0xbf,0xfc,0x00,0x00,0x00,0x00,0xdf,
  0xfe,0x00,0x00,0xef,0xfd,0x00,0x00,0x05,0xff,0xf2,0x00,0x00,0x00,0x00,0xff,0xfd,0x00,0x00,0xdf,0xff,0x00,0x00,0x1e,0xff,
  0x70,0x00,0x00,0x00,0x00,0xff,0xfc,0x00,0x00,0xcf,0xff,0x00,0x00,0x9f,0xfd,0x00,0x00,0x00,0x00,0x00,0xef,0xfe,0x00,0x00,
  0xef,0xfe,0x00,0x04,0xff,0xf3,0x00,0x00,0x00,0x00,0x00,0xaf,0xff,0x30,0x03,0xff,0xfa,0x00,0x0d,0xff,0x90,0x00,0x00,0x00,
  0x00,0x00,0x4f,0xff,0xc1,0x1c,0xff,0xf4,0x00,0x8f,0xfe,0x00,0x00,0x00,0x00,0x00,0x00,0x0a,0xff,0xff,0xff,0xff,0xa0,0x02,
  0xff,0xf4,0x00,0x00,0x00,0x00,0x00,0x00,0x00,0x9f,0xff,0xff,0xf9,0x00,0x0c,0xff,0xa0,0x00,0x00,0x00,0x00,0x00,0x00,0x00,
  0x02,0x7a,0xa7,0x20,0x00,0x6f,0xfe,0x10,0x00,0x00,0x00,0x00,0x00,0x00,0x00,0x00,0x00,0x00,0x00,0x01,0xff,0xf5,0x00,0x00,
  0x00,0x00,0x00,0x00,0x00,0x00,0x00,0x00,0x00,0x00,0x0a,0xff,0xb0,0x00,0x00,0x00,0x00,0x00,0x00,0x00,0x00,0x00,0x00,0x00,
  0x00,0x4f,0xff,0x10,0x00,0x25,0x65,0x20,0x00,0x00,0x00,0x00,0x00,0x00,0x00,0x00,0xef,0xf6,0x00,0x3c,0xff,0xff,0xfc,0x30,
  0x00,0x00,0x00,0x00,0x00,0x00,0x09,0xff,0xc0,0x03,0xff,0xff,0xff,0xff,0xf3,0x00,0x00,0x00,0x00,0x00,0x00,0x3f,0xff,0x20,
  0x0e,0xff,0xf4,0x04,0xff,0xfe,0x00,0x00,0x00,0x00,0x00,0x00,0xdf,0xf7,0x00,0x5f,0xff,0x70,0x00,0x7f,0xff,0x50,0x00,0x00,
  0x00,0x00,0x07,0xff,0xd0,0x00,0x9f,0xff,0x20,0x00,0x2f,0xff,0x90,0x00,0x00,0x00,0x00,0x2f,0xff,0x30,0x00,0xbf,0xff,0x00,
  0x00,0x0f,0xff,0xb0,0x00,0x00,0x00,0x00,0xbf,0xf9,0x00,0x00,0xbf,0xff,0x00,0x00,0x1f,0xff,0xb0,0x00,0x00,0x00,0x06,0xff,
  0xe0,0x00,0x00,0xaf,0xff,0x30,0x00,0x3f,0xff,0xa0,0x00,0x00,0x00,0x1e,0xff,0x40,0x00,0x00,0x6f,0xff,0x80,0x00,0x9f,0xff,
  0x60,0x00,0x00,0x00,0xaf,0xfa,0x00,0x00,0x00,0x0e,0xff,0xf7,0x37,0xff,0xfe,0x00,0x00,0x00,0x04,0xff,0xe1,0x00,0x00,0x00,
  0x04,0xff,0xff,0xff,0xff,0xf4,0x00,0x00,0x00,0x0d,0xff,0x50,0x00,0x00,0x00,0x00,0x4d,0xff,0xff,0xfd,0x40,0x00,0x00,0x00,
  0x00,0x00,0x00,0x00,0x00,0x00,0x00,0x00,0x36,0x76,0x30,0x00,0x00,0x00,0x00,0x00,0x00,0x00,0x04,0x67,0x77,0x64,0x10,0x00,
  0x00,0x00,0x00,0x00,0x00,0x00,0x00,0x4b,0xff,0xff,0xff,0xff,0xb0,0x00,0x00,0x00,0x00,0x00,0x00,0x00,0x0a,0xff,0xff,0xff,
  0xff,0xff,0xb0,0x00,0x00,0x00,0x00,0x00,0x00,0x00,0xcf,0xff,0xe8,0x43,0x33,0x57,0x60,0x00,0x00,0x00,0x00,0x00,0x00,0x09,
  0xff,0xfa,0x00,0x00,0x00,0x00,0x00,0x00,0x00,0x00,0x00,0x00,0x00,0x2f,0xff,0xc0,0x00,0x00,0x00,0x00,0x00,0x00,0x00,0x00,
  0x00,0x00,0x00,0x8f,0xff,0x40,0x00,0x00,0x00,0x00,0x00,0x00,0x00,0x00,0x00,0x00,0x00,0xaf,0xff,0x10,0x00,0x00,0x00,0x00,
  0x00,0x00,0x00,0x00,0x00,0x00,0x00,0xbf,0xff,0x00,0x00,0x00,0x00,0x00,0x22,0x21,0x00,0x00,0x00,0x00,0x00,0xaf,0xff,0x10,
  0x00,0x00,0x00,0x00,0xff,0xfc,0x00,0x00,0x00,0x00,0x00,0x6f,0xff,0x50,0x00,0x00,0x00,0x00,0xff,0xfc,0x00,0x00,0x00,0x00,
  0x00,0x1e,0xff,0xc0,0x00,0x00,0x00,0x00,0xff,0xfc,0x00,0x00,0x00,0x00,0x00,0x04,0xff,0xfb,0x20,0x00,0x00,0x00,0xff,0xfc,
  0x00,0x00,0x00,0x00,0x00,0x00,0x4e,0xff,0xfd,0xba,0xaa,0xaa,0xff,0xfe,0xaa,0xa5,0x00,0x00,0x00,0x00,0x00,0x7f,0xff,0xff,
  0xff,0xff,0xff,0xff,0xff,0xf8,0x00,0x00,0x00,0x00,0x3c,0xff,0xff,0xff,0xff,0xff,0xff,0xff,0xff,0xf8,0x00,0x00,0x00,0x07,
  0xff,0xff,0x95,0x20,0x00,0x00,0xff,0xfc,0x00,0x00,0x00,0x00,0x00,0x6f,0xff,0xa1,0x00,0x00,0x00,0x00,0xff,0xfc,0x00,0x00,
  0x00,0x00,0x02,0xff,0xfb,0x00,0x00,0x00,0x00,0x00,0xff,0xfc,0x00,0x00,0x00,0x00,0x09,0xff,0xf2,0x00,0x00,0x00,0x00,0x00,
  0xff,0xfc,0x00,0x00,0x00,0x00,0x0d,0xff,0xd0,0x00,0x00,0x00,0x00,0x00,0xff,0xfc,0x00,0x00,0x00,0x00,0x0f,0xff,0xc0,0x00,
  0x00,0x00,0x00,0x00,0xff,0xfc,0x00,0x00,0x00,0x00,0x0f,0xff,0xd0,0x00,0x00,0x00,0x00,0x00,0xff,0xfc,0x00,0x00,0x00,0x00,
  0x0d,0xff,0xf1,0x00,0x00,0x00,0x00,0x00,0xff,0xfc,0x00,0x00,0x00,0x00,0x09,0xff,0xf8,0x00,0x00,0x00,0x00,0x00,0xff,0xfc,
  0x00,0x00,0x00,0x00,0x03,0xff,0xff,0x70,0x00,0x00,0x00,0x00,0xff,0xfc,0x00,0x00,0x00,0x00,0x00,0x9f,0xff,0xfd,0x85,0x33,
  0x33,0x57,0xff,0xfc,0x00,0x00,0x00,0x00,0x00,0x07,0xff,0xff,0xff,0xff,0xff,0xff,0xff,0xfc,0x00,0x00,0x00,0x00,0x00,0x00,
  0x18,0xdf,0xff,0xff,0xff,0xff,0xff,0xe9,0x00,0x00,0x00,0x00,0x00,0x00,0x00,0x01,0x35,0x67,0x76,0x55,0x30,0x00,0x00,0x00,
  0x00,0x00,0xff,0xfc,0x00,0x00,0xff,0xfc,0x00,0x00,0xff,0xfc,0x00,0x00,0xff,0xfc,0x00,0x00,0xff,0xfc,0x00,0x00,0xff,0xfc,
  0x00,0x00,0xff,0xfc,0x00,0x00,0xff,0xfc,0x00,0x00,0xff,0xfc,0x00,0x00,0xff,0xfc,0x00,0x00,0x00,0x00,0x00,0x00,0x00,0x00,
  0x00,0x00,0x00,0x00,0x00,0x00,0x00,0x00,0x00,0x00,0x00,0x00,0x00,0x00,0x00,0x00,0x00,0x00,0x00,0x00,0x00,0x00,0x00,0x00,
  0x00,0x00,0x00,0x00,0x00,0x00,0x00,0x00,0x00,0x00,0x00,0x00,0x00,0x00,0x00,0x00,0x00,0x00,0x00,0x00,0x00,0x00,0x00,0x00,
  0x00,0x00,0x00,0x00,0x00,0x00,0x00,0x00,0x00,0x00,0x00,0x00,0x00,0x00,0x00,0x00,0x00,0x00,0x00,0x00,0x00,0x00,0x00,0x00,
  0x00,0x00,0x00,0x00,0x00,0xcf,0x80,0x00,0x00,0x00,0x05,0xff,0x10,0x00,0x00,0x00,0x0c,0xf8,0x00,0x00,0x00,0x00,0x4f,0xf1,
  0x00,0x00,0x00,0x00,0xaf,0xa0,0x00,0x00,0x00,0x00,0xff,0x40,0x00,0x00,0x00,0x05,0xfe,0x00,0x00,0x00,0x00,0x0a,0xf9,0x00,
  0x00,0x00,0x00,0x0e,0xf4,0x00,0x00,0x00,0x00,0x2f,0xf1,0x00,0x00,0x00,0x00,0x5f,0xd0,0x00,0x00,0x00,0x00,0x8f,0xa0,0x00,
  0x00,0x00,0x00,0xaf,0x80,0x00,0x00,0x00,0x00,0xcf,0x60,0x00,0x00,0x00,0x00,0xdf,0x40,0x00,0x00,0x00,0x00,0xff,0x30,0x00,
  0x00,0x00,0x00,0xff,0x20,0x00,0x00,0x00,0x00,0xff,0x20,0x00,0x00,0x00,0x00,0xff,0x20,0x00,0x00,0x00,0x00,0xff,0x30,0x00,
  0x00,0x00,0x00,0xdf,0x40,0x00,0x00,0x00,0x00,0xcf,0x60,0x00,0x00,0x00,0x00,0xaf,0x80,0x00,0x00,0x00,0x00,0x8f,0xa0,0x00,
  0x00,0x00,0x00,0x5f,0xd0,0x00,0x00,0x00,0x00,0x2f,0xf1,0x00,0x00,0x00,0x00,0x0e,0xf4,0x00,0x00,0x00,0x00,0x0a,0xf9,0x00,
  0x00,0x00,0x00,0x05,0xfe,0x00,0x00,0x00,0x00,0x01,0xff,0x40,0x00,0x00,0x00,0x00,0xaf,0xa0,0x00,0x00,0x00,0x00,0x4f,0xf1,
  0x00,0x00,0x00,0x00,0x0c,0xf8,0x00,0x00,0x00,0x00,0x05,0xff,0x10,0x00,0x00,0x00,0x00,0xcf,0x80,0x06,0xfe,0x00,0x00,0x00,
  0x00,0x00,0xdf,0x70,0x00,0x00,0x00,0x00,0x5f,0xe0,0x00,0x00,0x00,0x00,0x0e,0xf6,0x00,0x00,0x00,0x00,0x07,0xfc,0x00,0x00,
  0x00,0x00,0x01,0xff,0x20,0x00,0x00,0x00,0x00,0xcf,0x70,0x00,0x00,0x00,0x00,0x7f,0xc0,0x00,0x00,0x00,0x00,0x2f,0xf0,0x00,
  0x00,0x00,0x00,0x0e,0xf4,0x00,0x00,0x00,0x00,0x0b,0xf7,0x00,0x00,0x00,0x00,0x08,0xfa,0x00,0x00,0x00,0x00,0x05,0xfd,0x00,
  0x00,0x00,0x00,0x03,0xfe,0x00,0x00,0x00,0x00,0x02,0xff,0x00,0x00,0x00,0x00,0x01,0xff,0x10,0x00,0x00,0x00,0x00,0xff,0x10,
  0x00,0x00,0x00,0x00,0xff,0x20,0x00,0x00,0x00,0x00,0xff,0x10,0x00,0x00,0x00,0x01,0xff,0x10,0x00,0x00,0x00,0x02,0xff,0x00,
  0x00,0x00,0x00,0x03,0xfe,0x00,0x00,0x00,0x00,0x05,0xfd,0x00,0x00,0x00,0x00,0x08,0xfa,0x00,0x00,0x00,0x00,0x0b,0xf7,0x00,
  0x00,0x00,0x00,0x0e,0xf4,0x00,0x00,0x00,0x00,0x2f,0xf0,0x00,0x00,0x00,0x00,0x7f,0xc0,0x00,0x00,0x00,0x00,0xbf,0x70,0x00,
  0x00,0x00,0x01,0xff,0x20,0x00,0x00,0x00,0x07,0xfc,0x00,0x00,0x00,0x00,0x0e,0xf6,0x00,0x00,0x00,0x00,0x5f,0xe0,0x00,0x00,
  0x00,0x00,0xdf,0x70,0x00,0x00,0x00,0x06,0xfe,0x00,0x00,0x00,0x00,0x00,0x00,0x00,0x00,0x00,0xff,0x10,0x00,0x00,0x00,0x00,
  0x00,0x00,0x00,0x00,0x00,0xff,0x10,0x00,0x00,0x00,0x00,0x00,0x00,0x00,0x00,0x00,0xff,0x10,0x00,0x00,0x00,0x00,0x00,0x00,
  0x00,0x00,0x00,0xff,0x10,0x00,0x00,0x00,0x00,0x00,0x00,0x10,0x00,0x00,0xff,0x10,0x00,0x00,0x00,0x00,0x00,0x03,0xf9,0x30,
  0x00,0xff,0x10,0x02,0x9f,0x50,0x00,0x00,0x08,0xff,0xfc,0x60,0xff,0x15,0xcf,0xff,0xa0,0x00,0x00,0x03,0x7b,0xff,0xfe,0xff,
  0xef,0xff,0xc8,0x30,0x00,0x00,0x00,0x00,0x04,0x8d,0xff,0xe8,0x40,0x00,0x00,0x00,0x00,0x00,0x00,0x00,0x1d,0xff,0xe1,0x00,
  0x00,0x00,0x00,0x00,0x00,0x00,0x00,0xbf,0x87,0xfc,0x00,0x00,0x00,0x00,0x00,0x00,0x00,0x09,0xfd,0x00,0xcf,0xa0,0x00,0x00,
  0x00,0x00,0x00,0x00,0x6f,0xf4,0x00,0x2f,0xf7,0x00,0x00,0x00,0x00,0x00,0x03,0xff,0x90,0x00,0x08,0xff,0x40,0x00,0x00,0x00,
  0x00,0x09,0xfe,0x10,0x00,0x00,0xdf,0xb0,0x00,0x00,0x00,0x00,0x00,0x75,0x00,0x00,0x00,0x48,0x00,0x00,0x00,0x00,0x00,0x00,
  0x00,0x00,0x00,0x00,0x00,0x00,0x00,0x00,0x00,0x00,0x00,0x00,0x00,0x00,0x00,0x00,0x00,0x00,0x00,0x00,0x00,0x00,0x00,0x00,
  0x00,0x00,0x00,0x00,0x00,0x00,0x00,0x00,0x00,0x00,0x00,0xff,0x20,0x00,0x00,0x00,0x00,0x00,0x00,0x00,0x00,0x00,0x00,0xff,
  0x20,0x00,0x00,0x00,0x00,0x00,0x00,0x00,0x00,0x00,0x00,0xff,0x20,0x00,0x00,0x00,0x00,0x00,0x00,0x00,0x00,0x00,0x00,0xff,
  0x20,0x00,0x00,0x00,0x00,0x00,0x00,0x00,0x00,0x00,0x00,0xff,0x20,0x00,0x00,0x00,0x00,0x00,0x00,0x00,0x00,0x00,0x00,0xff,
  0x20,0x00,0x00,0x00,0x00,0x00,0x00,0x00,0x00,0x00,0x00,0xff,0x20,0x00,0x00,0x00,0x00,0x00,0x00,0x00,0x00,0x00,0x00,0xff,
  0x20,0x00,0x00,0x00,0x00,0x00,0x00,0x0a,0xaa,0xaa,0xaa,0xff,0xba,0xaa,0xaa,0xaa,0x00,0x00,0x00,0x0f,0xff,0xff,0xff,0xff,
  0xff,0xff,0xff,0xff,0x00,0x00,0x00,0x0f,0xff,0xff,0xff,0xff,0xff,0xff,0xff,0xff,0x00,0x00,0x00,0x00,0x00,0x00,0x00,0xff,
  0x20,0x00,0x00,0x00,0x00,0x00,0x00,0x00,0x00,0x00,0x00,0xff,0x20,0x00,0x00,0x00,0x00,0x00,0x00,0x00,0x00,0x00,0x00,0xff,
  0x20,0x00,0x00,0x00,0x00,0x00,0x00,0x00,0x00,0x00,0x00,0xff,0x20,0x00,0x00,0x00,0x00,0x00,0x00,0x00,0x00,0x00,0x00,0xff,
  0x20,0x00,0x00,0x00,0x00,0x00,0x00,0x00,0x00,0x00,0x00,0xff,0x20,0x00,0x00,0x00,0x00,0x00,0x00,0x00,0x00,0x00,0x00,0xff,
  0x20,0x00,0x00,0x00,0x00,0x00,0x00,0x00,0x00,0x00,0x00,0xff,0x20,0x00,0x00,0x00,0x00,0x00,0x00,0x00,0x00,0x00,0x00,0x00,
  0x00,0x00,0x00,0x00,0x00,0x00,0x00,0x00,0x00,0x00,0x00,0x00,0x00,0x00,0x00,0x00,0x00,0x00,0x00,0x00,0x00,0x00,0x00,0x00,
  0x00,0x00,0x00,0x00,0x00,0x00,0x00,0x0e,0xff,0xe0,0x00,0x00,0x3f,0xff,0x80,0x00,0x00,0x9f,0xff,0x20,0x00,0x00,0xef,0xfb,
  0x00,0x00,0x04,0xff,0xf4,0x00,0x00,0x09,0xff,0xd0,0x00,0x00,0x0e,0xff,0x70,0x00,0x00,0x5f,0xff,0x10,0x00,0x00,0xaf,0xf9,
  0x00,0x00,0x00,0x0a,0xaa,0xaa,0xaa,0xa0,0x0f,0xff,0xff,0xff,0xf0,0x0f,0xff,0xff,0xff,0xf0,0x00,0x00,0x00,0x00,0x00,0x00,
  0x00,0x00,0x00,0x00,0x00,0x00,0x00,0x00,0x00,0x00,0x00,0x00,0x00,0x00,0x00,0x00,0x00,0x00,0x00,0x00,0x00,0x00,0x00,0x00,
  0x00,0x00,0x00,0x00,0x00,0x00,0x00,0x00,0x00,0x00,0x00,0x00,0x00,0x00,0x00,0x00,0x00,0x00,0x00,0x00,0x00,0x47,0x40,0x00,
  0x07,0xff,0xf7,0x00,0x0e,0xff,0xfe,0x00,0x0e,0xff,0xfe,0x00,0x07,0xff,0xf7,0x00,0x00,0x47,0x40,0x00,0x00,0x00,0x00,0x00,
  0x00,0x5f,0xf2,0x00,0x00,0x00,0x00,0x00,0xaf,0xd0,0x00,0x00,0x00,0x00,0x00,0xff,0x70,0x00,0x00,0x00,0x00,0x04,0xff,0x20,
  0x00,0x00,0x00,0x00,0x0a,0xfd,0x00,0x00,0x00,0x00,0x00,0x0f,0xf8,0x00,0x00,0x00,0x00,0x00,0x4f,0xf2,0x00,0x00,0x00,0x00,
  0x00,0xaf,0xd0,0x00,0x00,0x00,0x00,0x00,0xef,0x80,0x00,0x00,0x00,0x00,0x04,0xff,0x30,0x00,0x00,0x00,0x00,0x09,0xfd,0x00,
  0x00,0x00,0x00,0x00,0x0e,0xf8,0x00,0x00,0x00,0x00,0x00,0x4f,0xf3,0x00,0x00,0x00,0x00,0x00,0x9f,0xd0,0x00,0x00,0x00,0x00,
  0x00,0xef,0x80,0x00,0x00,0x00,0x00,0x04,0xff,0x30,0x00,0x00,0x00,0x00,0x09,0xfe,0x00,0x00,0x00,0x00,0x00,0x0e,0xf8,0x00,
  0x00,0x00,0x00,0x00,0x4f,0xf3,0x00,0x00,0x00,0x00,0x00,0x9f,0xe0,0x00,0x00,0x00,0x00,0x00,0xef,0x90,0x00,0x00,0x00,0x00,
  0x03,0xff,0x30,0x00,0x00,0x00,0x00,0x09,0xfe,0x00,0x00,0x00,0x00,0x00,0x0e,0xf9,0x00,0x00,0x00,0x00,0x00,0x3f,0xf4,0x00,
  0x00,0x00,0x00,0x00,0x8f,0xe0,0x00,0x00,0x00,0x00,0x00,0xef,0x90,0x00,0x00,0x00,0x00,0x03,0xff,0x40,0x00,0x00,0x00,0x00,
  0x08,0xfe,0x00,0x00,0x00,0x00,0x00,0x0d,0xf9,0x00,0x00,0x00,0x00,0x00,0x08,0x82,0x00,0x00,0x00,0x00,0x00,0x00,0x00,0x00,
  0x00,0x03,0x57,0x75,0x30,0x00,0x00,0x00,0x00,0x00,0x00,0x00,0x07,0xef,0xff,0xff,0xfe,0x70,0x00,0x00,0x00,0x00,0x00,0x02,
  0xdf,0xff,0xff,0xff,0xff,0xfd,0x20,0x00,0x00,0x00,0x00,0x1d,0xff,0xfd,0x63,0x36,0xdf,0xff,0xd1,0x00,0x00,0x00,0x00,0xbf,
  0xff,0x90,0x00,0x00,0x09,0xff,0xfb,0x00,0x00,0x00,0x03,0xff,0xfb,0x00,0x00,0x00,0x00,0xbf,0xff,0x30,0x00,0x00,0x0b,0xff,
  0xf2,0x00,0x00,0x00,0x00,0x2f,0xff,0xb0,0x00,0x00,0x0f,0xff,0xc0,0x00,0x00,0x00,0x00,0x0c,0xff,0xf0,0x00,0x00,0x5f,0xff,
  0x70,0x00,0x00,0x00,0x00,0x07,0xff,0xf5,0x00,0x00,0x8f,0xff,0x30,0x00,0x00,0x00,0x00,0x03,0xff,0xf8,0x00,0x00,0xaf,0xff,
  0x10,0x00,0x00,0x00,0x00,0x01,0xff,0xfa,0x00,0x00,0xdf,0xff,0x00,0x00,0x00,0x00,0x00,0x00,0xff,0xfd,0x00,0x00,0xef,0xfd,
  0x00,0x00,0x00,0x00,0x00,0x00,0xdf,0xfe,0x00,0x00,0xef,0xfd,0x00,0x00,0x00,0x00,0x00,0x00,0xdf,0xfe,0x00,0x00,0xff,0xfc,
  0x00,0x00,0x00,0x00,0x00,0x00,0xcf,0xff,0x00,0x00,0xff,0xfc,0x00,0x00,0x00,0x00,0x00,0x00,0xcf,0xff,0x00,0x00,0xef,0xfd,
  0x00,0x00,0x00,0x00,0x00,0x00,0xdf,0xfe,0x00,0x00,0xef,0xfd,0x00,0x00,0x00,0x00,0x00,0x00,0xdf,0xfe,0x00,0x00,0xdf,0xff,
  0x00,0x00,0x00,0x00,0x00,0x00,0xff,0xfd,0x00,0x00,0xaf,0xff,0x10,0x00,0x00,0x00,0x00,0x01,0xff,0xfa,0x00,0x00,0x8f,0xff,
  0x30,0x00,0x00,0x00,0x00,0x03,0xff,0xf8,0x00,0x00,0x5f,0xff,0x70,0x00,0x00,0x00,0x00,0x07,0xff,0xf5,0x00,0x00,0x0f,0xff,
  0xc0,0x00,0x00,0x00,0x00,0x0c,0xff,0xf0,0x00,0x00,0x0b,0xff,0xf2,0x00,0x00,0x00,0x00,0x2f,0xff,0xb0,0x00,0x00,0x03,0xff,
  0xfb,0x00,0x00,0x00,0x00,0xbf,0xff,0x30,0x00,0x00,0x00,0xbf,0xff,0x90,0x00,0x00,0x09,0xff,0xfb,0x00,0x00,0x00,0x00,0x1d,
  0xff,0xfd,0x63,0x36,0xdf,0xff,0xd1,0x00,0x00,0x00,0x00,0x02,0xdf,0xff,0xff,0xff,0xff,0xfd,0x20,0x00,0x00,0x00,0x00,0x00,
  0x07,0xef,0xff,0xff,0xfe,0x70,0x00,0x00,0x00,0x00,0x00,0x00,0x00,0x03,0x57,0x75,0x30,0x00,0x00,0x00,0x00,0x00,0x00,0x00,
  0x00,0x00,0x02,0x9d,0xff,0xc0,0x00,0x00,0x00,0x00,0x00,0x00,0x00,0x00,0x8f,0xff,0xff,0xc0,0x00,0x00,0x00,0x00,0x00,0x00,
  0x00,0x4d,0xff,0xff,0xff,0xc0,0x00,0x00,0x00,0x00,0x00,0x00,0x1a,0xff,0xff,0xef,0xff,0xc0,0x00,0x00,0x00,0x00,0x00,0x04,
  0xff,0xff,0xf9,0x1f,0xff,0xc0,0x00,0x00,0x00,0x00,0x00,0x08,0xff,0xfd,0x30,0x0f,0xff,0xc0,0x00,0x00,0x00,0x00,0x00,0x08,
  0xff,0x70,0x00,0x0f,0xff,0xc0,0x00,0x00,0x00,0x00,0x00,0x07,0xa1,0x00,0x00,0x0f,0xff,0xc0,0x00,0x00,0x00,0x00,0x00,0x01,
  0x00,0x00,0x00,0x0f,0xff,0xc0,0x00,0x00,0x00,0x00,0x00,0x00,0x00,0x00,0x00,0x0f,0xff,0xc0,0x00,0x00,0x00,0x00,0x00,0x00,
  0x00,0x00,0x00,0x0f,0xff,0xc0,0x00,0x00,0x00,0x00,0x00,0x00,0x00,0x00,0x00,0x0f,0xff,0xc0,0x00,0x00,0x00,0x00,0x00,0x00,
  0x00,0x00,0x00,0x0f,0xff,0xc0,0x00,0x00,0x00,0x00,0x00,0x00,0x00,0x00,0x00,0x0f,0xff,0xc0,0x00,0x00,0x00,0x00,0x00,0x00,
  0x00,0x00,0x00,0x0f,0xff,0xc0,0x00,0x00,0x00,0x00,0x00,0x00,0x00,0x00,0x00,0x0f,0xff,0xc0,0x00,0x00,0x00,0x00,0x00,0x00,
  0x00,0x00,0x00,0x0f,0xff,0xc0,0x00,0x00,0x00,0x00,0x00,0x00,0x00,0x00,0x00,0x0f,0xff,0xc0,0x00,0x00,0x00,0x00,0x00,0x00,
  0x00,0x00,0x00,0x0f,0xff,0xc0,0x00,0x00,0x00,0x00,0x00,0x00,0x00,0x00,0x00,0x0f,0xff,0xc0,0x00,0x00,0x00,0x00,0x00,0x00,
  0x00,0x00,0x00,0x0f,0xff,0xc0,0x00,0x00,0x00,0x00,0x00,0x00,0x00,0x00,0x00,0x0f,0xff,0xc0,0x00,0x00,0x00,0x00,0x00,0x00,
  0x00,0x00,0x00,0x0f,0xff,0xc0,0x00,0x00,0x00,0x00,0x00,0x00,0x00,0x00,0x00,0x0f,0xff,0xc0,0x00,0x00,0x00,0x00,0x00,0x00,
  0x00,0x00,0x00,0x0f,0xff,0xc0,0x00,0x00,0x00,0x00,0x00,0x00,0x00,0x00,0x00,0x0f,0xff,0xc0,0x00,0x00,0x00,0x00,0x00,0x00,
  0x00,0x00,0x00,0x0f,0xff,0xc0,0x00,0x00,0x00,0x00,0x00,0x00,0x00,0x00,0x00,0x0f,0xff,0xc0,0x00,0x00,0x00,0x00,0x00,0x00,
  0x00,0x02,0x57,0x76,0x40,0x00,0x00,0x00,0x00,0x00,0x00,0x00,0x07,0xef,0xff,0xff,0xff,0xa2,0x00,0x00,0x00,0x00,0x00,0x02,
  0xdf,0xff,0xff,0xff,0xff,0xff,0x50,0x00,0x00,0x00,0x00,0x1e,0xff,0xfa,0x53,0x36,0xcf,0xff,0xf3,0x00,0x00,0x00,0x00,0xbf,
  0xff,0x40,0x00,0x00,0x08,0xff,0xfd,0x00,0x00,0x00,0x04,0xff,0xf6,0x00,0x00,0x00,0x00,0xcf,0xff,0x40,0x00,0x00,0x0a,0xff,
  0xe0,0x00,0x00,0x00,0x00,0x5f,0xff,0x90,0x00,0x00,0x0f,0xff,0x90,0x00,0x00,0x00,0x00,0x1f,0xff,0xb0,0x00,0x00,0x1f,0xff,
  0x50,0x00,0x00,0x00,0x00,0x0f,0xff,0xb0,0x00,0x00,0x3c,0xcc,0x20,0x00,0x00,0x00,0x00,0x1f,0xff,0xa0,0x00,0x00,0x00,0x00,
  0x00,0x00,0x00,0x00,0x00,0x5f,0xff,0x70,0x00,0x00,0x00,0x00,0x00,0x00,0x00,0x00,0x00,0xbf,0xff,0x20,0x00,0x00,0x00,0x00,
  0x00,0x00,0x00,0x00,0x04,0xff,0xfb,0x00,0x00,0x00,0x00,0x00,0x00,0x00,0x00,0x00,0x1e,0xff,0xf2,0x00,0x00,0x00,0x00,0x00,
  0x00,0x00,0x00,0x00,0xcf,0xff,0x60,0x00,0x00,0x00,0x00,0x00,0x00,0x00,0x00,0x0b,0xff,0xf9,0x00,0x00,0x00,0x00,0x00,0x00,
  0x00,0x00,0x00,0xaf,0xff,0xb0,0x00,0x00,0x00,0x00,0x00,0x00,0x00,0x00,0x09,0xff,0xfc,0x00,0x00,0x00,0x00,0x00,0x00,0x00,
  0x00,0x00,0x9f,0xff,0xc0,0x00,0x00,0x00,0x00,0x00,0x00,0x00,0x00,0x09,0xff,0xfc,0x00,0x00,0x00,0x00,0x00,0x00,0x00,0x00,
  0x00,0x8f,0xff,0xc1,0x00,0x00,0x00,0x00,0x00,0x00,0x00,0x00,0x08,0xff,0xfc,0x10,0x00,0x00,0x00,0x00,0x00,0x00,0x00,0x00,
  0x7f,0xff,0xc1,0x00,0x00,0x00,0x00,0x00,0x00,0x00,0x00,0x07,0xff,0xfc,0x10,0x00,0x00,0x00,0x00,0x00,0x00,0x00,0x00,0x7f,
  0xff,0xc1,0x00,0x00,0x00,0x00,0x00,0x00,0x00,0x00,0x06,0xff,0xfc,0x10,0x00,0x00,0x00,0x00,0x00,0x00,0x00,0x00,0x6f,0xff,
  0xfb,0xaa,0xaa,0xaa,0xaa,0xaa,0xaa,0x80,0x00,0x00,0xff,0xff,0xff,0xff,0xff,0xff,0xff,0xff,0xff,0xc0,0x00,0x00,0xff,0xff,
  0xff,0xff,0xff,0xff,0xff,0xff,0xff,0xc0,0x00,0x00,0x00,0x00,0x00,0x01,0x56,0x76,0x51,0x00,0x00,0x00,0x00,0x00,0x00,0x00,
  0x05,0xcf,0xff,0xff,0xff,0xc4,0x00,0x00,0x00,0x00,0x00,0x00,0xbf,0xff,0xff,0xff,0xff,0xff,0x80,0x00,0x00,0x00,0x00,0x0c,
  0xff,0xfc,0x63,0x35,0xaf,0xff,0xf7,0x00,0x00,0x00,0x00,0x8f,0xff,0x80,0x00,0x00,0x05,0xff,0xff,0x10,0x00,0x00,0x01,0xff,
  0xfa,0x00,0x00,0x00,0x00,0x9f,0xff,0x70,0x00,0x00,0x06,0xff,0xf1,0x00,0x00,0x00,0x00,0x3f,0xff,0xa0,0x00,0x00,0x0a,0xff,
  0xc0,0x00,0x00,0x00,0x00,0x0f,0xff,0xb0,0x00,0x00,0x0d,0xff,0x90,0x00,0x00,0x00,0x00,0x0f,0xff,0xb0,0x00,0x00,0x00,0x00,
  0x00,0x00,0x00,0x00,0x00,0x3f,0xff,0x70,0x00,0x00,0x00,0x00,0x00,0x00,0x00,0x00,0x00,0x9f,0xff,0x20,0x00,0x00,0x00,0x00,
  0x00,0x00,0x00,0x00,0x05,0xff,0xf8,0x00,0x00,0x00,0x00,0x00,0x00,0x00,0x00,0x01,0x8f,0xff,0xa0,0x00,0x00,0x00,0x00,0x00,
  0x00,0x00,0x5b,0xcf,0xff,0xe6,0x00,0x00,0x00,0x00,0x00,0x00,0x00,0x00,0x8f,0xff,0xff,0xa4,0x00,0x00,0x00,0x00,0x00,0x00,
  0x00,0x00,0x8f,0xff,0xff,0xff,0xb1,0x00,0x00,0x00,0x00,0x00,0x00,0x00,0x00,0x13,0x7d,0xff,0xfd,0x10,0x00,0x00,0x00,0x00,
  0x00,0x00,0x00,0x00,0x00,0x8f,0xff,0xb0,0x00,0x00,0x00,0x00,0x00,0x00,0x00,0x00,0x00,0x0b,0xff,0xf3,0x00,0x00,0x00,0x00,
  0x00,0x00,0x00,0x00,0x00,0x04,0xff,0xf8,0x00,0x00,0x67,0x73,0x00,0x00,0x00,0x00,0x00,0x01,0xff,0xfb,0x00,0x00,0xdf,0xf9,
  0x00,0x00,0x00,0x00,0x00,0x00,0xff,0xfb,0x00,0x00,0xaf,0xfc,0x00,0x00,0x00,0x00,0x00,0x02,0xff,0xfa,0x00,0x00,0x6f,0xff,
  0x30,0x00,0x00,0x00,0x00,0x06,0xff,0xf6,0x00,0x00,0x1f,0xff,0xc0,0x00,0x00,0x00,0x00,0x1e,0xff,0xf1,0x00,0x00,0x08,0xff,
  0xfc,0x10,0x00,0x00,0x02,0xdf,0xff,0x60,0x00,0x00,0x00,0xdf,0xff,0xfa,0x64,0x46,0xaf,0xff,0xf8,0x00,0x00,0x00,0x00,0x1c,
  0xff,0xff,0xff,0xff,0xff,0xff,0x60,0x00,0x00,0x00,0x00,0x00,0x6d,0xff,0xff,0xff,0xfe,0x81,0x00,0x00,0x00,0x00,0x00,0x00,
  0x00,0x25,0x67,0x75,0x20,0x00,0x00,0x00,0x00,0x00,0x00,0x00,0x00,0x00,0x00,0x02,0xff,0xff,0x00,0x00,0x00,0x00,0x00,0x00,
  0x00,0x00,0x00,0x0c,0xff,0xff,0x00,0x00,0x00,0x00,0x00,0x00,0x00,0x00,0x00,0x7f,0xff,0xff,0x00,0x00,0x00,0x00,0x00,0x00,
  0x00,0x00,0x02,0xff,0xff,0xff,0x00,0x00,0x00,0x00,0x00,0x00,0x00,0x00,0x0d,0xff,0xff,0xff,0x00,0x00,0x00,0x00,0x00,0x00,
  0x00,0x00,0x8f,0xfc,0xcf,0xff,0x00,0x00,0x00,0x00,0x00,0x00,0x00,0x03,0xff,0xf3,0xcf,0xff,0x00,0x00,0x00,0x00,0x00,0x00,
  0x00,0x0d,0xff,0x90,0xcf,0xff,0x00,0x00,0x00,0x00,0x00,0x00,0x00,0x9f,0xfd,0x00,0xcf,0xff,0x00,0x00,0x00,0x00,0x00,0x00,
  0x04,0xff,0xf3,0x00,0xcf,0xff,0x00,0x00,0x00,0x00,0x00,0x00,0x0e,0xff,0x80,0x00,0xcf,0xff,0x00,0x00,0x00,0x00,0x00,0x00,
  0xaf,0xfd,0x00,0x00,0xcf,0xff,0x00,0x00,0x00,0x00,0x00,0x05,0xff,0xf3,0x00,0x00,0xcf,0xff,0x00,0x00,0x00,0x00,0x00,0x1e,
  0xff,0x80,0x00,0x00,0xcf,0xff,0x00,0x00,0x00,0x00,0x00,0xaf,0xfc,0x00,0x00,0x00,0xcf,0xff,0x00,0x00,0x00,0x00,0x05,0xff,
  0xf2,0x00,0x00,0x00,0xcf,0xff,0x00,0x00,0x00,0x00,0x1e,0xff,0x70,0x00,0x00,0x00,0xcf,0xff,0x00,0x00,0x00,0x00,0xbf,0xfc,
  0x00,0x00,0x00,0x00,0xcf,0xff,0x00,0x00,0x00,0x06,0xff,0xfc,0xaa,0xaa,0xaa,0xaa,0xef,0xff,0xaa,0xaa,0x00,0x0f,0xff,0xff,
  0xff,0xff,0xff,0xff,0xff,0xff,0xff,0xff,0x00,0x0f,0xff,0xff,0xff,0xff,0xff,0xff,0xff,0xff,0xff,0xff,0x00,0x00,0x00,0x00,
  0x00,0x00,0x00,0x00,0xcf,0xff,0x00,0x00,0x00,0x00,0x00,0x00,0x00,0x00,0x00,0x00,0xcf,0xff,0x00,0x00,0x00,0x00,0x00,0x00,
  0x00,0x00,0x00,0x00,0xcf,0xff,0x00,0x00,0x00,0x00,0x00,0x00,0x00,0x00,0x00,0x00,0xcf,0xff,0x00,0x00,0x00,0x00,0x00,0x00,
  0x00,0x00,0x00,0x00,0xcf,0xff,0x00,0x00,0x00,0x00,0x00,0x00,0x00,0x00,0x00,0x00,0xcf,0xff,0x00,0x00,0x00,0x00,0x00,0x00,
  0x00,0x00,0x00,0x00,0xcf,0xff,0x00,0x00,0x00,0x00,0x00,0x0f,0xff,0xff,0xff,0xff,0xff,0xff,0xff,0xa0,0x00,0x00,0x00,0x2f,
  0xff,0xff,0xff,0xff,0xff,0xff,0xff,0xa0,0x00,0x00,0x00,0x4f,0xfe,0xaa,0xaa,0xaa,0xaa,0xaa,0xaa,0x60,0x00,0x00,0x00,0x6f,
  0xfb,0x00,0x00,0x00,0x00,0x00,0x00,0x00,0x00,0x00,0x00,0x8f,0xf8,0x00,0x00,0x00,0x00,0x00,0x00,0x00,0x00,0x00,0x00,0xaf,
  0xf6,0x00,0x00,0x00,0x00,0x00,0x00,0x00,0x00,0x00,0x00,0xcf,0xf4,0x00,0x00,0x00,0x00,0x00,0x00,0x00,0x00,0x00,0x00,0xef,
  0xf2,0x00,0x00,0x00,0x00,0x00,0x00,0x00,0x00,0x00,0x00,0xff,0xf0,0x00,0x00,0x00,0x00,0x00,0x00,0x00,0x00,0x00,0x02,0xff,
  0xe0,0x01,0x69,0xa9,0x84,0x00,0x00,0x00,0x00,0x00,0x04,0xff,0xc0,0xaf,0xff,0xff,0xff,0xf7,0x00,0x00,0x00,0x00,0x06,0xff,
  0xaa,0xff,0xff,0xff,0xff,0xff,0xc1,0x00,0x00,0x00,0x07,0xff,0xff,0xfa,0x31,0x02,0x7e,0xff,0xfc,0x00,0x00,0x00,0x09,0xff,
  0xff,0x40,0x00,0x00,0x01,0xdf,0xff,0x70,0x00,0x00,0x0b,0xff,0xf4,0x00,0x00,0x00,0x00,0x2f,0xff,0xe0,0x00,0x00,0x0d,0xff,
  0xa0,0x00,0x00,0x00,0x00,0x0a,0xff,0xf4,0x00,0x00,0x00,0x00,0x00,0x00,0x00,0x00,0x00,0x04,0xff,0xf8,0x00,0x00,0x00,0x00,
  0x00,0x00,0x00,0x00,0x00,0x01,0xff,0xfa,0x00,0x00,0x00,0x00,0x00,0x00,0x00,0x00,0x00,0x00,0xff,0xfb,0x00,0x00,0x00,0x00,
  0x00,0x00,0x00,0x00,0x00,0x00,0xff,0xfb,0x00,0x00,0x4f,0xff,0x20,0x00,0x00,0x00,0x00,0x02,0xff,0xf9,0x00,0x00,0x2f,0xff,
  0x60,0x00,0x00,0x00,0x00,0x05,0xff,0xf6,0x00,0x00,0x0e,0xff,0xc0,0x00,0x00,0x00,0x00,0x0b,0xff,0xf1,0x00,0x00,0x09,0xff,
  0xf5,0x00,0x00,0x00,0x00,0x5f,0xff,0xa0,0x00,0x00,0x02,0xff,0xff,0x40,0x00,0x00,0x05,0xff,0xfe,0x10,0x00,0x00,0x00,0x7f,
  0xff,0xfb,0x64,0x46,0xcf,0xff,0xf3,0x00,0x00,0x00,0x00,0x08,0xff,0xff,0xff,0xff,0xff,0xfd,0x20,0x00,0x00,0x00,0x00,0x00,
  0x3b,0xff,0xff,0xff,0xfe,0x70,0x00,0x00,0x00,0x00,0x00,0x00,0x00,0x14,0x67,0x75,0x20,0x00,0x00,0x00,0x00,0x00,0x00,0x00,
  0x00,0x00,0x35,0x77,0x52,0x00,0x00,0x00,0x00,0x00,0x00,0x00,0x00,0x7d,0xff,0xff,0xff,0xd5,0x00,0x00,0x00,0x00,0x00,0x00,
  0x2c,0xff,0xff,0xff,0xff,0xff,0xa0,0x00,0x00,0x00,0x00,0x02,0xef,0xfd,0x74,0x34,0x8f,0xff,0xfa,0x00,0x00,0x00,0x00,0x1e,
  0xff,0xa0,0x00,0x00,0x01,0xdf,0xff,0x60,0x00,0x00,0x00,0x9f,0xfc,0x00,0x00,0x00,0x00,0x2f,0xff,0xd0,0x00,0x00,0x02,0xff,
  0xf2,0x00,0x00,0x00,0x00,0x0a,0xff,0xf2,0x00,0x00,0x09,0xff,0xb0,0x00,0x00,0x00,0x00,0x05,0xff,0xf6,0x00,0x00,0x0e,0xff,
  0x60,0x00,0x00,0x00,0x00,0x00,0x55,0x52,0x00,0x00,0x3f,0xff,0x20,0x00,0x00,0x00,0x00,0x00,0x00,0x00,0x00,0x00,0x6f,0xff,
  0x00,0x17,0xce,0xfe,0xc9,0x30,0x00,0x00,0x00,0x00,0x9f,0xfe,0x04,0xef,0xff,0xff,0xff,0xfb,0x10,0x00,0x00,0x00,0xcf,0xfd,
  0x2f,0xff,0xdb,0xbe,0xff,0xff,0xe2,0x00,0x00,0x00,0xdf,0xfc,0xcf,0xb2,0x00,0x00,0x3c,0xff,0xfd,0x10,0x00,0x00,0xef,0xff,
  0xf9,0x00,0x00,0x00,0x00,0xbf,0xff,0x90,0x00,0x00,0xff,0xff,0xc0,0x00,0x00,0x00,0x00,0x1f,0xff,0xf1,0x00,0x00,0xff,0xff,
  0x50,0x00,0x00,0x00,0x00,0x09,0xff,0xf5,0x00,0x00,0xff,0xff,0x00,0x00,0x00,0x00,0x00,0x04,0xff,0xf9,0x00,0x00,0xef,0xfd,
  0x00,0x00,0x00,0x00,0x00,0x01,0xff,0xfa,0x00,0x00,0xdf,0xfc,0x00,0x00,0x00,0x00,0x00,0x00,0xff,0xfb,0x00,0x00,0xaf,0xfd,
  0x00,0x00,0x00,0x00,0x00,0x00,0xff,0xfa,0x00,0x00,0x7f,0xfe,0x00,0x00,0x00,0x00,0x00,0x02,0xff,0xf9,0x00,0x00,0x3f,0xff,
  0x20,0x00,0x00,0x00,0x00,0x06,0xff,0xf5,0x00,0x00,0x0e,0xff,0x90,0x00,0x00,0x00,0x00,0x0c,0xff,0xf1,0x00,0x00,0x08,0xff,
  0xf3,0x00,0x00,0x00,0x00,0x7f,0xff,0x90,0x00,0x00,0x00,0xef,0xfe,0x30,0x00,0x00,0x06,0xff,0xfe,0x10,0x00,0x00,0x00,0x4f,
  0xff,0xfa,0x53,0x36,0xcf,0xff,0xf3,0x00,0x00,0x00,0x00,0x04,0xff,0xff,0xff,0xff,0xff,0xfd,0x20,0x00,0x00,0x00,0x00,0x00,
  0x19,0xff,0xff,0xff,0xfe,0x70,0x00,0x00,0x00,0x00,0x00,0x00,0x00,0x04,0x67,0x75,0x20,0x00,0x00,0x00,0x00,0x00,0xff,0xff,
  0xff,0xff,0xff,0xff,0xff,0xff,0xff,0xff,0x00,0x00,0xff,0xff,0xff,0xff,0xff,0xff,0xff,0xff,0xff,0xff,0x00,0x00,0xaa,0xaa,
  0xaa,0xaa,0xaa,0xaa,0xaa,0xac,0xff,0xf7,0x00,0x00,0x00,0x00,0x00,0x00,0x00,0x00,0x00,0x0b,0xff,0xe0,0x00,0x00,0x00,0x00,
  0x00,0x00,0x00,0x00,0x00,0x4f,0xff,0x60,0x00,0x00,0x00,0x00,0x00,0x00,0x00,0x00,0x00,0xcf,0xfd,0x00,0x00,0x00,0x00,0x00,
  0x00,0x00,0x00,0x00,0x05,0xff,0xf5,0x00,0x00,0x00,0x00,0x00,0x00,0x00,0x00,0x00,0x0d,0xff,0xd0,0x00,0x00,0x00,0x00,0x00,
  0x00,0x00,0x00,0x00,0x6f,0xff,0x40,0x00,0x00,0x00,0x00,0x00,0x00,0x00,0x00,0x00,0xef,0xfc,0x00,0x00,0x00,0x00,0x00,0x00,
  0x00,0x00,0x00,0x07,0xff,0xf3,0x00,0x00,0x00,0x00,0x00,0x00,0x00,0x00,0x00,0x1f,0xff,0xb0,0x00,0x00,0x00,0x00,0x00,0x00,
  0x00,0x00,0x00,0x9f,0xff,0x20,0x00,0x00,0x00,0x00,0x00,0x00,0x00,0x00,0x02,0xff,0xfa,0x00,0x00,0x00,0x00,0x00,0x00,0x00,
  0x00,0x00,0x0a,0xff,0xf1,0x00,0x00,0x00,0x00,0x00,0x00,0x00,0x00,0x00,0x2f,0xff,0x80,0x00,0x00,0x00,0x00,0x00,0x00,0x00,
  0x00,0x00,0xbf,0xff,0x10,0x00,0x00,0x00,0x00,0x00,0x00,0x00,0x00,0x03,0xff,0xf7,0x00,0x00,0x00,0x00,0x00,0x00,0x00,0x00,
  0x00,0x0c,0xff,0xe0,0x00,0x00,0x00,0x00,0x00,0x00,0x00,0x00,0x00,0x5f,0xff,0x60,0x00,0x00,0x00,0x00,0x00,0x00,0x00,0x00,
  0x00,0xdf,0xfd,0x00,0x00,0x00,0x00,0x00,0x00,0x00,0x00,0x00,0x06,0xff,0xf5,0x00,0x00,0x00,0x00,0x00,0x00,0x00,0x00,0x00,
  0x0e,0xff,0xd0,0x00,0x00,0x00,0x00,0x00,0x00,0x00,0x00,0x00,0x7f,0xff,0x40,0x00,0x00,0x00,0x00,0x00,0x00,0x00,0x00,0x01,
  0xef,0xfc,0x00,0x00,0x00,0x00,0x00,0x00,0x00,0x00,0x00,0x08,0xff,0xf3,0x00,0x00,0x00,0x00,0x00,0x00,0x00,0x00,0x00,0x1f,
  0xff,0xb0,0x00,0x00,0x00,0x00,0x00,0x00,0x00,0x00,0x00,0x9f,0xff,0x20,0x00,0x00,0x00,0x00,0x00,0x00,0x00,0x00,0x00,0x00,
  0x00,0x03,0x67,0x76,0x40,0x00,0x00,0x00,0x00,0x00,0x00,0x00,0x19,0xff,0xff,0xff,0xff,0xa3,0x00,0x00,0x00,0x00,0x00,0x04,
  0xef,0xff,0xff,0xff,0xff,0xff,0x70,0x00,0x00,0x00,0x00,0x4f,0xff,0xfb,0x63,0x35,0xaf,0xff,0xf7,0x00,0x00,0x00,0x00,0xef,
  0xff,0x70,0x00,0x00,0x04,0xff,0xff,0x20,0x00,0x00,0x05,0xff,0xfa,0x00,0x00,0x00,0x00,0x6f,0xff,0x90,0x00,0x00,0x09,0xff,
  0xf3,0x00,0x00,0x00,0x00,0x0f,0xff,0xd0,0x00,0x00,0x0b,0xff,0xf0,0x00,0x00,0x00,0x00,0x0d,0xff,0xf0,0x00,0x00,0x0b,0xff,
  0xf0,0x00,0x00,0x00,0x00,0x0c,0xff,0xf0,0x00,0x00,0x09,0xff,0xf2,0x00,0x00,0x00,0x00,0x0f,0xff,0xd0,0x00,0x00,0x04,0xff,
  0xf8,0x00,0x00,0x00,0x00,0x5f,0xff,0x70,0x00,0x00,0x00,0xbf,0xff,0x30,0x00,0x00,0x02,0xef,0xfe,0x00,0x00,0x00,0x00,0x0c,
  0xff,0xf8,0x20,0x02,0x7e,0xff,0xe2,0x00,0x00,0x00,0x00,0x00,0x8f,0xff,0xff,0xff,0xff,0xfa,0x10,0x00,0x00,0x00,0x00,0x00,
  0x7e,0xff,0xff,0xff,0xff,0xd5,0x00,0x00,0x00,0x00,0x00,0x3e,0xff,0xff,0xcb,0xbd,0xff,0xff,0xc1,0x00,0x00,0x00,0x03,0xff,
  0xff,0x60,0x00,0x00,0x18,0xff,0xfd,0x10,0x00,0x00,0x0e,0xff,0xf2,0x00,0x00,0x00,0x00,0x5f,0xff,0xb0,0x00,0x00,0x7f,0xff,
  0x60,0x00,0x00,0x00,0x00,0x0a,0xff,0xf3,0x00,0x00,0xcf,0xff,0x00,0x00,0x00,0x00,0x00,0x04,0xff,0xf8,0x00,0x00,0xff,0xfd,
  0x00,0x00,0x00,0x00,0x00,0x01,0xff,0xfb,0x00,0x00,0xff,0xfc,0x00,0x00,0x00,0x00,0x00,0x00,0xff,0xfb,0x00,0x00,0xef,0xfe,
  0x00,0x00,0x00,0x00,0x00,0x02,0xff,0xfa,0x00,0x00,0xbf,0xff,0x30,0x00,0x00,0x00,0x00,0x06,0xff,0xf7,0x00,0x00,0x6f,0xff,
  0xb0,0x00,0x00,0x00,0x00,0x0d,0xff,0xf2,0x00,0x00,0x0d,0xff,0xfa,0x00,0x00,0x00,0x01,0xbf,0xff,0x90,0x00,0x00,0x03,0xff,
  0xff,0xe8,0x43,0x34,0x8e,0xff,0xfc,0x10,0x00,0x00,0x00,0x3d,0xff,0xff,0xff,0xff,0xff,0xff,0xa0,0x00,0x00,0x00,0x00,0x00,
  0x6d,0xff,0xff,0xff,0xff,0xa3,0x00,0x00,0x00,0x00,0x00,0x00,0x00,0x14,0x67,0x76,0x30,0x00,0x00,0x00,0x00,0x00,0x00,0x00,
  0x00,0x03,0x67,0x75,0x30,0x00,0x00,0x00,0x00,0x00,0x00,0x00,0x19,0xff,0xff,0xff,0xfe,0x70,0x00,0x00,0x00,0x00,0x00,0x05,
  0xff,0xff,0xff,0xff,0xff,0xfd,0x20,0x00,0x00,0x00,0x00,0x6f,0xff,0xfa,0x53,0x36,0xbf,0xff,0xe1,0x00,0x00,0x00,0x04,0xff,
  0xfe,0x30,0x00,0x00,0x06,0xff,0xfb,0x00,0x00,0x00,0x0d,0xff,0xf3,0x00,0x00,0x00,0x00,0x6f,0xff,0x40,0x00,0x00,0x5f,0xff,
  0x80,0x00,0x00,0x00,0x00,0x0c,0xff,0xa0,0x00,0x00,0x9f,0xff,0x20,0x00,0x00,0x00,0x00,0x06,0xff,0xf0,0x00,0x00,0xdf,0xfe,
  0x00,0x00,0x00,0x00,0x00,0x02,0xff,0xf3,0x00,0x00,0xef,0xfc,0x00,0x00,0x00,0x00,0x00,0x00,0xff,0xf6,0x00,0x00,0xff,0xfc,
  0x00,0x00,0x00,0x00,0x00,0x00,0xff,0xf9,0x00,0x00,0xef,0xfe,0x00,0x00,0x00,0x00,0x00,0x01,0xff,0xfa,0x00,0x00,0xcf,0xff,
  0x10,0x00,0x00,0x00,0x00,0x05,0xff,0xfb,0x00,0x00,0x8f,0xff,0x60,0x00,0x00,0x00,0x00,0x0a,0xff,0xfc,0x00,0x00,0x3f,0xff,
  0xe0,0x00,0x00,0x00,0x00,0x3f,0xff,0xfb,0x00,0x00,0x0b,0xff,0xfb,0x00,0x00,0x00,0x03,0xee,0xff,0xfa,0x00,0x00,0x01,0xef,
  0xff,0xe6,0x20,0x03,0x8f,0xf6,0xff,0xf9,0x00,0x00,0x00,0x2d,0xff,0xff,0xff,0xff,0xff,0xb1,0xff,0xf8,0x00,0x00,0x00,0x01,
  0x8f,0xff,0xff,0xff,0xf8,0x02,0xff,0xf6,0x00,0x00,0x00,0x00,0x00,0x48,0x9a,0x96,0x10,0x04,0xff,0xf3,0x00,0x00,0x00,0x00,
  0x00,0x00,0x00,0x00,0x00,0x07,0xff,0xf0,0x00,0x00,0x69,0x98,0x00,0x00,0x00,0x00,0x00,0x0b,0xff,0xb0,0x00,0x00,0x9f,0xff,
  0x20,0x00,0x00,0x00,0x00,0x0f,0xff,0x50,0x00,0x00,0x5f,0xff,0x70,0x00,0x00,0x00,0x00,0x6f,0xfe,0x00,0x00,0x00,0x1f,0xff,
  0xe0,0x00,0x00,0x00,0x01,0xef,0xf5,0x00,0x00,0x00,0x08,0xff,0xfb,0x00,0x00,0x00,0x2d,0xff,0xb0,0x00,0x00,0x00,0x00,0xdf,
  0xff,0xe7,0x33,0x49,0xff,0xfc,0x00,0x00,0x00,0x00,0x00,0x1c,0xff,0xff,0xff,0xff,0xff,0xa1,0x00,0x00,0x00,0x00,0x00,0x00,
  0x7e,0xff,0xff,0xff,0xc5,0x00,0x00,0x00,0x00,0x00,0x00,0x00,0x00,0x36,0x77,0x52,0x00,0x00,0x00,0x00,0x00,0x00,0x47,0x40,
  0x00,0x07,0xff,0xf7,0x00,0x0e,0xff,0xfe,0x00,0x0e,0xff,0xfe,0x00,0x07,0xff,0xf7,0x00,0x00,0x47,0x40,0x00,0x00,0x00,0x00,
  0x00,0x00,0x00,0x00,0x00,0x00,0x00,0x00,0x00,0x00,0x00,0x00,0x00,0x00,0x00,0x00,0x00,0x00,0x00,0x00,0x00,0x00,0x00,0x00,
  0x00,0x00,0x00,0x00,0x00,0x00,0x00,0x00,0x00,0x00,0x00,0x00,0x00,0x00,0x00,0x00,0x00,0x00,0x47,0x40,0x00,0x07,0xff,0xf7,
  0x00,0x0e,0xff,0xfe,0x00,0x0e,0xff,0xfe,0x00,0x07,0xff,0xf7,0x00,0x00,0x47,0x40,0x00,0x00,0x00,0x47,0x40,0x00,0x00,0x07,
  0xff,0xf7,0x00,0x00,0x0e,0xff,0xfe,0x00,0x00,0x0e,0xff,0xfe,0x00,0x00,0x07,0xff,0xf7,0x00,0x00,0x00,0x47,0x40,0x00,0x00,
  0x00,0x00,0x00,0x00,0x00,0x00,0x00,0x00,0x00,0x00,0x00,0x00,0x00,0x00,0x00,0x00,0x00,0x00,0x00,0x00,0x00,0x00,0x00,0x00,
  0x00,0x00,0x00,0x00,0x00,0x00,0x00,0x00,0x00,0x00,0x00,0x00,0x00,0x00,0x00,0x00,0x00,0x00,0x00,0x00,0x00,0x00,0x00,0x00,
  0x00,0x00,0x00,0x00,0x00,0x00,0x00,0x00,0x00,0x00,0x00,0x00,0x0c,0xff,0xf0,0x00,0x00,0x2f,0xff,0xa0,0x00,0x00,0x7f,0xff,
  0x30,0x00,0x00,0xdf,0xfd,0x00,0x00,0x02,0xff,0xf6,0x00,0x00,0x08,0xff,0xf0,0x00,0x00,0x0d,0xff,0x90,0x00,0x00,0x3f,0xff,
  0x20,0x00,0x00,0x8f,0xfc,0x00,0x00,0x00,0x00,0x00,0x00,0x00,0x00,0x00,0x00,0x00,0x00,0x00,0x00,0x00,0x00,0x00,0x00,0x00,
  0x00,0x00,0x00,0x00,0x00,0x7e,0x00,0x00,0x00,0x00,0x00,0x00,0x00,0x00,0x00,0x00,0x7e,0xff,0x00,0x00,0x00,0x00,0x00,0x00,
  0x00,0x00,0x00,0x6e,0xff,0xfc,0x00,0x00,0x00,0x00,0x00,0x00,0x00,0x00,0x6e,0xff,0xfc,0x40,0x00,0x00,0x00,0x00,0x00,0x00,
  0x00,0x6e,0xff,0xfc,0x40,0x00,0x00,0x00,0x00,0x00,0x00,0x00,0x6d,0xff,0xfb,0x30,0x00,0x00,0x00,0x00,0x00,0x00,0x00,0x5d,
  0xff,0xfb,0x30,0x00,0x00,0x00,0x00,0x00,0x00,0x00,0x5d,0xff,0xfb,0x30,0x00,0x00,0x00,0x00,0x00,0x00,0x00,0x00,0xff,0xfb,
  0x30,0x00,0x00,0x00,0x00,0x00,0x00,0x00,0x00,0x00,0xff,0xc3,0x00,0x00,0x00,0x00,0x00,0x00,0x00,0x00,0x00,0x00,0xef,0xff,
  0xb3,0x00,0x00,0x00,0x00,0x00,0x00,0x00,0x00,0x00,0x06,0xef,0xff,0xb3,0x00,0x00,0x00,0x00,0x00,0x00,0x00,0x00,0x00,0x07,
  0xef,0xff,0xb3,0x00,0x00,0x00,0x00,0x00,0x00,0x00,0x00,0x00,0x07,0xef,0xff,0xb4,0x00,0x00,0x00,0x00,0x00,0x00,0x00,0x00,
  0x00,0x07,0xef,0xff,0xc4,0x00,0x00,0x00,0x00,0x00,0x00,0x00,0x00,0x00,0x07,0xef,0xff,0xc4,0x00,0x00,0x00,0x00,0x00,0x00,
  0x00,0x00,0x00,0x08,0xff,0xff,0x00,0x00,0x00,0x00,0x00,0x00,0x00,0x00,0x00,0x00,0x18,0xff,0x00,0x00,0x00,0x00,0x00,0x00,
  0x00,0x00,0x00,0x00,0x00,0x18,0x00,0x00,0x00,0x00,0x00,0x00,0x00,0x00,0x00,0x00,0x00,0x00,0x00,0x00,0x00,0x0a,0xaa,0xaa,
  0xaa,0xaa,0xaa,0xaa,0xaa,0xaa,0x00,0x00,0x00,0x0f,0xff,0xff,0xff,0xff,0xff,0xff,0xff,0xff,0x00,0x00,0x00,0x0f,0xff,0xff,
  0xff,0xff,0xff,0xff,0xff,0xff,0x00,0x00,0x00,0x00,0x00,0x00,0x00,0x00,0x00,0x00,0x00,0x00,0x00,0x00,0x00,0x00,0x00,0x00,
  0x00,0x00,0x00,0x00,0x00,0x00,0x00,0x00,0x00,0x00,0x00,0x00,0x00,0x00,0x00,0x00,0x00,0x00,0x00,0x00,0x00,0x00,0x00,0x00,
  0x00,0x00,0x00,0x00,0x00,0x00,0x00,0x00,0x00,0x00,0x00,0x00,0x00,0x00,0x00,0x00,0x00,0x00,0x00,0x00,0x00,0x0a,0xaa,0xaa,
  0xaa,0xaa,0xaa,0xaa,0xaa,0xaa,0x00,0x00,0x00,0x0f,0xff,0xff,0xff,0xff,0xff,0xff,0xff,0xff,0x00,0x00,0x00,0x0f,0xff,0xff,
  0xff,0xff,0xff,0xff,0xff,0xff,0x00,0x00,0x00,0x00,0x00,0x00,0x00,0x00,0x00,0x00,0x00,0x00,0x00,0x00,0x00,0x00,0x00,0x00,
  0x00,0x00,0x00,0x00,0x00,0x00,0x00,0x00,0x00,0x00,0x00,0x00,0x00,0x00,0x00,0x00,0x00,0x00,0x00,0x00,0x00,0x00,0x00,0x00,
  0x00,0x00,0x00,0x00,0x00,0x00,0x00,0x00,0x00,0x00,0x00,0x00,0x00,0x00,0x00,0x00,0x00,0x00,0x00,0x00,0x00,0x00,0x00,0x00,
  0x00,0x00,0x00,0x00,0x00,0x00,0x00,0x00,0x00,0x00,0x00,0x00,0x00,0x00,0x00,0x00,0x00,0x00,0x00,0x00,0x00,0x00,0x00,0x00,
  0x00,0x00,0x00,0x00,0x00,0x00,0x00,0x00,0x00,0x00,0x00,0x00,0x00,0x00,0x00,0x00,0x00,0x00,0x00,0x00,0x00,0x0e,0x70,0x00,
  0x00,0x00,0x00,0x00,0x00,0x00,0x00,0x00,0x00,0x0f,0xfe,0x70,0x00,0x00,0x00,0x00,0x00,0x00,0x00,0x00,0x00,0x0d,0xff,0xfe,
  0x60,0x00,0x00,0x00,0x00,0x00,0x00,0x00,0x00,0x00,0x5d,0xff,0xfe,0x60,0x00,0x00,0x00,0x00,0x00,0x00,0x00,0x00,0x00,0x5d,
  0xff,0xfe,0x60,0x00,0x00,0x00,0x00,0x00,0x00,0x00,0x00,0x00,0x5c,0xff,0xfd,0x60,0x00,0x00,0x00,0x00,0x00,0x00,0x00,0x00,
  0x00,0x4c,0xff,0xfd,0x50,0x00,0x00,0x00,0x00,0x00,0x00,0x00,0x00,0x00,0x4c,0xff,0xfd,0x50,0x00,0x00,0x00,0x00,0x00,0x00,
  0x00,0x00,0x00,0x4c,0xff,0xf0,0x00,0x00,0x00,0x00,0x00,0x00,0x00,0x00,0x00,0x02,0xcf,0xf0,0x00,0x00,0x00,0x00,0x00,0x00,
  0x00,0x00,0x02,0x9f,0xff,0xe0,0x00,0x00,0x00,0x00,0x00,0x00,0x00,0x02,0xaf,0xff,0xe6,0x00,0x00,0x00,0x00,0x00,0x00,0x00,
  0x02,0xaf,0xff,0xe7,0x00,0x00,0x00,0x00,0x00,0x00,0x00,0x02,0xaf,0xff,0xe7,0x00,0x00,0x00,0x00,0x00,0x00,0x00,0x03,0xbf,
  0xff,0xe7,0x00,0x00,0x00,0x00,0x00,0x00,0x00,0x03,0xbf,0xff,0xe7,0x00,0x00,0x00,0x00,0x00,0x00,0x00,0x00,0x0f,0xff,0xf8,
  0x00,0x00,0x00,0x00,0x00,0x00,0x00,0x00,0x00,0x0f,0xf8,0x10,0x00,0x00,0x00,0x00,0x00,0x00,0x00,0x00,0x00,0x08,0x10,0x00,
  0x00,0x00,0x00,0x00,0x00,0x00,0x00,0x00,0x00,0x00,0x00,0x00,0x00,0x00,0x00,0x00,0x00,0x00,0x00,0x00,0x00,0x00,0x00,0x03,
  0x67,0x75,0x20,0x00,0x00,0x00,0x00,0x00,0x19,0xff,0xff,0xff,0xfd,0x50,0x00,0x00,0x00,0x04,0xef,0xff,0xff,0xff,0xff,0xfa,
  0x00,0x00,0x00,0x3f,0xff,0xfb,0x53,0x37,0xef,0xff,0x90,0x00,0x00,0xdf,0xff,0x50,0x00,0x00,0x1e,0xff,0xf3,0x00,0x05,0xff,
  0xf9,0x00,0x00,0x00,0x04,0xff,0xf9,0x00,0x0a,0xff,0xf2,0x00,0x00,0x00,0x00,0xef,0xfd,0x00,0x0e,0xff,0xe0,0x00,0x00,0x00,
  0x00,0xcf,0xff,0x00,0x0f,0xff,0xc0,0x00,0x00,0x00,0x00,0xdf,0xfe,0x00,0x00,0x00,0x00,0x00,0x00,0x00,0x00,0xff,0xfc,0x00,
  0x00,0x00,0x00,0x00,0x00,0x00,0x04,0xff,0xf9,0x00,0x00,0x00,0x00,0x00,0x00,0x00,0x0a,0xff,0xf3,0x00,0x00,0x00,0x00,0x00,
  0x00,0x00,0x3f,0xff,0xb0,0x00,0x00,0x00,0x00,0x00,0x00,0x00,0xdf,0xff,0x20,0x00,0x00,0x00,0x00,0x00,0x00,0x0a,0xff,0xf7,
  0x00,0x00,0x00,0x00,0x00,0x00,0x00,0x6f,0xff,0xa0,0x00,0x00,0x00,0x00,0x00,0x00,0x02,0xff,0xfc,0x00,0x00,0x00,0x00,0x00,
  0x00,0x00,0x0c,0xff,0xe1,0x00,0x00,0x00,0x00,0x00,0x00,0x00,0x5f,0xff,0x40,0x00,0x00,0x00,0x00,0x00,0x00,0x00,0xbf,0xfb,
  0x00,0x00,0x00,0x00,0x00,0x00,0x00,0x00,0xff,0xf6,0x00,0x00,0x00,0x00,0x00,0x00,0x00,0x01,0xcc,0xc3,0x00,0x00,0x00,0x00,
  0x00,0x00,0x00,0x00,0x00,0x00,0x00,0x00,0x00,0x00,0x00,0x00,0x00,0x00,0x00,0x00,0x00,0x00,0x00,0x00,0x00,0x00,0x00,0x00,
  0x47,0x40,0x00,0x00,0x00,0x00,0x00,0x00,0x00,0x07,0xff,0xf7,0x00,0x00,0x00,0x00,0x00,0x00,0x00,0x0e,0xff,0xfe,0x00,0x00,
  0x00,0x00,0x00,0x00,0x00,0x0e,0xff,0xfe,0x00,0x00,0x00,0x00,0x00,0x00,0x00,0x07,0xff,0xf7,0x00,0x00,0x00,0x00,0x00,0x00,
  0x00,0x00,0x47,0x40,0x00,0x00,0x00,0x00,0x00,0x00,0x00,0x00,0x00,0x00,0x03,0x7b,0xdf,0xfe,0xda,0x51,0x00,0x00,0x00,0x00,
  0x00,0x00,0x00,0x00,0x00,0x00,0x05,0xdf,0xff,0xff,0xff,0xff,0xff,0x81,0x00,0x00,0x00,0x00,0x00,0x00,0x00,0x00,0x04,0xdf,
  0xff,0xff,0xdc,0xbc,0xdf,0xff,0xfe,0x40,0x00,0x00,0x00,0x00,0x00,0x00,0x00,0x8f,0xff,0xf9,0x40,0x00,0x00,0x01,0x6d,0xff,
  0xf5,0x00,0x00,0x00,0x00,0x00,0x00,0x0b,0xff,0xf7,0x10,0x00,0x00,0x00,0x00,0x00,0x6f,0xff,0x30,0x00,0x00,0x00,0x00,0x00,
  0xcf,0xfc,0x10,0x00,0x00,0x00,0x00,0x00,0x00,0x03,0xef,0xe1,0x00,0x00,0x00,0x00,0x0a,0xff,0x90,0x00,0x00,0x00,0x00,0x00,
  0x00,0x00,0x00,0x4f,0xf8,0x00,0x00,0x00,0x00,0x4f,0xf9,0x00,0x00,0x00,0x05,0x8a,0x96,0x00,0x00,0x00,0x08,0xff,0x10,0x00,
  0x00,0x00,0xef,0xc0,0x00,0x00,0x07,0xff,0xff,0xff,0xd1,0xef,0xf2,0x01,0xff,0x60,0x00,0x00,0x06,0xff,0x20,0x00,0x00,0xaf,
  0xff,0xff,0xff,0xf8,0xff,0xe0,0x00,0xaf,0xa0,0x00,0x00,0x0d,0xf9,0x00,0x00,0x09,0xff,0xfc,0x40,0x17,0xff,0xff,0xb0,0x00,
  0x5f,0xe0,0x00,0x00,0x2f,0xf2,0x00,0x00,0x4f,0xff,0xb0,0x00,0x00,0xaf,0xff,0x70,0x00,0x2f,0xf0,0x00,0x00,0x7f,0xc0,0x00,
  0x00,0xdf,0xfe,0x10,0x00,0x00,0x6f,0xff,0x30,0x00,0x1f,0xf1,0x00,0x00,0xaf,0x80,0x00,0x04,0xff,0xf8,0x00,0x00,0x00,0x6f,
  0xff,0x00,0x00,0x0f,0xf2,0x00,0x00,0xdf,0x50,0x00,0x09,0xff,0xf2,0x00,0x00,0x00,0x8f,0xfc,0x00,0x00,0x0f,0xf1,0x00,0x00,
  0xef,0x30,0x00,0x0d,0xff,0xe0,0x00,0x00,0x00,0xbf,0xf8,0x00,0x00,0x2f,0xf0,0x00,0x00,0xff,0x20,0x00,0x0e,0xff,0xd0,0x00,
  0x00,0x00,0xff,0xf4,0x00,0x00,0x4f,0xd0,0x00,0x00,0xff,0x30,0x00,0x0f,0xff,0xc0,0x00,0x00,0x05,0xff,0xf1,0x00,0x00,0x9f,
  0xa0,0x00,0x00,0xef,0x40,0x00,0x0f,0xff,0xe0,0x00,0x00,0x0b,0xff,0xd0,0x00,0x01,0xef,0x40,0x00,0x00,0xcf,0x60,0x00,0x0c,
  0xff,0xf1,0x00,0x00,0x6f,0xff,0xb0,0x00,0x0a,0xfd,0x00,0x00,0x00,0xaf,0xa0,0x00,0x08,0xff,0xfa,0x00,0x06,0xff,0xff,0xc0,
  0x00,0x9f,0xf3,0x00,0x00,0x00,0x6f,0xe0,0x00,0x01,0xff,0xff,0xeb,0xdf,0xf7,0xff,0xfc,0xbe,0xff,0x50,0x00,0x00,0x00,0x1f,
  0xf5,0x00,0x00,0x4f,0xff,0xff,0xff,0x60,0xcf,0xff,0xff,0xd3,0x00,0x00,0x00,0x00,0x0b,0xfd,0x00,0x00,0x02,0x9e,0xfe,0xa2,
  0x00,0x05,0x9a,0x84,0x00,0x00,0x00,0x00,0x00,0x03,0xff,0xa0,0x00,0x00,0x00,0x00,0x00,0x00,0x00,0x00,0x00,0x00,0x00,0x00,
  0x00,0x00,0x00,0x9f,0xf9,0x00,0x00,0x00,0x00,0x00,0x00,0x00,0x00,0x07,0x10,0x00,0x00,0x00,0x00,0x00,0x0b,0xff,0xc2,0x00,
  0x00,0x00,0x00,0x00,0x00,0x06,0xef,0x80,0x00,0x00,0x00,0x00,0x00,0x00,0xbf,0xff,0xb5,0x10,0x00,0x00,0x01,0x5a,0xff,0xfe,
  0x50,0x00,0x00,0x00,0x00,0x00,0x00,0x08,0xff,0xff,0xfd,0xcb,0xbc,0xef,0xff,0xff,0xa1,0x00,0x00,0x00,0x00,0x00,0x00,0x00,
  0x00,0x2a,0xff,0xff,0xff,0xff,0xff,0xff,0x92,0x00,0x00,0x00,0x00,0x00,0x00,0x00,0x00,0x00,0x00,0x16,0xad,0xef,0xfd,0xc8,
  0x40,0x00,0x00,0x00,0x00,0x00,0x00,0x00,0x00,0x00,0x00,0x00,0x1f,0xff,0xfe,0x00,0x00,0x00,0x00,0x00,0x00,0x00,0x00,0x00,
  0x00,0x7f,0xff,0xff,0x30,0x00,0x00,0x00,0x00,0x00,0x00,0x00,0x00,0x00,0xcf,0xff,0xff,0x90,0x00,0x00,0x00,0x00,0x00,0x00,
  0x00,0x00,0x02,0xff,0xf8,0xff,0xe0,0x00,0x00,0x00,0x00,0x00,0x00,0x00,0x00,0x08,0xff,0xb2,0xff,0xf3,0x00,0x00,0x00,0x00,
  0x00,0x00,0x00,0x00,0x0d,0xff,0x50,0xcf,0xf9,0x00,0x00,0x00,0x00,0x00,0x00,0x00,0x00,0x3f,0xff,0x00,0x7f,0xfe,0x00,0x00,
  0x00,0x00,0x00,0x00,0x00,0x00,0x9f,0xfa,0x00,0x2f,0xff,0x40,0x00,0x00,0x00,0x00,0x00,0x00,0x00,0xef,0xf5,0x00,0x0d,0xff,
  0x90,0x00,0x00,0x00,0x00,0x00,0x00,0x04,0xff,0xf0,0x00,0x08,0xff,0xe0,0x00,0x00,0x00,0x00,0x00,0x00,0x0a,0xff,0xa0,0x00,
  0x03,0xff,0xf4,0x00,0x00,0x00,0x00,0x00,0x00,0x0f,0xff,0x40,0x00,0x00,0xdf,0xf9,0x00,0x00,0x00,0x00,0x00,0x00,0x5f,0xfe,
  0x00,0x00,0x00,0x8f,0xff,0x00,0x00,0x00,0x00,0x00,0x00,0xbf,0xf9,0x00,0x00,0x00,0x3f,0xff,0x40,0x00,0x00,0x00,0x00,0x01,
  0xff,0xf4,0x00,0x00,0x00,0x0e,0xff,0xa0,0x00,0x00,0x00,0x00,0x06,0xff,0xfd,0xdd,0xdd,0xdd,0xdf,0xff,0xf0,0x00,0x00,0x00,
  0x00,0x0c,0xff,0xff,0xff,0xff,0xff,0xff,0xff,0xf5,0x00,0x00,0x00,0x00,0x2f,0xff,0xff,0xff,0xff,0xff,0xff,0xff,0xfa,0x00,
  0x00,0x00,0x00,0x7f,0xfe,0x00,0x00,0x00,0x00,0x00,0x9f,0xff,0x00,0x00,0x00,0x00,0xdf,0xf9,0x00,0x00,0x00,0x00,0x00,0x4f,
  0xff,0x50,0x00,0x00,0x03,0xff,0xf4,0x00,0x00,0x00,0x00,0x00,0x0e,0xff,0xa0,0x00,0x00,0x08,0xff,0xe0,0x00,0x00,0x00,0x00,
  0x00,0x09,0xff,0xf0,0x00,0x00,0x0e,0xff,0x90,0x00,0x00,0x00,0x00,0x00,0x04,0xff,0xf5,0x00,0x00,0x4f,0xff,0x40,0x00,0x00,
  0x00,0x00,0x00,0x00,0xff,0xfb,0x00,0x00,0x9f,0xff,0x00,0x00,0x00,0x00,0x00,0x00,0x00,0xaf,0xff,0x10,0x00,0xef,0xfa,0x00,
  0x00,0x00,0x00,0x00,0x00,0x00,0x4f,0xff,0x60,0x05,0xff,0xf5,0x00,0x00,0x00,0x00,0x00,0x00,0x00,0x0f,0xff,0xb0,0x0a,0xff,
  0xf0,0x00,0x00,0x00,0x00,0x00,0x00,0x00,0x0a,0xff,0xf1,0x00,0x00,0xff,0xff,0xff,0xff,0xff,0xfd,0xb8,0x30,0x00,0x00,0x00,
  0x00,0x00,0xff,0xff,0xff,0xff,0xff,0xff,0xff,0xfb,0x20,0x00,0x00,0x00,0x00,0xff,0xfe,0xaa,0xaa,0xaa,0xbe,0xff,0xff,0xf3,
  0x00,0x00,0x00,0x00,0xff,0xfc,0x00,0x00,0x00,0x00,0x3c,0xff,0xfe,0x00,0x00,0x00,0x00,0xff,0xfc,0x00,0x00,0x00,0x00,0x00,
  0xcf,0xff,0x50,0x00,0x00,0x00,0xff,0xfc,0x00,0x00,0x00,0x00,0x00,0x4f,0xff,0x90,0x00,0x00,0x00,0xff,0xfc,0x00,0x00,0x00,
  0x00,0x00,0x1f,0xff,0xb0,0x00,0x00,0x00,0xff,0xfc,0x00,0x00,0x00,0x00,0x00,0x0f,0xff,0xb0,0x00,0x00,0x00,0xff,0xfc,0x00,
  0x00,0x00,0x00,0x00,0x2f,0xff,0x90,0x00,0x00,0x00,0xff,0xfc,0x00,0x00,0x00,0x00,0x00,0x6f,0xff,0x40,0x00,0x00,0x00,0xff,
  0xfc,0x00,0x00,0x00,0x00,0x01,0xef,0xfb,0x00,0x00,0x00,0x00,0xff,0xfc,0x00,0x00,0x00,0x00,0x4d,0xff,0xc1,0x00,0x00,0x00,
  0x00,0xff,0xfe,0xaa,0xaa,0xab,0xce,0xff,0xe7,0x00,0x00,0x00,0x00,0x00,0xff,0xff,0xff,0xff,0xff,0xff,0xff,0xc7,0x10,0x00,
  0x00,0x00,0x00,0xff,0xff,0xff,0xff,0xff,0xff,0xff,0xff,0xf6,0x00,0x00,0x00,0x00,0xff,0xfc,0x00,0x00,0x00,0x02,0x5b,0xff,
  0xff,0x60,0x00,0x00,0x00,0xff,0xfc,0x00,0x00,0x00,0x00,0x00,0x6f,0xff,0xf1,0x00,0x00,0x00,0xff,0xfc,0x00,0x00,0x00,0x00,
  0x00,0x0a,0xff,0xf7,0x00,0x00,0x00,0xff,0xfc,0x00,0x00,0x00,0x00,0x00,0x03,0xff,0xfa,0x00,0x00,0x00,0xff,0xfc,0x00,0x00,
  0x00,0x00,0x00,0x00,0xff,0xfb,0x00,0x00,0x00,0xff,0xfc,0x00,0x00,0x00,0x00,0x00,0x00,0xff,0xfb,0x00,0x00,0x00,0xff,0xfc,
  0x00,0x00,0x00,0x00,0x00,0x02,0xff,0xf9,0x00,0x00,0x00,0xff,0xfc,0x00,0x00,0x00,0x00,0x00,0x06,0xff,0xf5,0x00,0x00,0x00,
  0xff,0xfc,0x00,0x00,0x00,0x00,0x00,0x1e,0xff,0xe0,0x00,0x00,0x00,0xff,0xfc,0x00,0x00,0x00,0x00,0x05,0xef,0xff,0x60,0x00,
  0x00,0x00,0xff,0xfe,0xaa,0xaa,0xaa,0xbc,0xef,0xff,0xf7,0x00,0x00,0x00,0x00,0xff,0xff,0xff,0xff,0xff,0xff,0xff,0xfd,0x40,
  0x00,0x00,0x00,0x00,0xff,0xff,0xff,0xff,0xff,0xfe,0xc9,0x40,0x00,0x00,0x00,0x00,0x00,0x00,0x00,0x00,0x01,0x46,0x77,0x64,
  0x10,0x00,0x00,0x00,0x00,0x00,0x00,0x00,0x00,0x05,0xcf,0xff,0xff,0xff,0xfd,0x60,0x00,0x00,0x00,0x00,0x00,0x00,0x02,0xcf,
  0xff,0xff,0xff,0xff,0xff,0xfd,0x30,0x00,0x00,0x00,0x00,0x00,0x5f,0xff,0xfd,0x85,0x33,0x58,0xef,0xff,0xf4,0x00,0x00,0x00,
  0x00,0x04,0xff,0xff,0x60,0x00,0x00,0x00,0x07,0xff,0xff,0x30,0x00,0x00,0x00,0x1e,0xff,0xf3,0x00,0x00,0x00,0x00,0x00,0x5f,
  0xff,0xc0,0x00,0x00,0x00,0xcf,0xff,0x40,0x00,0x00,0x00,0x00,0x00,0x09,0xff,0xf4,0x00,0x00,0x04,0xff,0xf9,0x00,0x00,0x00,
  0x00,0x00,0x00,0x01,0xff,0xfa,0x00,0x00,0x0c,0xff,0xf1,0x00,0x00,0x00,0x00,0x00,0x00,0x00,0xaf,0xfe,0x00,0x00,0x2f,0xff,
  0xa0,0x00,0x00,0x00,0x00,0x00,0x00,0x00,0x6f,0xff,0x10,0x00,0x6f,0xff,0x50,0x00,0x00,0x00,0x00,0x00,0x00,0x00,0x15,0x55,
  0x10,0x00,0xaf,0xff,0x20,0x00,0x00,0x00,0x00,0x00,0x00,0x00,0x00,0x00,0x00,0x00,0xcf,0xfe,0x00,0x00,0x00,0x00,0x00,0x00,
  0x00,0x00,0x00,0x00,0x00,0x00,0xef,0xfd,0x00,0x00,0x00,0x00,0x00,0x00,0x00,0x00,0x00,0x00,0x00,0x00,0xff,0xfc,0x00,0x00,
  0x00,0x00,0x00,0x00,0x00,0x00,0x00,0x00,0x00,0x00,0xff,0xfc,0x00,0x00,0x00,0x00,0x00,0x00,0x00,0x00,0x00,0x00,0x00,0x00,
  0xef,0xfd,0x00,0x00,0x00,0x00,0x00,0x00,0x00,0x00,0x00,0x00,0x00,0x00,0xdf,0xfe,0x00,0x00,0x00,0x00,0x00,0x00,0x00,0x00,
  0x00,0x00,0x00,0x00,0xbf,0xff,0x10,0x00,0x00,0x00,0x00,0x00,0x00,0x00,0x00,0x00,0x00,0x00,0x7f,0xff,0x50,0x00,0x00,0x00,
  0x00,0x00,0x00,0x00,0x25,0x54,0x00,0x00,0x4f,0xff,0xa0,0x00,0x00,0x00,0x00,0x00,0x00,0x00,0x9f,0xfe,0x00,0x00,0x0e,0xff,
  0xf1,0x00,0x00,0x00,0x00,0x00,0x00,0x00,0xef,0xfb,0x00,0x00,0x07,0xff,0xf9,0x00,0x00,0x00,0x00,0x00,0x00,0x04,0xff,0xf6,
  0x00,0x00,0x01,0xef,0xff,0x30,0x00,0x00,0x00,0x00,0x00,0x0c,0xff,0xf1,0x00,0x00,0x00,0x5f,0xff,0xe2,0x00,0x00,0x00,0x00,
  0x00,0x8f,0xff,0x70,0x00,0x00,0x00,0x09,0xff,0xfe,0x50,0x00,0x00,0x00,0x09,0xff,0xfc,0x00,0x00,0x00,0x00,0x00,0x9f,0xff,
  0xfd,0x74,0x33,0x59,0xff,0xff,0xd1,0x00,0x00,0x00,0x00,0x00,0x07,0xff,0xff,0xff,0xff,0xff,0xff,0xf9,0x00,0x00,0x00,0x00,
  0x00,0x00,0x00,0x18,0xdf,0xff,0xff,0xff,0xfa,0x30,0x00,0x00,0x00,0x00,0x00,0x00,0x00,0x00,0x02,0x56,0x76,0x53,0x00,0x00,
  0x00,0x00,0x00,0x00,0x00,0xff,0xff,0xff,0xff,0xff,0xfd,0xb8,0x30,0x00,0x00,0x00,0x00,0x00,0x00,0xff,0xff,0xff,0xff,0xff,
  0xff,0xff,0xfd,0x60,0x00,0x00,0x00,0x00,0x00,0xff,0xfe,0xaa,0xaa,0xab,0xbd,0xff,0xff,0xfc,0x20,0x00,0x00,0x00,0x00,0xff,
  0xfc,0x00,0x00,0x00,0x00,0x16,0xdf,0xff,0xe2,0x00,0x00,0x00,0x00,0xff,0xfc,0x00,0x00,0x00,0x00,0x00,0x09,0xff,0xfe,0x10,
  0x00,0x00,0x00,0xff,0xfc,0x00,0x00,0x00,0x00,0x00,0x00,0x8f,0xff,0xb0,0x00,0x00,0x00,0xff,0xfc,0x00,0x00,0x00,0x00,0x00,
  0x00,0x0c,0xff,0xf4,0x00,0x00,0x00,0xff,0xfc,0x00,0x00,0x00,0x00,0x00,0x00,0x03,0xff,0xfb,0x00,0x00,0x00,0xff,0xfc,0x00,
  0x00,0x00,0x00,0x00,0x00,0x00,0xdf,0xff,0x10,0x00,0x00,0xff,0xfc,0x00,0x00,0x00,0x00,0x00,0x00,0x00,0x7f,0xff,0x40,0x00,
  0x00,0xff,0xfc,0x00,0x00,0x00,0x00,0x00,0x00,0x00,0x4f,0xff,0x80,0x00,0x00,0xff,0xfc,0x00,0x00,0x00,0x00,0x00,0x00,0x00,
  0x2f,0xff,0x90,0x00,0x00,0xff,0xfc,0x00,0x00,0x00,0x00,0x00,0x00,0x00,0x1f,0xff,0xa0,0x00,0x00,0xff,0xfc,0x00,0x00,0x00,
  0x00,0x00,0x00,0x00,0x0f,0xff,0xb0,0x00,0x00,0xff,0xfc,0x00,0x00,0x00,0x00,0x00,0x00,0x00,0x0f,0xff,0xb0,0x00,0x00,0xff,
  0xfc,0x00,0x00,0x00,0x00,0x00,0x00,0x00,0x1f,0xff,0xa0,0x00,0x00,0xff,0xfc,0x00,0x00,0x00,0x00,0x00,0x00,0x00,0x3f,0xff,
  0x80,0x00,0x00,0xff,0xfc,0x00,0x00,0x00,0x00,0x00,0x00,0x00,0x6f,0xff,0x50,0x00,0x00,0xff,0xfc,0x00,0x00,0x00,0x00,0x00,
  0x00,0x00,0xaf,0xff,0x20,0x00,0x00,0xff,0xfc,0x00,0x00,0x00,0x00,0x00,0x00,0x00,0xff,0xfd,0x00,0x00,0x00,0xff,0xfc,0x00,
  0x00,0x00,0x00,0x00,0x00,0x06,0xff,0xf6,0x00,0x00,0x00,0xff,0xfc,0x00,0x00,0x00,0x00,0x00,0x00,0x1e,0xff,0xe0,0x00,0x00,
  0x00,0xff,0xfc,0x00,0x00,0x00,0x00,0x00,0x00,0xcf,0xff,0x50,0x00,0x00,0x00,0xff,0xfc,0x00,0x00,0x00,0x00,0x00,0x1c,0xff,
  0xf9,0x00,0x00,0x00,0x00,0xff,0xfc,0x00,0x00,0x00,0x00,0x28,0xff,0xff,0xa0,0x00,0x00,0x00,0x00,0xff,0xfe,0xaa,0xaa,0xab,
  0xce,0xff,0xff,0xf8,0x00,0x00,0x00,0x00,0x00,0xff,0xff,0xff,0xff,0xff,0xff,0xff,0xfb,0x30,0x00,0x00,0x00,0x00,0x00,0xff,
  0xff,0xff,0xff,0xff,0xed,0xa7,0x20,0x00,0x00,0x00,0x00,0x00,0x00,0xff,0xff,0xff,0xff,0xff,0xff,0xff,0xff,0xff,0x00,0x00,
  0x00,0xff,0xff,0xff,0xff,0xff,0xff,0xff,0xff,0xff,0x00,0x00,0x00,0xff,0xfe,0xaa,0xaa,0xaa,0xaa,0xaa,0xaa,0xaa,0x00,0x00,
  0x00,0xff,0xfc,0x00,0x00,0x00,0x00,0x00,0x00,0x00,0x00,0x00,0x00,0xff,0xfc,0x00,0x00,0x00,0x00,0x00,0x00,0x00,0x00,0x00,
  0x00,0xff,0xfc,0x00,0x00,0x00,0x00,0x00,0x00,0x00,0x00,0x00,0x00,0xff,0xfc,0x00,0x00,0x00,0x00,0x00,0x00,0x00,0x00,0x00,
  0x00,0xff,0xfc,0x00,0x00,0x00,0x00,0x00,0x00,0x00,0x00,0x00,0x00,0xff,0xfc,0x00,0x00,0x00,0x00,0x00,0x00,0x00,0x00,0x00,
  0x00,0xff,0xfc,0x00,0x00,0x00,0x00,0x00,0x00,0x00,0x00,0x00,0x00,0xff,0xfc,0x00,0x00,0x00,0x00,0x00,0x00,0x00,0x00,0x00,
  0x00,0xff,0xfc,0x00,0x00,0x00,0x00,0x00,0x00,0x00,0x00,0x00,0x00,0xff,0xfc,0x00,0x00,0x00,0x00,0x00,0x00,0x00,0x00,0x00,
  0x00,0xff,0xff,0xff,0xff,0xff,0xff,0xff,0xff,0xf0,0x00,0x00,0x00,0xff,0xff,0xff,0xff,0xff,0xff,0xff,0xff,0xf0,0x00,0x00,
  0x00,0xff,0xfe,0xaa,0xaa,0xaa,0xaa,0xaa,0xaa,0xa0,0x00,0x00,0x00,0xff,0xfc,0x00,0x00,0x00,0x00,0x00,0x00,0x00,0x00,0x00,
  0x00,0xff,0xfc,0x00,0x00,0x00,0x00,0x00,0x00,0x00,0x00,0x00,0x00,0xff,0xfc,0x00,0x00,0x00,0x00,0x00,0x00,0x00,0x00,0x00,
  0x00,0xff,0xfc,0x00,0x00,0x00,0x00,0x00,0x00,0x00,0x00,0x00,0x00,0xff,0xfc,0x00,0x00,0x00,0x00,0x00,0x00,0x00,0x00,0x00,
  0x00,0xff,0xfc,0x00,0x00,0x00,0x00,0x00,0x00,0x00,0x00,0x00,0x00,0xff,0xfc,0x00,0x00,0x00,0x00,0x00,0x00,0x00,0x00,0x00,
  0x00,0xff,0xfc,0x00,0x00,0x00,0x00,0x00,0x00,0x00,0x00,0x00,0x00,0xff,0xfc,0x00,0x00,0x00,0x00,0x00,0x00,0x00,0x00,0x00,
  0x00,0xff,0xfe,0xaa,0xaa,0xaa,0xaa,0xaa,0xaa,0xaa,0x50,0x00,0x00,0xff,0xff,0xff,0xff,0xff,0xff,0xff,0xff,0xff,0x80,0x00,
  0x00,0xff,0xff,0xff,0xff,0xff,0xff,0xff,0xff,0xff,0x80,0x00,0x00,0xff,0xff,0xff,0xff,0xff,0xff,0xff,0xff,0xff,0x00,0x00,
  0x00,0xff,0xff,0xff,0xff,0xff,0xff,0xff,0xff,0xff,0x00,0x00,0x00,0xff,0xfe,0xaa,0xaa,0xaa,0xaa,0xaa,0xaa,0xaa,0x00,0x00,
  0x00,0xff,0xfc,0x00,0x00,0x00,0x00,0x00,0x00,0x00,0x00,0x00,0x00,0xff,0xfc,0x00,0x00,0x00,0x00,0x00,0x00,0x00,0x00,0x00,
  0x00,0xff,0xfc,0x00,0x00,0x00,0x00,0x00,0x00,0x00,0x00,0x00,0x00,0xff,0xfc,0x00,0x00,0x00,0x00,0x00,0x00,0x00,0x00,0x00,
  0x00,0xff,0xfc,0x00,0x00,0x00,0x00,0x00,0x00,0x00,0x00,0x00,0x00,0xff,0xfc,0x00,0x00,0x00,0x00,0x00,0x00,0x00,0x00,0x00,
  0x00,0xff,0xfc,0x00,0x00,0x00,0x00,0x00,0x00,0x00,0x00,0x00,0x00,0xff,0xfc,0x00,0x00,0x00,0x00,0x00,0x00,0x00,0x00,0x00,
  0x00,0xff,0xfc,0x00,0x00,0x00,0x00,0x00,0x00,0x00,0x00,0x00,0x00,0xff,0xfc,0x00,0x00,0x00,0x00,0x00,0x00,0x00,0x00,0x00,
  0x00,0xff,0xff,0xff,0xff,0xff,0xff,0xff,0xff,0x80,0x00,0x00,0x00,0xff,0xff,0xff,0xff,0xff,0xff,0xff,0xff,0x80,0x00,0x00,
  0x00,0xff,0xfe,0xaa,0xaa,0xaa,0xaa,0xaa,0xaa,0x50,0x00,0x00,0x00,0xff,0xfc,0x00,0x00,0x00,0x00,0x00,0x00,0x00,0x00,0x00,
  0x00,0xff,0xfc,0x00,0x00,0x00,0x00,0x00,0x00,0x00,0x00,0x00,0x00,0xff,0xfc,0x00,0x00,0x00,0x00,0x00,0x00,0x00,0x00,0x00,
  0x00,0xff,0xfc,0x00,0x00,0x00,0x00,0x00,0x00,0x00,0x00,0x00,0x00,0xff,0xfc,0x00,0x00,0x00,0x00,0x00,0x00,0x00,0x00,0x00,
  0x00,0xff,0xfc,0x00,0x00,0x00,0x00,0x00,0x00,0x00,0x00,0x00,0x00,0xff,0xfc,0x00,0x00,0x00,0x00,0x00,0x00,0x00,0x00,0x00,
  0x00,0xff,0xfc,0x00,0x00,0x00,0x00,0x00,0x00,0x00,0x00,0x00,0x00,0xff,0xfc,0x00,0x00,0x00,0x00,0x00,0x00,0x00,0x00,0x00,
  0x00,0xff,0xfc,0x00,0x00,0x00,0x00,0x00,0x00,0x00,0x00,0x00,0x00,0xff,0xfc,0x00,0x00,0x00,0x00,0x00,0x00,0x00,0x00,0x00,
  0x00,0xff,0xfc,0x00,0x00,0x00,0x00,0x00,0x00,0x00,0x00,0x00,0x00,0x00,0x00,0x00,0x00,0x46,0x77,0x64,0x10,0x00,0x00,0x00,
  0x00,0x00,0x00,0x00,0x00,0x00,0x05,0xbf,0xff,0xff,0xff,0xfd,0x71,0x00,0x00,0x00,0x00,0x00,0x00,0x00,0x02,0xcf,0xff,0xff,
  0xff,0xff,0xff,0xfe,0x40,0x00,0x00,0x00,0x00,0x00,0x00,0x4f,0xff,0xfe,0x85,0x33,0x47,0xdf,0xff,0xf6,0x00,0x00,0x00,0x00,
  0x00,0x04,0xff,0xff,0x70,0x00,0x00,0x00,0x05,0xff,0xff,0x40,0x00,0x00,0x00,0x00,0x1e,0xff,0xf3,0x00,0x00,0x00,0x00,0x00,
  0x3f,0xff,0xe0,0x00,0x00,0x00,0x00,0xbf,0xff,0x40,0x00,0x00,0x00,0x00,0x00,0x06,0xff,0xf7,0x00,0x00,0x00,0x04,0xff,0xfa,
  0x00,0x00,0x00,0x00,0x00,0x00,0x00,0xdf,0xfc,0x00,0x00,0x00,0x0b,0xff,0xf1,0x00,0x00,0x00,0x00,0x00,0x00,0x00,0x7f,0xff,
  0x10,0x00,0x00,0x2f,0xff,0xa0,0x00,0x00,0x00,0x00,0x00,0x00,0x00,0x3f,0xff,0x30,0x00,0x00,0x6f,0xff,0x50,0x00,0x00,0x00,
  0x00,0x00,0x00,0x00,0x04,0x44,0x10,0x00,0x00,0xaf,0xff,0x20,0x00,0x00,0x00,0x00,0x00,0x00,0x00,0x00,0x00,0x00,0x00,0x00,
  0xcf,0xff,0x00,0x00,0x00,0x00,0x00,0x00,0x00,0x00,0x00,0x00,0x00,0x00,0x00,0xef,0xfd,0x00,0x00,0x00,0x00,0x00,0x00,0x00,
  0x00,0x00,0x00,0x00,0x00,0x00,0xff,0xfc,0x00,0x00,0x00,0x00,0x00,0x00,0x00,0x00,0x00,0x00,0x00,0x00,0x00,0xff,0xfc,0x00,
  0x00,0x00,0x00,0x00,0x9a,0xaa,0xaa,0xaa,0xaa,0x00,0x00,0x00,0xef,0xfd,0x00,0x00,0x00,0x00,0x00,0xef,0xff,0xff,0xff,0xff,
  0x00,0x00,0x00,0xdf,0xff,0x00,0x00,0x00,0x00,0x00,0xef,0xff,0xff,0xff,0xff,0x00,0x00,0x00,0xbf,0xff,0x20,0x00,0x00,0x00,
  0x00,0x00,0x00,0x00,0x6f,0xff,0x00,0x00,0x00,0x7f,0xff,0x50,0x00,0x00,0x00,0x00,0x00,0x00,0x00,0x8f,0xff,0x00,0x00,0x00,
  0x4f,0xff,0xa0,0x00,0x00,0x00,0x00,0x00,0x00,0x00,0xbf,0xff,0x00,0x00,0x00,0x0e,0xff,0xf1,0x00,0x00,0x00,0x00,0x00,0x00,
  0x00,0xef,0xff,0x00,0x00,0x00,0x07,0xff,0xf9,0x00,0x00,0x00,0x00,0x00,0x00,0x06,0xff,0xff,0x00,0x00,0x00,0x01,0xef,0xff,
  0x30,0x00,0x00,0x00,0x00,0x00,0x1e,0xff,0xff,0x00,0x00,0x00,0x00,0x5f,0xff,0xe2,0x00,0x00,0x00,0x00,0x00,0xcf,0xcf,0xff,
  0x00,0x00,0x00,0x00,0x09,0xff,0xff,0x60,0x00,0x00,0x00,0x2c,0xff,0x4f,0xff,0x00,0x00,0x00,0x00,0x00,0x9f,0xff,0xfd,0x74,
  0x33,0x6a,0xff,0xfc,0x0f,0xff,0x00,0x00,0x00,0x00,0x00,0x06,0xef,0xff,0xff,0xff,0xff,0xff,0xc1,0x0f,0xff,0x00,0x00,0x00,
  0x00,0x00,0x00,0x18,0xdf,0xff,0xff,0xff,0xd5,0x00,0x0f,0xff,0x00,0x00,0x00,0x00,0x00,0x00,0x00,0x02,0x56,0x76,0x52,0x00,
  0x00,0x00,0x00,0x00,0x00,0x00,0x00,0xff,0xfc,0x00,0x00,0x00,0x00,0x00,0x00,0x00,0xcf,0xff,0x00,0x00,0x00,0x00,0xff,0xfc,
  0x00,0x00,0x00,0x00,0x00,0x00,0x00,0xcf,0xff,0x00,0x00,0x00,0x00,0xff,0xfc,0x00,0x00,0x00,0x00,0x00,0x00,0x00,0xcf,0xff,
  0x00,0x00,0x00,0x00,0xff,0xfc,0x00,0x00,0x00,0x00,0x00,0x00,0x00,0xcf,0xff,0x00,0x00,0x00,0x00,0xff,0xfc,0x00,0x00,0x00,
  0x00,0x00,0x00,0x00,0xcf,0xff,0x00,0x00,0x00,0x00,0xff,0xfc,0x00,0x00,0x00,0x00,0x00,0x00,0x00,0xcf,0xff,0x00,0x00,0x00,
  0x00,0xff,0xfc,0x00,0x00,0x00,0x00,0x00,0x00,0x00,0xcf,0xff,0x00,0x00,0x00,0x00,0xff,0xfc,0x00,0x00,0x00,0x00,0x00,0x00,
  0x00,0xcf,0xff,0x00,0x00,0x00,0x00,0xff,0xfc,0x00,0x00,0x00,0x00,0x00,0x00,0x00,0xcf,0xff,0x00,0x00,0x00,0x00,0xff,0xfc,
  0x00,0x00,0x00,0x00,0x00,0x00,0x00,0xcf,0xff,0x00,0x00,0x00,0x00,0xff,0xfc,0x00,0x00,0x00,0x00,0x00,0x00,0x00,0xcf,0xff,
  0x00,0x00,0x00,0x00,0xff,0xfc,0x00,0x00,0x00,0x00,0x00,0x00,0x00,0xcf,0xff,0x00,0x00,0x00,0x00,0xff,0xfc,0x00,0x00,0x00,
  0x00,0x00,0x00,0x00,0xcf,0xff,0x00,0x00,0x00,0x00,0xff,0xff,0xff,0xff,0xff,0xff,0xff,0xff,0xff,0xff,0xff,0x00,0x00,0x00,
  0x00,0xff,0xff,0xff,0xff,0xff,0xff,0xff,0xff,0xff,0xff,0xff,0x00,0x00,0x00,0x00,0xff,0xfe,0xaa,0xaa,0xaa,0xaa,0xaa,0xaa,
  0xaa,0xef,0xff,0x00,0x00,0x00,0x00,0xff,0xfc,0x00,0x00,0x00,0x00,0x00,0x00,0x00,0xcf,0xff,0x00,0x00,0x00,0x00,0xff,0xfc,
  0x00,0x00,0x00,0x00,0x00,0x00,0x00,0xcf,0xff,0x00,0x00,0x00,0x00,0xff,0xfc,0x00,0x00,0x00,0x00,0x00,0x00,0x00,0xcf,0xff,
  0x00,0x00,0x00,0x00,0xff,0xfc,0x00,0x00,0x00,0x00,0x00,0x00,0x00,0xcf,0xff,0x00,0x00,0x00,0x00,0xff,0xfc,0x00,0x00,0x00,
  0x00,0x00,0x00,0x00,0xcf,0xff,0x00,0x00,0x00,0x00,0xff,0xfc,0x00,0x00,0x00,0x00,0x00,0x00,0x00,0xcf,0xff,0x00,0x00,0x00,
  0x00,0xff,0xfc,0x00,0x00,0x00,0x00,0x00,0x00,0x00,0xcf,0xff,0x00,0x00,0x00,0x00,0xff,0xfc,0x00,0x00,0x00,0x00,0x00,0x00,
  0x00,0xcf,0xff,0x00,0x00,0x00,0x00,0xff,0xfc,0x00,0x00,0x00,0x00,0x00,0x00,0x00,0xcf,0xff,0x00,0x00,0x00,0x00,0xff,0xfc,
  0x00,0x00,0x00,0x00,0x00,0x00,0x00,0xcf,0xff,0x00,0x00,0x00,0x00,0xff,0xfc,0x00,0x00,0x00,0x00,0x00,0x00,0x00,0xcf,0xff,
  0x00,0x00,0x00,0x00,0xff,0xfc,0x00,0x00,0x00,0x00,0x00,0x00,0x00,0xcf,0xff,0x00,0x00,0x00,0x00,0xff,0xfc,0x00,0x00,0x00,
  0x00,0xff,0xfc,0x00,0x00,0x00,0x00,0xff,0xfc,0x00,0x00,0x00,0x00,0xff,0xfc,0x00,0x00,0x00,0x00,0xff,0xfc,0x00,0x00,0x00,
  0x00,0xff,0xfc,0x00,0x00,0x00,0x00,0xff,0xfc,0x00,0x00,0x00,0x00,0xff,0xfc,0x00,0x00,0x00,0x00,0xff,0xfc,0x00,0x00,0x00,
  0x00,0xff,0xfc,0x00,0x00,0x00,0x00,0xff,0xfc,0x00,0x00,0x00,0x00,0xff,0xfc,0x00,0x00,0x00,0x00,0xff,0xfc,0x00,0x00,0x00,
  0x00,0xff,0xfc,0x00,0x00,0x00,0x00,0xff,0xfc,0x00,0x00,0x00,0x00,0xff,0xfc,0x00,0x00,0x00,0x00,0xff,0xfc,0x00,0x00,0x00,
  0x00,0xff,0xfc,0x00,0x00,0x00,0x00,0xff,0xfc,0x00,0x00,0x00,0x00,0xff,0xfc,0x00,0x00,0x00,0x00,0xff,0xfc,0x00,0x00,0x00,
  0x00,0xff,0xfc,0x00,0x00,0x00,0x00,0xff,0xfc,0x00,0x00,0x00,0x00,0xff,0xfc,0x00,0x00,0x00,0x00,0xff,0xfc,0x00,0x00,0x00,
  0x00,0xff,0xfc,0x00,0x00,0x00,0x00,0xff,0xfc,0x00,0x00,0x00,0x00,0xff,0xfc,0x00,0x00,0x00,0x00,0x00,0x00,0x00,0x00,0x00,
  0x0c,0xff,0xf0,0x00,0x00,0x00,0x00,0x00,0x00,0x00,0x00,0x0c,0xff,0xf0,0x00,0x00,0x00,0x00,0x00,0x00,0x00,0x00,0x0c,0xff,
  0xf0,0x00,0x00,0x00,0x00,0x00,0x00,0x00,0x00,0x0c,0xff,0xf0,0x00,0x00,0x00,0x00,0x00,0x00,0x00,0x00,0x0c,0xff,0xf0,0x00,
  0x00,0x00,0x00,0x00,0x00,0x00,0x00,0x0c,0xff,0xf0,0x00,0x00,0x00,0x00,0x00,0x00,0x00,0x00,0x0c,0xff,0xf0,0x00,0x00,0x00,
  0x00,0x00,0x00,0x00,0x00,0x0c,0xff,0xf0,0x00,0x00,0x00,0x00,0x00,0x00,0x00,0x00,0x0c,0xff,0xf0,0x00,0x00,0x00,0x00,0x00,
  0x00,0x00,0x00,0x0c,0xff,0xf0,0x00,0x00,0x00,0x00,0x00,0x00,0x00,0x00,0x0c,0xff,0xf0,0x00,0x00,0x00,0x00,0x00,0x00,0x00,
  0x00,0x0c,0xff,0xf0,0x00,0x00,0x00,0x00,0x00,0x00,0x00,0x00,0x0c,0xff,0xf0,0x00,0x00,0x00,0x00,0x00,0x00,0x00,0x00,0x0c,
  0xff,0xf0,0x00,0x00,0x00,0x00,0x00,0x00,0x00,0x00,0x0c,0xff,0xf0,0x00,0x00,0x00,0x00,0x00,0x00,0x00,0x00,0x0c,0xff,0xf0,
  0x00,0x00,0x00,0x00,0x00,0x00,0x00,0x00,0x0c,0xff,0xf0,0x00,0x00,0x00,0x00,0x00,0x00,0x00,0x00,0x0c,0xff,0xf0,0x00,0x00,
  0x88,0x86,0x00,0x00,0x00,0x00,0x0c,0xff,0xf0,0x00,0x00,0xff,0xfc,0x00,0x00,0x00,0x00,0x0c,0xff,0xf0,0x00,0x00,0xff,0xfc,
  0x00,0x00,0x00,0x00,0x0c,0xff,0xf0,0x00,0x00,0xef,0xfd,0x00,0x00,0x00,0x00,0x0e,0xff,0xe0,0x00,0x00,0xbf,0xff,0x00,0x00,
  0x00,0x00,0x2f,0xff,0xc0,0x00,0x00,0x7f,0xff,0x60,0x00,0x00,0x00,0x8f,0xff,0x80,0x00,0x00,0x1f,0xff,0xe2,0x00,0x00,0x03,
  0xff,0xff,0x20,0x00,0x00,0x06,0xff,0xff,0x84,0x34,0x9f,0xff,0xf8,0x00,0x00,0x00,0x00,0x8f,0xff,0xff,0xff,0xff,0xff,0x90,
  0x00,0x00,0x00,0x00,0x04,0xcf,0xff,0xff,0xff,0xc4,0x00,0x00,0x00,0x00,0x00,0x00,0x02,0x57,0x76,0x41,0x00,0x00,0x00,0x00,
  0x00,0x00,0xff,0xfc,0x00,0x00,0x00,0x00,0x00,0x00,0x2e,0xff,0xe1,0x00,0x00,0xff,0xfc,0x00,0x00,0x00,0x00,0x00,0x01,0xdf,
  0xfe,0x20,0x00,0x00,0xff,0xfc,0x00,0x00,0x00,0x00,0x00,0x1d,0xff,0xf3,0x00,0x00,0x00,0xff,0xfc,0x00,0x00,0x00,0x00,0x00,
  0xcf,0xff,0x40,0x00,0x00,0x00,0xff,0xfc,0x00,0x00,0x00,0x00,0x0b,0xff,0xf5,0x00,0x00,0x00,0x00,0xff,0xfc,0x00,0x00,0x00,
  0x00,0xaf,0xff,0x60,0x00,0x00,0x00,0x00,0xff,0xfc,0x00,0x00,0x00,0x08,0xff,0xf7,0x00,0x00,0x00,0x00,0x00,0xff,0xfc,0x00,
  0x00,0x00,0x7f,0xff,0x90,0x00,0x00,0x00,0x00,0x00,0xff,0xfc,0x00,0x00,0x06,0xff,0xfa,0x00,0x00,0x00,0x00,0x00,0x00,0xff,
  0xfc,0x00,0x00,0x4f,0xff,0xb0,0x00,0x00,0x00,0x00,0x00,0x00,0xff,0xfc,0x00,0x03,0xff,0xfc,0x00,0x00,0x00,0x00,0x00,0x00,
  0x00,0xff,0xfc,0x00,0x3f,0xff,0xd1,0x00,0x00,0x00,0x00,0x00,0x00,0x00,0xff,0xfc,0x02,0xef,0xfe,0x10,0x00,0x00,0x00,0x00,
  0x00,0x00,0x00,0xff,0xfc,0x1d,0xff,0xf2,0x00,0x00,0x00,0x00,0x00,0x00,0x00,0x00,0xff,0xfd,0xdf,0xff,0xf9,0x00,0x00,0x00,
  0x00,0x00,0x00,0x00,0x00,0xff,0xff,0xff,0xff,0xff,0x60,0x00,0x00,0x00,0x00,0x00,0x00,0x00,0xff,0xff,0xfd,0x5f,0xff,0xf4,
  0x00,0x00,0x00,0x00,0x00,0x00,0x00,0xff,0xff,0xe2,0x06,0xff,0xfe,0x20,0x00,0x00,0x00,0x00,0x00,0x00,0xff,0xff,0x30,0x00,
  0xaf,0xff,0xd0,0x00,0x00,0x00,0x00,0x00,0x00,0xff,0xfc,0x00,0x00,0x0c,0xff,0xfb,0x00,0x00,0x00,0x00,0x00,0x00,0xff,0xfc,
  0x00,0x00,0x02,0xef,0xff,0x80,0x00,0x00,0x00,0x00,0x00,0xff,0xfc,0x00,0x00,0x00,0x4f,0xff,0xf5,0x00,0x00,0x00,0x00,0x00,
  0xff,0xfc,0x00,0x00,0x00,0x07,0xff,0xff,0x30,0x00,0x00,0x00,0x00,0xff,0xfc,0x00,0x00,0x00,0x00,0xaf,0xff,0xe1,0x00,0x00,
  0x00,0x00,0xff,0xfc,0x00,0x00,0x00,0x00,0x0d,0xff,0xfc,0x00,0x00,0x00,0x00,0xff,0xfc,0x00,0x00,0x00,0x00,0x02,0xff,0xff,
  0xa0,0x00,0x00,0x00,0xff,0xfc,0x00,0x00,0x00,0x00,0x00,0x4f,0xff,0xf7,0x00,0x00,0x00,0xff,0xfc,0x00,0x00,0x00,0x00,0x00,
  0x08,0xff,0xff,0x50,0x00,0x00,0xff,0xfc,0x00,0x00,0x00,0x00,0x00,0x00,0x00,0x00,0x00,0x00,0xff,0xfc,0x00,0x00,0x00,0x00,
  0x00,0x00,0x00,0x00,0x00,0x00,0xff,0xfc,0x00,0x00,0x00,0x00,0x00,0x00,0x00,0x00,0x00,0x00,0xff,0xfc,0x00,0x00,0x00,0x00,
  0x00,0x00,0x00,0x00,0x00,0x00,0xff,0xfc,0x00,0x00,0x00,0x00,0x00,0x00,0x00,0x00,0x00,0x00,0xff,0xfc,0x00,0x00,0x00,0x00,
  0x00,0x00,0x00,0x00,0x00,0x00,0xff,0xfc,0x00,0x00,0x00,0x00,0x00,0x00,0x00,0x00,0x00,0x00,0xff,0xfc,0x00,0x00,0x00,0x00,
  0x00,0x00,0x00,0x00,0x00,0x00,0xff,0xfc,0x00,0x00,0x00,0x00,0x00,0x00,0x00,0x00,0x00,0x00,0xff,0xfc,0x00,0x00,0x00,0x00,
  0x00,0x00,0x00,0x00,0x00,0x00,0xff,0xfc,0x00,0x00,0x00,0x00,0x00,0x00,0x00,0x00,0x00,0x00,0xff,0xfc,0x00,0x00,0x00,0x00,
  0x00,0x00,0x00,0x00,0x00,0x00,0xff,0xfc,0x00,0x00,0x00,0x00,0x00,0x00,0x00,0x00,0x00,0x00,0xff,0xfc,0x00,0x00,0x00,0x00,
  0x00,0x00,0x00,0x00,0x00,0x00,0xff,0xfc,0x00,0x00,0x00,0x00,0x00,0x00,0x00,0x00,0x00,0x00,0xff,0xfc,0x00,0x00,0x00,0x00,
  0x00,0x00,0x00,0x00,0x00,0x00,0xff,0xfc,0x00,0x00,0x00,0x00,0x00,0x00,0x00,0x00,0x00,0x00,0xff,0xfc,0x00,0x00,0x00,0x00,
  0x00,0x00,0x00,0x00,0x00,0x00,0xff,0xfc,0x00,0x00,0x00,0x00,0x00,0x00,0x00,0x00,0x00,0x00,0xff,0xfc,0x00,0x00,0x00,0x00,
  0x00,0x00,0x00,0x00,0x00,0x00,0xff,0xfc,0x00,0x00,0x00,0x00,0x00,0x00,0x00,0x00,0x00,0x00,0xff,0xfc,0x00,0x00,0x00,0x00,
  0x00,0x00,0x00,0x00,0x00,0x00,0xff,0xfc,0x00,0x00,0x00,0x00,0x00,0x00,0x00,0x00,0x00,0x00,0xff,0xfc,0x00,0x00,0x00,0x00,
  0x00,0x00,0x00,0x00,0x00,0x00,0xff,0xfc,0x00,0x00,0x00,0x00,0x00,0x00,0x00,0x00,0x00,0x00,0xff,0xff,0xdd,0xdd,0xdd,0xdd,
  0xdd,0xdd,0xdd,0x60,0x00,0x00,0xff,0xff,0xff,0xff,0xff,0xff,0xff,0xff,0xff,0x80,0x00,0x00,0xff,0xff,0xff,0xff,0xff,0xff,
  0xff,0xff,0xff,0x80,0x00,0x00,0xff,0xff,0xff,0x20,0x00,0x00,0x00,0x00,0x00,0x00,0x04,0xff,0xff,0xfc,0x00,0x00,0x00,0x00,
  0xff,0xff,0xff,0x70,0x00,0x00,0x00,0x00,0x00,0x00,0x09,0xff,0xff,0xfc,0x00,0x00,0x00,0x00,0xff,0xff,0xff,0xc0,0x00,0x00,
  0x00,0x00,0x00,0x00,0x0e,0xff,0xff,0xfc,0x00,0x00,0x00,0x00,0xff,0xfe,0xff,0xf1,0x00,0x00,0x00,0x00,0x00,0x00,0x3f,0xfe,
  0xff,0xfc,0x00,0x00,0x00,0x00,0xff,0xfc,0xdf,0xf6,0x00,0x00,0x00,0x00,0x00,0x00,0x8f,0xf9,0xff,0xfc,0x00,0x00,0x00,0x00,
  0xff,0xfc,0x9f,0xfb,0x00,0x00,0x00,0x00,0x00,0x00,0xdf,0xf4,0xff,0xfc,0x00,0x00,0x00,0x00,0xff,0xfc,0x4f,0xff,0x10,0x00,
  0x00,0x00,0x00,0x02,0xff,0xf0,0xff,0xfc,0x00,0x00,0x00,0x00,0xff,0xfc,0x0f,0xff,0x60,0x00,0x00,0x00,0x00,0x07,0xff,0xb0,
  0xff,0xfc,0x00,0x00,0x00,0x00,0xff,0xfc,0x0a,0xff,0xb0,0x00,0x00,0x00,0x00,0x0c,0xff,0x60,0xff,0xfc,0x00,0x00,0x00,0x00,
  0xff,0xfc,0x05,0xff,0xf0,0x00,0x00,0x00,0x00,0x1f,0xff,0x10,0xff,0xfc,0x00,0x00,0x00,0x00,0xff,0xfc,0x00,0xff,0xf5,0x00,
  0x00,0x00,0x00,0x6f,0xfb,0x00,0xff,0xfc,0x00,0x00,0x00,0x00,0xff,0xfc,0x00,0xbf,0xfa,0x00,0x00,0x00,0x00,0xcf,0xf6,0x00,
  0xff,0xfc,0x00,0x00,0x00,0x00,0xff,0xfc,0x00,0x5f,0xff,0x00,0x00,0x00,0x01,0xff,0xf1,0x00,0xff,0xfc,0x00,0x00,0x00,0x00,
  0xff,0xfc,0x00,0x0f,0xff,0x40,0x00,0x00,0x06,0xff,0xc0,0x00,0xff,0xfc,0x00,0x00,0x00,0x00,0xff,0xfc,0x00,0x0b,0xff,0x90,
  0x00,0x00,0x0b,0xff,0x60,0x00,0xff,0xfc,0x00,0x00,0x00,0x00,0xff,0xfc,0x00,0x05,0xff,0xe0,0x00,0x00,0x0f,0xff,0x10,0x00,
  0xff,0xfc,0x00,0x00,0x00,0x00,0xff,0xfc,0x00,0x01,0xff,0xf4,0x00,0x00,0x5f,0xfc,0x00,0x00,0xff,0xfc,0x00,0x00,0x00,0x00,
  0xff,0xfc,0x00,0x00,0xbf,0xf9,0x00,0x00,0xaf,0xf7,0x00,0x00,0xff,0xfc,0x00,0x00,0x00,0x00,0xff,0xfc,0x00,0x00,0x6f,0xfe,
  0x00,0x00,0xff,0xf1,0x00,0x00,0xff,0xfc,0x00,0x00,0x00,0x00,0xff,0xfc,0x00,0x00,0x1f,0xff,0x30,0x04,0xff,0xc0,0x00,0x00,
  0xff,0xfc,0x00,0x00,0x00,0x00,0xff,0xfc,0x00,0x00,0x0b,0xff,0x80,0x09,0xff,0x70,0x00,0x00,0xff,0xfc,0x00,0x00,0x00,0x00,
  0xff,0xfc,0x00,0x00,0x06,0xff,0xd0,0x0e,0xff,0x20,0x00,0x00,0xff,0xfc,0x00,0x00,0x00,0x00,0xff,0xfc,0x00,0x00,0x01,0xff,
  0xf2,0x3f,0xfc,0x00,0x00,0x00,0xff,0xfc,0x00,0x00,0x00,0x00,0xff,0xfc,0x00,0x00,0x00,0xbf,0xf7,0x8f,0xf7,0x00,0x00,0x00,
  0xff,0xfc,0x00,0x00,0x00,0x00,0xff,0xfc,0x00,0x00,0x00,0x6f,0xfc,0xdf,0xf2,0x00,0x00,0x00,0xff,0xfc,0x00,0x00,0x00,0x00,
  0xff,0xfc,0x00,0x00,0x00,0x1f,0xff,0xff,0xd0,0x00,0x00,0x00,0xff,0xfc,0x00,0x00,0x00,0x00,0xff,0xfc,0x00,0x00,0x00,0x0b,
  0xff,0xff,0x70,0x00,0x00,0x00,0xff,0xfc,0x00,0x00,0x00,0x00,0xff,0xfc,0x00,0x00,0x00,0x06,0xff,0xff,0x20,0x00,0x00,0x00,
  0xff,0xfc,0x00,0x00,0x00,0x00,0xff,0xff,0xfd,0x00,0x00,0x00,0x00,0x00,0x00,0xff,0xfc,0x00,0x00,0x00,0x00,0xff,0xff,0xff,
  0x50,0x00,0x00,0x00,0x00,0x00,0xff,0xfc,0x00,0x00,0x00,0x00,0xff,0xff,0xff,0xd0,0x00,0x00,0x00,0x00,0x00,0xff,0xfc,0x00,
  0x00,0x00,0x00,0xff,0xfe,0xff,0xf5,0x00,0x00,0x00,0x00,0x00,0xff,0xfc,0x00,0x00,0x00,0x00,0xff,0xfc,0xaf,0xfd,0x00,0x00,
  0x00,0x00,0x00,0xff,0xfc,0x00,0x00,0x00,0x00,0xff,0xfc,0x2f,0xff,0x60,0x00,0x00,0x00,0x00,0xff,0xfc,0x00,0x00,0x00,0x00,
  0xff,0xfc,0x0a,0xff,0xd0,0x00,0x00,0x00,0x00,0xff,0xfc,0x00,0x00,0x00,0x00,0xff,0xfc,0x02,0xff,0xf6,0x00,0x00,0x00,0x00,
  0xff,0xfc,0x00,0x00,0x00,0x00,0xff,0xfc,0x00,0xaf,0xfd,0x00,0x00,0x00,0x00,0xff,0xfc,0x00,0x00,0x00,0x00,0xff,0xfc,0x00,
  0x2f,0xff,0x60,0x00,0x00,0x00,0xff,0xfc,0x00,0x00,0x00,0x00,0xff,0xfc,0x00,0x0a,0xff,0xe0,0x00,0x00,0x00,0xff,0xfc,0x00,
  0x00,0x00,0x00,0xff,0xfc,0x00,0x02,0xff,0xf6,0x00,0x00,0x00,0xff,0xfc,0x00,0x00,0x00,0x00,0xff,0xfc,0x00,0x00,0xaf,0xfe,
  0x00,0x00,0x00,0xff,0xfc,0x00,0x00,0x00,0x00,0xff,0xfc,0x00,0x00,0x2f,0xff,0x60,0x00,0x00,0xff,0xfc,0x00,0x00,0x00,0x00,
  0xff,0xfc,0x00,0x00,0x0a,0xff,0xe0,0x00,0x00,0xff,0xfc,0x00,0x00,0x00,0x00,0xff,0xfc,0x00,0x00,0x02,0xff,0xf6,0x00,0x00,
  0xff,0xfc,0x00,0x00,0x00,0x00,0xff,0xfc,0x00,0x00,0x00,0x9f,0xfe,0x00,0x00,0xff,0xfc,0x00,0x00,0x00,0x00,0xff,0xfc,0x00,
  0x00,0x00,0x2f,0xff,0x60,0x00,0xff,0xfc,0x00,0x00,0x00,0x00,0xff,0xfc,0x00,0x00,0x00,0x09,0xff,0xe0,0x00,0xff,0xfc,0x00,
  0x00,0x00,0x00,0xff,0xfc,0x00,0x00,0x00,0x01,0xff,0xf6,0x00,0xff,0xfc,0x00,0x00,0x00,0x00,0xff,0xfc,0x00,0x00,0x00,0x00,
  0x9f,0xfe,0x00,0xff,0xfc,0x00,0x00,0x00,0x00,0xff,0xfc,0x00,0x00,0x00,0x00,0x1f,0xff,0x70,0xff,0xfc,0x00,0x00,0x00,0x00,
  0xff,0xfc,0x00,0x00,0x00,0x00,0x09,0xff,0xe0,0xff,0xfc,0x00,0x00,0x00,0x00,0xff,0xfc,0x00,0x00,0x00,0x00,0x01,0xff,0xf7,
  0xff,0xfc,0x00,0x00,0x00,0x00,0xff,0xfc,0x00,0x00,0x00,0x00,0x00,0x9f,0xfe,0xff,0xfc,0x00,0x00,0x00,0x00,0xff,0xfc,0x00,
  0x00,0x00,0x00,0x00,0x1f,0xff,0xff,0xfc,0x00,0x00,0x00,0x00,0xff,0xfc,0x00,0x00,0x00,0x00,0x00,0x08,0xff,0xff,0xfc,0x00,
  0x00,0x00,0x00,0xff,0xfc,0x00,0x00,0x00,0x00,0x00,0x01,0xff,0xff,0xfc,0x00,0x00,0x00,0x00,0x00,0x00,0x00,0x01,0x45,0x77,
  0x54,0x10,0x00,0x00,0x00,0x00,0x00,0x00,0x00,0x00,0x00,0x07,0xcf,0xff,0xff,0xff,0xfc,0x70,0x00,0x00,0x00,0x00,0x00,0x00,
  0x00,0x05,0xef,0xff,0xff,0xff,0xff,0xff,0xfe,0x50,0x00,0x00,0x00,0x00,0x00,0x00,0x7f,0xff,0xfd,0x85,0x33,0x58,0xdf,0xff,
  0xf7,0x00,0x00,0x00,0x00,0x00,0x08,0xff,0xfe,0x50,0x00,0x00,0x00,0x05,0xef,0xff,0x80,0x00,0x00,0x00,0x00,0x4f,0xff,0xe2,
  0x00,0x00,0x00,0x00,0x00,0x2e,0xff,0xf4,0x00,0x00,0x00,0x00,0xef,0xff,0x20,0x00,0x00,0x00,0x00,0x00,0x02,0xff,0xfe,0x00,
  0x00,0x00,0x07,0xff,0xf7,0x00,0x00,0x00,0x00,0x00,0x00,0x00,0x7f,0xff,0x70,0x00,0x00,0x0d,0xff,0xe0,0x00,0x00,0x00,0x00,
  0x00,0x00,0x00,0x0f,0xff,0xd0,0x00,0x00,0x3f,0xff,0x90,0x00,0x00,0x00,0x00,0x00,0x00,0x00,0x09,0xff,0xf3,0x00,0x00,0x7f,
  0xff,0x40,0x00,0x00,0x00,0x00,0x00,0x00,0x00,0x04,0xff,0xf7,0x00,0x00,0xbf,0xff,0x10,0x00,0x00,0x00,0x00,0x00,0x00,0x00,
  0x01,0xff,0xfb,0x00,0x00,0xdf,0xfe,0x00,0x00,0x00,0x00,0x00,0x00,0x00,0x00,0x00,0xef,0xfd,0x00,0x00,0xef,0xfd,0x00,0x00,
  0x00,0x00,0x00,0x00,0x00,0x00,0x00,0xdf,0xfe,0x00,0x00,0xff,0xfc,0x00,0x00,0x00,0x00,0x00,0x00,0x00,0x00,0x00,0xcf,0xff,
  0x00,0x00,0xff,0xfc,0x00,0x00,0x00,0x00,0x00,0x00,0x00,0x00,0x00,0xcf,0xff,0x00,0x00,0xef,0xfd,0x00,0x00,0x00,0x00,0x00,
  0x00,0x00,0x00,0x00,0xdf,0xfe,0x00,0x00,0xdf,0xfe,0x00,0x00,0x00,0x00,0x00,0x00,0x00,0x00,0x00,0xef,0xfd,0x00,0x00,0xbf,
  0xff,0x10,0x00,0x00,0x00,0x00,0x00,0x00,0x00,0x01,0xff,0xfb,0x00,0x00,0x7f,0xff,0x40,0x00,0x00,0x00,0x00,0x00,0x00,0x00,
  0x04,0xff,0xf7,0x00,0x00,0x3f,0xff,0x90,0x00,0x00,0x00,0x00,0x00,0x00,0x00,0x09,0xff,0xf3,0x00,0x00,0x0d,0xff,0xe0,0x00,
  0x00,0x00,0x00,0x00,0x00,0x00,0x0f,0xff,0xd0,0x00,0x00,0x07,0xff,0xf7,0x00,0x00,0x00,0x00,0x00,0x00,0x00,0x7f,0xff,0x70,
  0x00,0x00,0x00,0xef,0xff,0x20,0x00,0x00,0x00,0x00,0x00,0x02,0xff,0xfe,0x00,0x00,0x00,0x00,0x4f,0xff,0xe1,0x00,0x00,0x00,
  0x00,0x00,0x2e,0xff,0xf4,0x00,0x00,0x00,0x00,0x08,0xff,0xfe,0x50,0x00,0x00,0x00,0x05,0xef,0xff,0x80,0x00,0x00,0x00,0x00,
  0x00,0x8f,0xff,0xfd,0x85,0x33,0x58,0xdf,0xff,0xf8,0x00,0x00,0x00,0x00,0x00,0x00,0x05,0xef,0xff,0xff,0xff,0xff,0xff,0xfe,
  0x50,0x00,0x00,0x00,0x00,0x00,0x00,0x00,0x07,0xcf,0xff,0xff,0xff,0xfc,0x70,0x00,0x00,0x00,0x00,0x00,0x00,0x00,0x00,0x00,
  0x01,0x46,0x77,0x64,0x10,0x00,0x00,0x00,0x00,0x00,0x00,0x00,0xff,0xff,0xff,0xff,0xff,0xfe,0xb8,0x20,0x00,0x00,0x00,0x00,
  0xff,0xff,0xff,0xff,0xff,0xff,0xff,0xf9,0x00,0x00,0x00,0x00,0xff,0xfe,0xaa,0xaa,0xaa,0xbd,0xff,0xff,0xc1,0x00,0x00,0x00,
  0xff,0xfc,0x00,0x00,0x00,0x00,0x3c,0xff,0xfb,0x00,0x00,0x00,0xff,0xfc,0x00,0x00,0x00,0x00,0x00,0xcf,0xff,0x30,0x00,0x00,
  0xff,0xfc,0x00,0x00,0x00,0x00,0x00,0x4f,0xff,0x90,0x00,0x00,0xff,0xfc,0x00,0x00,0x00,0x00,0x00,0x0f,0xff,0xd0,0x00,0x00,
  0xff,0xfc,0x00,0x00,0x00,0x00,0x00,0x0d,0xff,0xf0,0x00,0x00,0xff,0xfc,0x00,0x00,0x00,0x00,0x00,0x0c,0xff,0xf0,0x00,0x00,
  0xff,0xfc,0x00,0x00,0x00,0x00,0x00,0x0e,0xff,0xe0,0x00,0x00,0xff,0xfc,0x00,0x00,0x00,0x00,0x00,0x1f,0xff,0xc0,0x00,0x00,
  0xff,0xfc,0x00,0x00,0x00,0x00,0x00,0x7f,0xff,0x70,0x00,0x00,0xff,0xfc,0x00,0x00,0x00,0x00,0x03,0xff,0xff,0x10,0x00,0x00,
  0xff,0xfc,0x00,0x00,0x00,0x02,0x8f,0xff,0xf6,0x00,0x00,0x00,0xff,0xff,0xff,0xff,0xff,0xff,0xff,0xff,0x70,0x00,0x00,0x00,
  0xff,0xff,0xff,0xff,0xff,0xff,0xff,0xd4,0x00,0x00,0x00,0x00,0xff,0xfe,0xaa,0xaa,0xaa,0xa9,0x63,0x00,0x00,0x00,0x00,0x00,
  0xff,0xfc,0x00,0x00,0x00,0x00,0x00,0x00,0x00,0x00,0x00,0x00,0xff,0xfc,0x00,0x00,0x00,0x00,0x00,0x00,0x00,0x00,0x00,0x00,
  0xff,0xfc,0x00,0x00,0x00,0x00,0x00,0x00,0x00,0x00,0x00,0x00,0xff,0xfc,0x00,0x00,0x00,0x00,0x00,0x00,0x00,0x00,0x00,0x00,
  0xff,0xfc,0x00,0x00,0x00,0x00,0x00,0x00,0x00,0x00,0x00,0x00,0xff,0xfc,0x00,0x00,0x00,0x00,0x00,0x00,0x00,0x00,0x00,0x00,
  0xff,0xfc,0x00,0x00,0x00,0x00,0x00,0x00,0x00,0x00,0x00,0x00,0xff,0xfc,0x00,0x00,0x00,0x00,0x00,0x00,0x00,0x00,0x00,0x00,
  0xff,0xfc,0x00,0x00,0x00,0x00,0x00,0x00,0x00,0x00,0x00,0x00,0xff,0xfc,0x00,0x00,0x00,0x00,0x00,0x00,0x00,0x00,0x00,0x00,
  0xff,0xfc,0x00,0x00,0x00,0x00,0x00,0x00,0x00,0x00,0x00,0x00,0x00,0x00,0x00,0x01,0x45,0x77,0x54,0x10,0x00,0x00,0x00,0x00,
  0x00,0x00,0x00,0x00,0x00,0x07,0xcf,0xff,0xff,0xff,0xfc,0x70,0x00,0x00,0x00,0x00,0x00,0x00,0x00,0x05,0xef,0xff,0xff,0xff,
  0xff,0xff,0xfe,0x50,0x00,0x00,0x00,0x00,0x00,0x00,0x7f,0xff,0xfd,0x85,0x33,0x58,0xdf,0xff,0xf7,0x00,0x00,0x00,0x00,0x00,
  0x08,0xff,0xfe,0x50,0x00,0x00,0x00,0x05,0xef,0xff,0x80,0x00,0x00,0x00,0x00,0x4f,0xff,0xe2,0x00,0x00,0x00,0x00,0x00,0x2e,
  0xff,0xf4,0x00,0x00,0x00,0x00,0xef,0xff,0x20,0x00,0x00,0x00,0x00,0x00,0x02,0xff,0xfe,0x00,0x00,0x00,0x07,0xff,0xf7,0x00,
  0x00,0x00,0x00,0x00,0x00,0x00,0x7f,0xff,0x60,0x00,0x00,0x0d,0xff,0xe0,0x00,0x00,0x00,0x00,0x00,0x00,0x00,0x0f,0xff,0xd0,
  0x00,0x00,0x3f,0xff,0x90,0x00,0x00,0x00,0x00,0x00,0x00,0x00,0x09,0xff,0xf3,0x00,0x00,0x7f,0xff,0x40,0x00,0x00,0x00,0x00,
  0x00,0x00,0x00,0x04,0xff,0xf7,0x00,0x00,0xbf,0xff,0x10,0x00,0x00,0x00,0x00,0x00,0x00,0x00,0x01,0xff,0xfa,0x00,0x00,0xdf,
  0xfe,0x00,0x00,0x00,0x00,0x00,0x00,0x00,0x00,0x00,0xef,0xfd,0x00,0x00,0xef,0xfd,0x00,0x00,0x00,0x00,0x00,0x00,0x00,0x00,
  0x00,0xdf,0xfe,0x00,0x00,0xff,0xfc,0x00,0x00,0x00,0x00,0x00,0x00,0x00,0x00,0x00,0xcf,0xff,0x00,0x00,0xff,0xfc,0x00,0x00,
  0x00,0x00,0x00,0x00,0x00,0x00,0x00,0xcf,0xff,0x00,0x00,0xef,0xfd,0x00,0x00,0x00,0x00,0x00,0x00,0x00,0x00,0x00,0xdf,0xfe,
  0x00,0x00,0xdf,0xfe,0x00,0x00,0x00,0x00,0x00,0x00,0x00,0x00,0x00,0xef,0xfd,0x00,0x00,0xbf,0xff,0x10,0x00,0x00,0x00,0x00,
  0x00,0x00,0x00,0x01,0xff,0xfa,0x00,0x00,0x7f,0xff,0x40,0x00,0x00,0x00,0x00,0x00,0x00,0x00,0x04,0xff,0xf6,0x00,0x00,0x3f,
  0xff,0x90,0x00,0x00,0x00,0x00,0x00,0x00,0x00,0x09,0xff,0xf2,0x00,0x00,0x0d,0xff,0xe0,0x00,0x00,0x00,0x00,0x00,0x00,0x00,
  0x0f,0xff,0xb0,0x00,0x00,0x07,0xff,0xf7,0x00,0x00,0x00,0x00,0x00,0x00,0x00,0x7f,0xff,0x30,0x00,0x00,0x00,0xef,0xff,0x20,
  0x00,0x00,0x00,0x00,0x00,0x02,0xff,0xf9,0x00,0x00,0x00,0x00,0x4f,0xff,0xe1,0x00,0x00,0x00,0x00,0x00,0x2e,0xff,0xb0,0x00,
  0x00,0x00,0x00,0x08,0xff,0xfe,0x50,0x00,0x00,0x00,0x05,0xef,0xfb,0x00,0x00,0x00,0x00,0x00,0x00,0x8f,0xff,0xfd,0x85,0x33,
  0x58,0xdf,0xff,0xfb,0x60,0x00,0x00,0x00,0x00,0x00,0x05,0xef,0xff,0xff,0xff,0xff,0xff,0xff,0xff,0xfe,0x60,0x00,0x00,0x00,
  0x00,0x00,0x07,0xcf,0xff,0xff,0xff,0xff,0xff,0xff,0xff,0xfa,0x00,0x00,0x00,0x00,0x00,0x00,0x01,0x45,0x77,0x65,0x31,0x01,
  0x4a,0xff,0xf7,0x00,0x00,0x00,0x00,0x00,0x00,0x00,0x00,0x00,0x00,0x00,0x00,0x00,0x2a,0x90,0x00,0x00,0x00,0x00,0x00,0x00,
  0x00,0x00,0x00,0x00,0x00,0x00,0x00,0x00,0x00,0x00,0x00,0x00,0xff,0xff,0xff,0xff,0xff,0xff,0xdb,0x72,0x00,0x00,0x00,0x00,
  0x00,0xff,0xff,0xff,0xff,0xff,0xff,0xff,0xff,0x90,0x00,0x00,0x00,0x00,0xff,0xfe,0xaa,0xaa,0xaa,0xbc,0xff,0xff,0xfd,0x10,
  0x00,0x00,0x00,0xff,0xfc,0x00,0x00,0x00,0x00,0x05,0xef,0xff,0xb0,0x00,0x00,0x00,0xff,0xfc,0x00,0x00,0x00,0x00,0x00,0x1e,
  0xff,0xf3,0x00,0x00,0x00,0xff,0xfc,0x00,0x00,0x00,0x00,0x00,0x07,0xff,0xf8,0x00,0x00,0x00,0xff,0xfc,0x00,0x00,0x00,0x00,
  0x00,0x03,0xff,0xfa,0x00,0x00,0x00,0xff,0xfc,0x00,0x00,0x00,0x00,0x00,0x00,0xff,0xfb,0x00,0x00,0x00,0xff,0xfc,0x00,0x00,
  0x00,0x00,0x00,0x00,0xff,0xfb,0x00,0x00,0x00,0xff,0xfc,0x00,0x00,0x00,0x00,0x00,0x02,0xff,0xf8,0x00,0x00,0x00,0xff,0xfc,
  0x00,0x00,0x00,0x00,0x00,0x07,0xff,0xf3,0x00,0x00,0x00,0xff,0xfc,0x00,0x00,0x00,0x00,0x00,0x2f,0xff,0xb0,0x00,0x00,0x00,
  0xff,0xfc,0x00,0x00,0x00,0x00,0x05,0xef,0xfb,0x00,0x00,0x00,0x00,0xff,0xfe,0xaa,0xaa,0xaa,0xbb,0xef,0xff,0x80,0x00,0x00,
  0x00,0x00,0xff,0xff,0xff,0xff,0xff,0xff,0xff,0xf3,0x00,0x00,0x00,0x00,0x00,0xff,0xff,0xff,0xff,0xff,0xff,0xff,0xff,0x50,
  0x00,0x00,0x00,0x00,0xff,0xfc,0x00,0x00,0x00,0x01,0x7f,0xff,0xf2,0x00,0x00,0x00,0x00,0xff,0xfc,0x00,0x00,0x00,0x00,0x05,
  0xff,0xf9,0x00,0x00,0x00,0x00,0xff,0xfc,0x00,0x00,0x00,0x00,0x00,0xbf,0xff,0x00,0x00,0x00,0x00,0xff,0xfc,0x00,0x00,0x00,
  0x00,0x00,0x6f,0xff,0x20,0x00,0x00,0x00,0xff,0xfc,0x00,0x00,0x00,0x00,0x00,0x2f,0xff,0x50,0x00,0x00,0x00,0xff,0xfc,0x00,
  0x00,0x00,0x00,0x00,0x0f,0xff,0x70,0x00,0x00,0x00,0xff,0xfc,0x00,0x00,0x00,0x00,0x00,0x0e,0xff,0x90,0x00,0x00,0x00,0xff,
  0xfc,0x00,0x00,0x00,0x00,0x00,0x0c,0xff,0xb0,0x00,0x00,0x00,0xff,0xfc,0x00,0x00,0x00,0x00,0x00,0x09,0xff,0xe0,0x00,0x00,
  0x00,0xff,0xfc,0x00,0x00,0x00,0x00,0x00,0x06,0xff,0xf2,0x00,0x00,0x00,0xff,0xfc,0x00,0x00,0x00,0x00,0x00,0x02,0xff,0xf7,
  0x00,0x00,0x00,0xff,0xfc,0x00,0x00,0x00,0x00,0x00,0x00,0xcf,0xfe,0x00,0x00,0x00,0x00,0x00,0x02,0x57,0x76,0x40,0x00,0x00,
  0x00,0x00,0x00,0x00,0x00,0x07,0xef,0xff,0xff,0xff,0xa2,0x00,0x00,0x00,0x00,0x00,0x03,0xdf,0xff,0xff,0xff,0xff,0xff,0x60,
  0x00,0x00,0x00,0x00,0x3f,0xff,0xf9,0x53,0x35,0xaf,0xff,0xf5,0x00,0x00,0x00,0x00,0xef,0xfd,0x20,0x00,0x00,0x04,0xff,0xff,
  0x10,0x00,0x00,0x07,0xff,0xf3,0x00,0x00,0x00,0x00,0x5f,0xff,0xa0,0x00,0x00,0x0c,0xff,0xe0,0x00,0x00,0x00,0x00,0x0d,0xff,
  0xf0,0x00,0x00,0x0e,0xff,0xc0,0x00,0x00,0x00,0x00,0x08,0xff,0xf4,0x00,0x00,0x0f,0xff,0xd0,0x00,0x00,0x00,0x00,0x04,0xcc,
  0xc4,0x00,0x00,0x0e,0xff,0xf2,0x00,0x00,0x00,0x00,0x00,0x00,0x00,0x00,0x00,0x0b,0xff,0xfb,0x00,0x00,0x00,0x00,0x00,0x00,
  0x00,0x00,0x00,0x04,0xff,0xff,0xd4,0x00,0x00,0x00,0x00,0x00,0x00,0x00,0x00,0x00,0xaf,0xff,0xff,0xd8,0x40,0x00,0x00,0x00,
  0x00,0x00,0x00,0x00,0x0a,0xff,0xff,0xff,0xff,0xb5,0x00,0x00,0x00,0x00,0x00,0x00,0x00,0x5d,0xff,0xff,0xff,0xff,0xe7,0x00,
  0x00,0x00,0x00,0x00,0x00,0x00,0x49,0xef,0xff,0xff,0xff,0xd2,0x00,0x00,0x00,0x00,0x00,0x00,0x00,0x02,0x7c,0xff,0xff,0xfe,
  0x20,0x00,0x00,0x00,0x00,0x00,0x00,0x00,0x00,0x2a,0xff,0xff,0xc0,0x00,0x00,0x00,0x00,0x00,0x00,0x00,0x00,0x00,0x6f,0xff,
  0xf3,0x00,0x00,0x00,0x00,0x00,0x00,0x00,0x00,0x00,0x0a,0xff,0xf8,0x00,0x00,0x00,0x00,0x00,0x00,0x00,0x00,0x00,0x03,0xff,
  0xfa,0x00,0x02,0xff,0xf8,0x00,0x00,0x00,0x00,0x00,0x00,0xff,0xfb,0x00,0x00,0xff,0xfe,0x00,0x00,0x00,0x00,0x00,0x00,0xff,
  0xfa,0x00,0x00,0xbf,0xff,0x50,0x00,0x00,0x00,0x00,0x03,0xff,0xf7,0x00,0x00,0x4f,0xff,0xe2,0x00,0x00,0x00,0x00,0x0a,0xff,
  0xf2,0x00,0x00,0x0b,0xff,0xfe,0x30,0x00,0x00,0x00,0x9f,0xff,0x90,0x00,0x00,0x01,0xdf,0xff,0xfb,0x63,0x34,0x7d,0xff,0xfc,
  0x00,0x00,0x00,0x00,0x1a,0xff,0xff,0xff,0xff,0xff,0xff,0xa0,0x00,0x00,0x00,0x00,0x00,0x4b,0xff,0xff,0xff,0xff,0xb4,0x00,
  0x00,0x00,0x00,0x00,0x00,0x00,0x03,0x67,0x76,0x41,0x00,0x00,0x00,0x00,0x0f,0xff,0xff,0xff,0xff,0xff,0xff,0xff,0xff,0xff,
  0xff,0xff,0x0f,0xff,0xff,0xff,0xff,0xff,0xff,0xff,0xff,0xff,0xff,0xff,0x0a,0xaa,0xaa,0xaa,0xaa,0xaf,0xff,0xea,0xaa,0xaa,
  0xaa,0xaa,0x00,0x00,0x00,0x00,0x00,0x0f,0xff,0xc0,0x00,0x00,0x00,0x00,0x00,0x00,0x00,0x00,0x00,0x0f,0xff,0xc0,0x00,0x00,
  0x00,0x00,0x00,0x00,0x00,0x00,0x00,0x0f,0xff,0xc0,0x00,0x00,0x00,0x00,0x00,0x00,0x00,0x00,0x00,0x0f,0xff,0xc0,0x00,0x00,
  0x00,0x00,0x00,0x00,0x00,0x00,0x00,0x0f,0xff,0xc0,0x00,0x00,0x00,0x00,0x00,0x00,0x00,0x00,0x00,0x0f,0xff,0xc0,0x00,0x00,
  0x00,0x00,0x00,0x00,0x00,0x00,0x00,0x0f,0xff,0xc0,0x00,0x00,0x00,0x00,0x00,0x00,0x00,0x00,0x00,0x0f,0xff,0xc0,0x00,0x00,
  0x00,0x00,0x00,0x00,0x00,0x00,0x00,0x0f,0xff,0xc0,0x00,0x00,0x00,0x00,0x00,0x00,0x00,0x00,0x00,0x0f,0xff,0xc0,0x00,0x00,
  0x00,0x00,0x00,0x00,0x00,0x00,0x00,0x0f,0xff,0xc0,0x00,0x00,0x00,0x00,0x00,0x00,0x00,0x00,0x00,0x0f,0xff,0xc0,0x00,0x00,
  0x00,0x00,0x00,0x00,0x00,0x00,0x00,0x0f,0xff,0xc0,0x00,0x00,0x00,0x00,0x00,0x00,0x00,0x00,0x00,0x0f,0xff,0xc0,0x00,0x00,
  0x00,0x00,0x00,0x00,0x00,0x00,0x00,0x0f,0xff,0xc0,0x00,0x00,0x00,0x00,0x00,0x00,0x00,0x00,0x00,0x0f,0xff,0xc0,0x00,0x00,
  0x00,0x00,0x00,0x00,0x00,0x00,0x00,0x0f,0xff,0xc0,0x00,0x00,0x00,0x00,0x00,0x00,0x00,0x00,0x00,0x0f,0xff,0xc0,0x00,0x00,
  0x00,0x00,0x00,0x00,0x00,0x00,0x00,0x0f,0xff,0xc0,0x00,0x00,0x00,0x00,0x00,0x00,0x00,0x00,0x00,0x0f,0xff,0xc0,0x00,0x00,
  0x00,0x00,0x00,0x00,0x00,0x00,0x00,0x0f,0xff,0xc0,0x00,0x00,0x00,0x00,0x00,0x00,0x00,0x00,0x00,0x0f,0xff,0xc0,0x00,0x00,
  0x00,0x00,0x00,0x00,0x00,0x00,0x00,0x0f,0xff,0xc0,0x00,0x00,0x00,0x00,0x00,0x00,0x00,0x00,0x00,0x0f,0xff,0xc0,0x00,0x00,
  0x00,0x00,0x00,0x00,0x00,0x00,0x00,0x0f,0xff,0xc0,0x00,0x00,0x00,0x00,0x00,0x00,0xff,0xfc,0x00,0x00,0x00,0x00,0x00,0x00,
  0x0c,0xff,0xf0,0x00,0x00,0x00,0xff,0xfc,0x00,0x00,0x00,0x00,0x00,0x00,0x0c,0xff,0xf0,0x00,0x00,0x00,0xff,0xfc,0x00,0x00,
  0x00,0x00,0x00,0x00,0x0c,0xff,0xf0,0x00,0x00,0x00,0xff,0xfc,0x00,0x00,0x00,0x00,0x00,0x00,0x0c,0xff,0xf0,0x00,0x00,0x00,
  0xff,0xfc,0x00,0x00,0x00,0x00,0x00,0x00,0x0c,0xff,0xf0,0x00,0x00,0x00,0xff,0xfc,0x00,0x00,0x00,0x00,0x00,0x00,0x0c,0xff,
  0xf0,0x00,0x00,0x00,0xff,0xfc,0x00,0x00,0x00,0x00,0x00,0x00,0x0c,0xff,0xf0,0x00,0x00,0x00,0xff,0xfc,0x00,0x00,0x00,0x00,
  0x00,0x00,0x0c,0xff,0xf0,0x00,0x00,0x00,0xff,0xfc,0x00,0x00,0x00,0x00,0x00,0x00,0x0c,0xff,0xf0,0x00,0x00,0x00,0xff,0xfc,
  0x00,0x00,0x00,0x00,0x00,0x00,0x0c,0xff,0xf0,0x00,0x00,0x00,0xff,0xfc,0x00,0x00,0x00,0x00,0x00,0x00,0x0c,0xff,0xf0,0x00,
  0x00,0x00,0xff,0xfc,0x00,0x00,0x00,0x00,0x00,0x00,0x0c,0xff,0xf0,0x00,0x00,0x00,0xff,0xfc,0x00,0x00,0x00,0x00,0x00,0x00,
  0x0c,0xff,0xf0,0x00,0x00,0x00,0xff,0xfc,0x00,0x00,0x00,0x00,0x00,0x00,0x0c,0xff,0xf0,0x00,0x00,0x00,0xff,0xfc,0x00,0x00,
  0x00,0x00,0x00,0x00,0x0c,0xff,0xf0,0x00,0x00,0x00,0xff,0xfc,0x00,0x00,0x00,0x00,0x00,0x00,0x0c,0xff,0xf0,0x00,0x00,0x00,
  0xff,0xfc,0x00,0x00,0x00,0x00,0x00,0x00,0x0c,0xff,0xf0,0x00,0x00,0x00,0xff,0xfc,0x00,0x00,0x00,0x00,0x00,0x00,0x0c,0xff,
  0xf0,0x00,0x00,0x00,0xff,0xfc,0x00,0x00,0x00,0x00,0x00,0x00,0x0c,0xff,0xf0,0x00,0x00,0x00,0xff,0xfd,0x00,0x00,0x00,0x00,
  0x00,0x00,0x0d,0xff,0xf0,0x00,0x00,0x00,0xdf,0xff,0x00,0x00,0x00,0x00,0x00,0x00,0x0f,0xff,0xd0,0x00,0x00,0x00,0xbf,0xff,
  0x20,0x00,0x00,0x00,0x00,0x00,0x3f,0xff,0xa0,0x00,0x00,0x00,0x6f,0xff,0x80,0x00,0x00,0x00,0x00,0x00,0x9f,0xff,0x60,0x00,
  0x00,0x00,0x1f,0xff,0xf3,0x00,0x00,0x00,0x00,0x03,0xff,0xfe,0x00,0x00,0x00,0x00,0x06,0xff,0xfe,0x40,0x00,0x00,0x00,0x4e,
  0xff,0xf6,0x00,0x00,0x00,0x00,0x00,0xaf,0xff,0xfb,0x63,0x33,0x6b,0xff,0xff,0x90,0x00,0x00,0x00,0x00,0x00,0x08,0xff,0xff,
  0xff,0xff,0xff,0xff,0xf8,0x00,0x00,0x00,0x00,0x00,0x00,0x00,0x3a,0xff,0xff,0xff,0xff,0xfa,0x30,0x00,0x00,0x00,0x00,0x00,
  0x00,0x00,0x00,0x03,0x57,0x77,0x53,0x00,0x00,0x00,0x00,0x00,0x08,0xff,0xf2,0x00,0x00,0x00,0x00,0x00,0x00,0x00,0x07,0xff,
  0xf2,0x03,0xff,0xf7,0x00,0x00,0x00,0x00,0x00,0x00,0x00,0x0d,0xff,0xd0,0x00,0xdf,0xfc,0x00,0x00,0x00,0x00,0x00,0x00,0x00,
  0x2f,0xff,0x70,0x00,0x8f,0xff,0x20,0x00,0x00,0x00,0x00,0x00,0x00,0x7f,0xff,0x10,0x00,0x3f,0xff,0x70,0x00,0x00,0x00,0x00,
  0x00,0x00,0xdf,0xfc,0x00,0x00,0x0d,0xff,0xc0,0x00,0x00,0x00,0x00,0x00,0x02,0xff,0xf6,0x00,0x00,0x08,0xff,0xf1,0x00,0x00,
  0x00,0x00,0x00,0x07,0xff,0xf1,0x00,0x00,0x02,0xff,0xf6,0x00,0x00,0x00,0x00,0x00,0x0d,0xff,0xb0,0x00,0x00,0x00,0xdf,0xfb,
  0x00,0x00,0x00,0x00,0x00,0x2f,0xff,0x50,0x00,0x00,0x00,0x7f,0xff,0x10,0x00,0x00,0x00,0x00,0x7f,0xff,0x00,0x00,0x00,0x00,
  0x2f,0xff,0x60,0x00,0x00,0x00,0x00,0xdf,0xfa,0x00,0x00,0x00,0x00,0x0d,0xff,0xb0,0x00,0x00,0x00,0x02,0xff,0xf4,0x00,0x00,
  0x00,0x00,0x07,0xff,0xf1,0x00,0x00,0x00,0x07,0xff,0xe0,0x00,0x00,0x00,0x00,0x02,0xff,0xf5,0x00,0x00,0x00,0x0d,0xff,0x90,
  0x00,0x00,0x00,0x00,0x00,0xcf,0xfb,0x00,0x00,0x00,0x2f,0xff,0x30,0x00,0x00,0x00,0x00,0x00,0x7f,0xff,0x00,0x00,0x00,0x8f,
  0xfd,0x00,0x00,0x00,0x00,0x00,0x00,0x1f,0xff,0x50,0x00,0x00,0xdf,0xf8,0x00,0x00,0x00,0x00,0x00,0x00,0x0c,0xff,0xa0,0x00,
  0x02,0xff,0xf2,0x00,0x00,0x00,0x00,0x00,0x00,0x06,0xff,0xf0,0x00,0x08,0xff,0xc0,0x00,0x00,0x00,0x00,0x00,0x00,0x01,0xff,
  0xf4,0x00,0x0d,0xff,0x70,0x00,0x00,0x00,0x00,0x00,0x00,0x00,0xcf,0xfa,0x00,0x2f,0xff,0x10,0x00,0x00,0x00,0x00,0x00,0x00,
  0x00,0x6f,0xfe,0x00,0x8f,0xfb,0x00,0x00,0x00,0x00,0x00,0x00,0x00,0x00,0x1f,0xff,0x40,0xdf,0xf6,0x00,0x00,0x00,0x00,0x00,
  0x00,0x00,0x00,0x0b,0xff,0x92,0xff,0xf0,0x00,0x00,0x00,0x00,0x00,0x00,0x00,0x00,0x06,0xff,0xe8,0xff,0xa0,0x00,0x00,0x00,
  0x00,0x00,0x00,0x00,0x00,0x01,0xff,0xff,0xff,0x50,0x00,0x00,0x00,0x00,0x00,0x00,0x00,0x00,0x00,0xbf,0xff,0xff,0x00,0x00,
  0x00,0x00,0x00,0x00,0x00,0x00,0x00,0x00,0x6f,0xff,0xf9,0x00,0x00,0x00,0x00,0x00,0x0d,0xff,0xf1,0x00,0x00,0x00,0x00,0x00,
  0x0f,0xff,0xfe,0x00,0x00,0x00,0x00,0x00,0x00,0xff,0xfa,0x09,0xff,0xf4,0x00,0x00,0x00,0x00,0x00,0x3f,0xff,0xff,0x20,0x00,
  0x00,0x00,0x00,0x03,0xff,0xf6,0x04,0xff,0xf8,0x00,0x00,0x00,0x00,0x00,0x7f,0xff,0xff,0x60,0x00,0x00,0x00,0x00,0x07,0xff,
  0xf1,0x00,0xff,0xfc,0x00,0x00,0x00,0x00,0x00,0xbf,0xfe,0xff,0xa0,0x00,0x00,0x00,0x00,0x0b,0xff,0xd0,0x00,0xcf,0xff,0x00,
  0x00,0x00,0x00,0x00,0xff,0xf7,0xff,0xe0,0x00,0x00,0x00,0x00,0x0f,0xff,0x90,0x00,0x8f,0xff,0x30,0x00,0x00,0x00,0x04,0xff,
  0xd2,0xff,0xf2,0x00,0x00,0x00,0x00,0x3f,0xff,0x40,0x00,0x4f,0xff,0x70,0x00,0x00,0x00,0x08,0xff,0x90,0xef,0xf6,0x00,0x00,
  0x00,0x00,0x7f,0xff,0x00,0x00,0x0f,0xff,0xb0,0x00,0x00,0x00,0x0c,0xff,0x40,0xaf,0xfa,0x00,0x00,0x00,0x00,0xbf,0xfb,0x00,
  0x00,0x0c,0xff,0xe0,0x00,0x00,0x00,0x0f,0xff,0x00,0x5f,0xfe,0x00,0x00,0x00,0x00,0xef,0xf7,0x00,0x00,0x07,0xff,0xf2,0x00,
  0x00,0x00,0x4f,0xfc,0x00,0x1f,0xff,0x20,0x00,0x00,0x02,0xff,0xf3,0x00,0x00,0x03,0xff,0xf6,0x00,0x00,0x00,0x8f,0xf8,0x00,
  0x0d,0xff,0x60,0x00,0x00,0x06,0xff,0xe0,0x00,0x00,0x00,0xff,0xfa,0x00,0x00,0x00,0xcf,0xf3,0x00,0x09,0xff,0xa0,0x00,0x00,
  0x0a,0xff,0xa0,0x00,0x00,0x00,0xbf,0xfe,0x00,0x00,0x01,0xff,0xf0,0x00,0x05,0xff,0xe0,0x00,0x00,0x0e,0xff,0x50,0x00,0x00,
  0x00,0x7f,0xff,0x10,0x00,0x05,0xff,0xb0,0x00,0x01,0xff,0xf3,0x00,0x00,0x2f,0xff,0x10,0x00,0x00,0x00,0x3f,0xff,0x50,0x00,
  0x09,0xff,0x70,0x00,0x00,0xdf,0xf7,0x00,0x00,0x6f,0xfd,0x00,0x00,0x00,0x00,0x0e,0xff,0x90,0x00,0x0d,0xff,0x20,0x00,0x00,
  0x9f,0xfb,0x00,0x00,0xaf,0xf8,0x00,0x00,0x00,0x00,0x0a,0xff,0xd0,0x00,0x1f,0xfe,0x00,0x00,0x00,0x5f,0xfe,0x00,0x00,0xef,
  0xf4,0x00,0x00,0x00,0x00,0x06,0xff,0xf0,0x00,0x5f,0xfa,0x00,0x00,0x00,0x1f,0xff,0x30,0x02,0xff,0xf0,0x00,0x00,0x00,0x00,
  0x02,0xff,0xf4,0x00,0x9f,0xf6,0x00,0x00,0x00,0x0d,0xff,0x70,0x06,0xff,0xb0,0x00,0x00,0x00,0x00,0x00,0xef,0xf8,0x00,0xdf,
  0xf1,0x00,0x00,0x00,0x09,0xff,0xb0,0x0a,0xff,0x70,0x00,0x00,0x00,0x00,0x00,0xaf,0xfc,0x01,0xff,0xd0,0x00,0x00,0x00,0x05,
  0xff,0xe0,0x0e,0xff,0x20,0x00,0x00,0x00,0x00,0x00,0x6f,0xff,0x06,0xff,0x90,0x00,0x00,0x00,0x01,0xff,0xf3,0x2f,0xfe,0x00,
  0x00,0x00,0x00,0x00,0x00,0x1f,0xff,0x3a,0xff,0x50,0x00,0x00,0x00,0x00,0xcf,0xf7,0x5f,0xfa,0x00,0x00,0x00,0x00,0x00,0x00,
  0x0d,0xff,0x7e,0xff,0x10,0x00,0x00,0x00,0x00,0x8f,0xfb,0x9f,0xf5,0x00,0x00,0x00,0x00,0x00,0x00,0x09,0xff,0xdf,0xfc,0x00,
  0x00,0x00,0x00,0x00,0x4f,0xff,0xdf,0xf1,0x00,0x00,0x00,0x00,0x00,0x00,0x05,0xff,0xff,0xf8,0x00,0x00,0x00,0x00,0x00,0x0f,
  0xff,0xff,0xc0,0x00,0x00,0x00,0x00,0x00,0x00,0x01,0xff,0xff,0xf4,0x00,0x00,0x00,0x00,0x00,0x0c,0xff,0xff,0x80,0x00,0x00,
  0x00,0x00,0x00,0x00,0x00,0xdf,0xff,0xf0,0x00,0x00,0x00,0x00,0x00,0x08,0xff,0xff,0x40,0x00,0x00,0x00,0x00,0xef,0xfe,0x00,
  0x00,0x00,0x00,0x00,0x00,0x00,0xcf,0xff,0x30,0x00,0x4f,0xff,0x90,0x00,0x00,0x00,0x00,0x00,0x07,0xff,0xf7,0x00,0x00,0x0a,
  0xff,0xf3,0x00,0x00,0x00,0x00,0x00,0x2f,0xff,0xc0,0x00,0x00,0x01,0xef,0xfd,0x00,0x00,0x00,0x00,0x00,0xcf,0xff,0x20,0x00,
  0x00,0x00,0x5f,0xff,0x80,0x00,0x00,0x00,0x06,0xff,0xf5,0x00,0x00,0x00,0x00,0x0a,0xff,0xf2,0x00,0x00,0x00,0x2f,0xff,0xa0,
  0x00,0x00,0x00,0x00,0x01,0xef,0xfc,0x00,0x00,0x00,0xcf,0xfe,0x10,0x00,0x00,0x00,0x00,0x00,0x5f,0xff,0x60,0x00,0x06,0xff,
  0xf4,0x00,0x00,0x00,0x00,0x00,0x00,0x0b,0xff,0xf1,0x00,0x2f,0xff,0x90,0x00,0x00,0x00,0x00,0x00,0x00,0x01,0xef,0xfb,0x00,
  0xcf,0xfd,0x00,0x00,0x00,0x00,0x00,0x00,0x00,0x00,0x6f,0xff,0x56,0xff,0xf3,0x00,0x00,0x00,0x00,0x00,0x00,0x00,0x00,0x0b,
  0xff,0xef,0xff,0x70,0x00,0x00,0x00,0x00,0x00,0x00,0x00,0x00,0x01,0xff,0xff,0xfc,0x00,0x00,0x00,0x00,0x00,0x00,0x00,0x00,
  0x00,0x00,0x6f,0xff,0xf2,0x00,0x00,0x00,0x00,0x00,0x00,0x00,0x00,0x00,0x00,0x9f,0xff,0xf7,0x00,0x00,0x00,0x00,0x00,0x00,
  0x00,0x00,0x00,0x04,0xff,0xff,0xff,0x20,0x00,0x00,0x00,0x00,0x00,0x00,0x00,0x00,0x1e,0xff,0x9e,0xff,0xd0,0x00,0x00,0x00,
  0x00,0x00,0x00,0x00,0x00,0xaf,0xfd,0x04,0xff,0xf8,0x00,0x00,0x00,0x00,0x00,0x00,0x00,0x06,0xff,0xf4,0x00,0x9f,0xff,0x40,
  0x00,0x00,0x00,0x00,0x00,0x00,0x2f,0xff,0x90,0x00,0x0d,0xff,0xe1,0x00,0x00,0x00,0x00,0x00,0x00,0xcf,0xfd,0x00,0x00,0x03,
  0xff,0xfa,0x00,0x00,0x00,0x00,0x00,0x07,0xff,0xf4,0x00,0x00,0x00,0x8f,0xff,0x50,0x00,0x00,0x00,0x00,0x3f,0xff,0x90,0x00,
  0x00,0x00,0x0d,0xff,0xf1,0x00,0x00,0x00,0x00,0xdf,0xfe,0x00,0x00,0x00,0x00,0x03,0xff,0xfc,0x00,0x00,0x00,0x09,0xff,0xf4,
  0x00,0x00,0x00,0x00,0x00,0x8f,0xff,0x70,0x00,0x00,0x4f,0xff,0x90,0x00,0x00,0x00,0x00,0x00,0x0c,0xff,0xf3,0x00,0x01,0xef,
  0xfe,0x00,0x00,0x00,0x00,0x00,0x00,0x02,0xff,0xfd,0x00,0x0a,0xff,0xf4,0x00,0x00,0x00,0x00,0x00,0x00,0x00,0x7f,0xff,0x90,
  0x07,0xff,0xf7,0x00,0x00,0x00,0x00,0x00,0x00,0x00,0xaf,0xff,0x30,0x00,0xdf,0xff,0x10,0x00,0x00,0x00,0x00,0x00,0x03,0xff,
  0xfa,0x00,0x00,0x5f,0xff,0xa0,0x00,0x00,0x00,0x00,0x00,0x0b,0xff,0xf2,0x00,0x00,0x0b,0xff,0xf3,0x00,0x00,0x00,0x00,0x00,
  0x4f,0xff,0x80,0x00,0x00,0x02,0xff,0xfc,0x00,0x00,0x00,0x00,0x00,0xdf,0xfe,0x00,0x00,0x00,0x00,0x9f,0xff,0x60,0x00,0x00,
  0x00,0x06,0xff,0xf5,0x00,0x00,0x00,0x00,0x1e,0xff,0xe0,0x00,0x00,0x00,0x0e,0xff,0xc0,0x00,0x00,0x00,0x00,0x07,0xff,0xf8,
  0x00,0x00,0x00,0x8f,0xff,0x30,0x00,0x00,0x00,0x00,0x00,0xdf,0xff,0x20,0x00,0x01,0xff,0xfa,0x00,0x00,0x00,0x00,0x00,0x00,
  0x4f,0xff,0xb0,0x00,0x0a,0xff,0xf1,0x00,0x00,0x00,0x00,0x00,0x00,0x0b,0xff,0xf4,0x00,0x3f,0xff,0x70,0x00,0x00,0x00,0x00,
  0x00,0x00,0x02,0xff,0xfd,0x00,0xcf,0xfe,0x00,0x00,0x00,0x00,0x00,0x00,0x00,0x00,0x9f,0xff,0x65,0xff,0xf5,0x00,0x00,0x00,
  0x00,0x00,0x00,0x00,0x00,0x1e,0xff,0xed,0xff,0xc0,0x00,0x00,0x00,0x00,0x00,0x00,0x00,0x00,0x06,0xff,0xff,0xff,0x30,0x00,
  0x00,0x00,0x00,0x00,0x00,0x00,0x00,0x00,0xdf,0xff,0xf9,0x00,0x00,0x00,0x00,0x00,0x00,0x00,0x00,0x00,0x00,0x4f,0xff,0xf1,
  0x00,0x00,0x00,0x00,0x00,0x00,0x00,0x00,0x00,0x00,0x0f,0xff,0xc0,0x00,0x00,0x00,0x00,0x00,0x00,0x00,0x00,0x00,0x00,0x0f,
  0xff,0xc0,0x00,0x00,0x00,0x00,0x00,0x00,0x00,0x00,0x00,0x00,0x0f,0xff,0xc0,0x00,0x00,0x00,0x00,0x00,0x00,0x00,0x00,0x00,
  0x00,0x0f,0xff,0xc0,0x00,0x00,0x00,0x00,0x00,0x00,0x00,0x00,0x00,0x00,0x0f,0xff,0xc0,0x00,0x00,0x00,0x00,0x00,0x00,0x00,
  0x00,0x00,0x00,0x0f,0xff,0xc0,0x00,0x00,0x00,0x00,0x00,0x00,0x00,0x00,0x00,0x00,0x0f,0xff,0xc0,0x00,0x00,0x00,0x00,0x00,
  0x00,0x00,0x00,0x00,0x00,0x0f,0xff,0xc0,0x00,0x00,0x00,0x00,0x00,0x00,0x00,0x00,0x00,0x00,0x0f,0xff,0xc0,0x00,0x00,0x00,
  0x00,0x00,0x00,0x00,0x00,0x00,0x00,0x0f,0xff,0xc0,0x00,0x00,0x00,0x00,0x00,0x00,0x00,0x00,0x00,0x00,0x0f,0xff,0xc0,0x00,
  0x00,0x00,0x00,0x00,0x00,0x0f,0xff,0xff,0xff,0xff,0xff,0xff,0xff,0xff,0xff,0xf0,0x00,0x0f,0xff,0xff,0xff,0xff,0xff,0xff,
  0xff,0xff,0xff,0xf0,0x00,0x0a,0xaa,0xaa,0xaa,0xaa,0xaa,0xaa,0xaa,0xbf,0xff,0xf0,0x00,0x00,0x00,0x00,0x00,0x00,0x00,0x00,
  0x00,0xbf,0xff,0x50,0x00,0x00,0x00,0x00,0x00,0x00,0x00,0x00,0x07,0xff,0xf9,0x00,0x00,0x00,0x00,0x00,0x00,0x00,0x00,0x00,
  0x3f,0xff,0xd0,0x00,0x00,0x00,0x00,0x00,0x00,0x00,0x00,0x00,0xdf,0xff,0x20,0x00,0x00,0x00,0x00,0x00,0x00,0x00,0x00,0x0a,
  0xff,0xf5,0x00,0x00,0x00,0x00,0x00,0x00,0x00,0x00,0x00,0x6f,0xff,0x90,0x00,0x00,0x00,0x00,0x00,0x00,0x00,0x00,0x02,0xff,
  0xfd,0x00,0x00,0x00,0x00,0x00,0x00,0x00,0x00,0x00,0x0d,0xff,0xf2,0x00,0x00,0x00,0x00,0x00,0x00,0x00,0x00,0x00,0xaf,0xff,
  0x50,0x00,0x00,0x00,0x00,0x00,0x00,0x00,0x00,0x06,0xff,0xf9,0x00,0x00,0x00,0x00,0x00,0x00,0x00,0x00,0x00,0x2f,0xff,0xd0,
  0x00,0x00,0x00,0x00,0x00,0x00,0x00,0x00,0x00,0xdf,0xff,0x20,0x00,0x00,0x00,0x00,0x00,0x00,0x00,0x00,0x09,0xff,0xf6,0x00,
  0x00,0x00,0x00,0x00,0x00,0x00,0x00,0x00,0x5f,0xff,0xa0,0x00,0x00,0x00,0x00,0x00,0x00,0x00,0x00,0x02,0xff,0xfd,0x00,0x00,
  0x00,0x00,0x00,0x00,0x00,0x00,0x00,0x0c,0xff,0xf2,0x00,0x00,0x00,0x00,0x00,0x00,0x00,0x00,0x00,0x9f,0xff,0x60,0x00,0x00,
  0x00,0x00,0x00,0x00,0x00,0x00,0x04,0xff,0xfa,0x00,0x00,0x00,0x00,0x00,0x00,0x00,0x00,0x00,0x1e,0xff,0xd0,0x00,0x00,0x00,
  0x00,0x00,0x00,0x00,0x00,0x00,0xcf,0xff,0x20,0x00,0x00,0x00,0x00,0x00,0x00,0x00,0x00,0x08,0xff,0xf6,0x00,0x00,0x00,0x00,
  0x00,0x00,0x00,0x00,0x00,0x4f,0xff,0xa0,0x00,0x00,0x00,0x00,0x00,0x00,0x00,0x00,0x00,0xef,0xff,0xba,0xaa,0xaa,0xaa,0xaa,
  0xaa,0xaa,0xaa,0xa0,0x00,0xff,0xff,0xff,0xff,0xff,0xff,0xff,0xff,0xff,0xff,0xf0,0x00,0xff,0xff,0xff,0xff,0xff,0xff,0xff,
  0xff,0xff,0xff,0xf0,0x00,0x00,0xff,0xff,0xff,0x80,0x00,0x00,0xff,0xff,0xff,0x80,0x00,0x00,0xff,0xba,0xaa,0x50,0x00,0x00,
  0xff,0x20,0x00,0x00,0x00,0x00,0xff,0x20,0x00,0x00,0x00,0x00,0xff,0x20,0x00,0x00,0x00,0x00,0xff,0x20,0x00,0x00,0x00,0x00,
  0xff,0x20,0x00,0x00,0x00,0x00,0xff,0x20,0x00,0x00,0x00,0x00,0xff,0x20,0x00,0x00,0x00,0x00,0xff,0x20,0x00,0x00,0x00,0x00,
  0xff,0x20,0x00,0x00,0x00,0x00,0xff,0x20,0x00,0x00,0x00,0x00,0xff,0x20,0x00,0x00,0x00,0x00,0xff,0x20,0x00,0x00,0x00,0x00,
  0xff,0x20,0x00,0x00,0x00,0x00,0xff,0x20,0x00,0x00,0x00,0x00,0xff,0x20,0x00,0x00,0x00,0x00,0xff,0x20,0x00,0x00,0x00,0x00,
  0xff,0x20,0x00,0x00,0x00,0x00,0xff,0x20,0x00,0x00,0x00,0x00,0xff,0x20,0x00,0x00,0x00,0x00,0xff,0x20,0x00,0x00,0x00,0x00,
  0xff,0x20,0x00,0x00,0x00,0x00,0xff,0x20,0x00,0x00,0x00,0x00,0xff,0x20,0x00,0x00,0x00,0x00,0xff,0x20,0x00,0x00,0x00,0x00,
  0xff,0x20,0x00,0x00,0x00,0x00,0xff,0x20,0x00,0x00,0x00,0x00,0xff,0x20,0x00,0x00,0x00,0x00,0xff,0x20,0x00,0x00,0x00,0x00,
  0xff,0x20,0x00,0x00,0x00,0x00,0xff,0xba,0xaa,0x50,0x00,0x00,0xff,0xff,0xff,0x80,0x00,0x00,0xff,0xff,0xff,0x80,0x1f,0xf7,
  0x00,0x00,0x00,0x00,0x00,0x0b,0xfc,0x00,0x00,0x00,0x00,0x00,0x06,0xff,0x10,0x00,0x00,0x00,0x00,0x01,0xff,0x60,0x00,0x00,
  0x00,0x00,0x00,0xbf,0xc0,0x00,0x00,0x00,0x00,0x00,0x6f,0xf1,0x00,0x00,0x00,0x00,0x00,0x1f,0xf6,0x00,0x00,0x00,0x00,0x00,
  0x0b,0xfb,0x00,0x00,0x00,0x00,0x00,0x06,0xff,0x10,0x00,0x00,0x00,0x00,0x01,0xff,0x60,0x00,0x00,0x00,0x00,0x00,0xbf,0xb0,
  0x00,0x00,0x00,0x00,0x00,0x6f,0xf1,0x00,0x00,0x00,0x00,0x00,0x1f,0xf6,0x00,0x00,0x00,0x00,0x00,0x0c,0xfb,0x00,0x00,0x00,
  0x00,0x00,0x06,0xff,0x10,0x00,0x00,0x00,0x00,0x01,0xff,0x60,0x00,0x00,0x00,0x00,0x00,0xcf,0xb0,0x00,0x00,0x00,0x00,0x00,
  0x7f,0xf0,0x00,0x00,0x00,0x00,0x00,0x1f,0xf5,0x00,0x00,0x00,0x00,0x00,0x0c,0xfb,0x00,0x00,0x00,0x00,0x00,0x07,0xff,0x00,
  0x00,0x00,0x00,0x00,0x02,0xff,0x50,0x00,0x00,0x00,0x00,0x00,0xcf,0xa0,0x00,0x00,0x00,0x00,0x00,0x7f,0xf0,0x00,0x00,0x00,
  0x00,0x00,0x2f,0xf5,0x00,0x00,0x00,0x00,0x00,0x0c,0xfa,0x00,0x00,0x00,0x00,0x00,0x07,0xff,0x00,0x00,0x00,0x00,0x00,0x02,
  0xff,0x50,0x00,0x00,0x00,0x00,0x00,0xdf,0xa0,0x00,0x00,0x00,0x00,0x00,0x7f,0xf0,0x00,0x00,0x00,0x00,0x00,0x18,0x81,0x0f,
  0xff,0xff,0xf2,0x00,0x00,0x0f,0xff,0xff,0xf2,0x00,0x00,0x0a,0xaa,0xaf,0xf2,0x00,0x00,0x00,0x00,0x0f,0xf2,0x00,0x00,0x00,
  0x00,0x0f,0xf2,0x00,0x00,0x00,0x00,0x0f,0xf2,0x00,0x00,0x00,0x00,0x0f,0xf2,0x00,0x00,0x00,0x00,0x0f,0xf2,0x00,0x00,0x00,
  0x00,0x0f,0xf2,0x00,0x00,0x00,0x00,0x0f,0xf2,0x00,0x00,0x00,0x00,0x0f,0xf2,0x00,0x00,0x00,0x00,0x0f,0xf2,0x00,0x00,0x00,
  0x00,0x0f,0xf2,0x00,0x00,0x00,0x00,0x0f,0xf2,0x00,0x00,0x00,0x00,0x0f,0xf2,0x00,0x00,0x00,0x00,0x0f,0xf2,0x00,0x00,0x00,
  0x00,0x0f,0xf2,0x00,0x00,0x00,0x00,0x0f,0xf2,0x00,0x00,0x00,0x00,0x0f,0xf2,0x00,0x00,0x00,0x00,0x0f,0xf2,0x00,0x00,0x00,
  0x00,0x0f,0xf2,0x00,0x00,0x00,0x00,0x0f,0xf2,0x00,0x00,0x00,0x00,0x0f,0xf2,0x00,0x00,0x00,0x00,0x0f,0xf2,0x00,0x00,0x00,
  0x00,0x0f,0xf2,0x00,0x00,0x00,0x00,0x0f,0xf2,0x00,0x00,0x00,0x00,0x0f,0xf2,0x00,0x00,0x00,0x00,0x0f,0xf2,0x00,0x00,0x00,
  0x00,0x0f,0xf2,0x00,0x00,0x00,0x00,0x0f,0xf2,0x00,0x00,0x00,0x00,0x0f,0xf2,0x00,0x00,0x00,0x00,0x0f,0xf2,0x00,0x00,0x0a,
  0xaa,0xaf,0xf2,0x00,0x00,0x0f,0xff,0xff,0xf2,0x00,0x00,0x0f,0xff,0xff,0xf2,0x00,0x00,0x00,0x00,0x00,0x00,0x00,0xff,0xf2,
  0x00,0x00,0x00,0x00,0x00,0x00,0x00,0x00,0x00,0x06,0xff,0xf9,0x00,0x00,0x00,0x00,0x00,0x00,0x00,0x00,0x00,0x0d,0xfc,0xff,
  0x10,0x00,0x00,0x00,0x00,0x00,0x00,0x00,0x00,0x4f,0xf2,0xdf,0x70,0x00,0x00,0x00,0x00,0x00,0x00,0x00,0x00,0xbf,0xb0,0x6f,
  0xe0,0x00,0x00,0x00,0x00,0x00,0x00,0x00,0x02,0xff,0x40,0x1f,0xf5,0x00,0x00,0x00,0x00,0x00,0x00,0x00,0x0a,0xfe,0x00,0x09,
  0xfd,0x00,0x00,0x00,0x00,0x00,0x00,0x00,0x1f,0xf7,0x00,0x03,0xff,0x40,0x00,0x00,0x00,0x00,0x00,0x00,0x8f,0xf1,0x00,0x00,
  0xcf,0xb0,0x00,0x00,0x00,0x00,0x00,0x00,0xef,0xa0,0x00,0x00,0x6f,0xf2,0x00,0x00,0x00,0x00,0x00,0x06,0xff,0x40,0x00,0x00,
  0x0e,0xf9,0x00,0x00,0x00,0x00,0x00,0x0d,0xfd,0x00,0x00,0x00,0x09,0xff,0x10,0x00,0x00,0x00,0x00,0x4f,0xf6,0x00,0x00,0x00,
  0x02,0xff,0x70,0x00,0x00,0x00,0x00,0xbf,0xf1,0x00,0x00,0x00,0x00,0xbf,0xe0,0x00,0x00,0x00,0x02,0xff,0x90,0x00,0x00,0x00,
  0x00,0x5f,0xf5,0x00,0x00,0x00,0x09,0xff,0x30,0x00,0x00,0x00,0x00,0x0e,0xfc,0x00,0x00,0x00,0x00,0x00,0x00,0x00,0x00,0x00,
  0x00,0x00,0x00,0x00,0x00,0x00,0x00,0x00,0x00,0x00,0x00,0x00,0x00,0x00,0x00,0x00,0x00,0x00,0x00,0x00,0x00,0x00,0x00,0x00,
  0x00,0x00,0x00,0x00,0x00,0x00,0x00,0x00,0x00,0x00,0x00,0x00,0x00,0x00,0x00,0x00,0x00,0x00,0x00,0x00,0x00,0x00,0x00,0x00,
  0x00,0x00,0x00,0x00,0x00,0x00,0x00,0x00,0x00,0x00,0x00,0x00,0x00,0x00,0x00,0x00,0x00,0x00,0x00,0x00,0x00,0x00,0x00,0x00,
  0x00,0x00,0x00,0x00,0x00,0x00,0x00,0x00,0x00,0x00,0x00,0x00,0x00,0x00,0x00,0x00,0x00,0x00,0x00,0x00,0x00,0x00,0x00,0x00,
  0x00,0x00,0x00,0x00,0x00,0x00,0xaa,0xaa,0xaa,0xaa,0xaa,0xaa,0xaa,0xaa,0x00,0x00,0xff,0xff,0xff,0xff,0xff,0xff,0xff,0xff,
  0x00,0x00,0xff,0xff,0xff,0xff,0xff,0xff,0xff,0xff,0x00,0x01,0x78,0x70,0x00,0x00,0x00,0x00,0x9f,0xf6,0x00,0x00,0x00,0x00,
  0x0d,0xfe,0x00,0x00,0x00,0x00,0x02,0xff,0x70,0x00,0x00,0x00,0x00,0x5f,0xe1,0x00,0x00,0x00,0x00,0x00,0x00,0x00,0x00,0x00,
  0x00,0x00,0x00,0x00,0x00,0x00,0x00,0x00,0x00,0x00,0x00,0x00,0x00,0x00,0x00,0x00,0x00,0x00,0x00,0x00,0x00,0x00,0x00,0x00,
  0x00,0x00,0x00,0x00,0x00,0x00,0x00,0x00,0x00,0x00,0x00,0x00,0x00,0x00,0x00,0x00,0x00,0x00,0x00,0x00,0x00,0x00,0x00,0x00,
  0x00,0x00,0x00,0x00,0x00,0x00,0x00,0x00,0x00,0x00,0x00,0x00,0x00,0x00,0x00,0x00,0x00,0x00,0x00,0x00,0x00,0x00,0x00,0x00,
  0x00,0x00,0x00,0x00,0x00,0x00,0x00,0x00,0x00,0x00,0x00,0x00,0x00,0x00,0x00,0x00,0x00,0x00,0x00,0x00,0x00,0x00,0x00,0x00,
  0x00,0x00,0x00,0x00,0x00,0x00,0x00,0x00,0x00,0x00,0x00,0x00,0x00,0x00,0x00,0x00,0x00,0x00,0x00,0x00,0x00,0x00,0x00,0x00,
  0x00,0x00,0x00,0x00,0x00,0x00,0x00,0x00,0x00,0x00,0x00,0x00,0x00,0x00,0x02,0x57,0x76,0x41,0x00,0x00,0x00,0x00,0x00,0x00,
  0x05,0xdf,0xff,0xff,0xff,0xb3,0x00,0x00,0x00,0x00,0x00,0xaf,0xff,0xff,0xff,0xff,0xff,0x50,0x00,0x00,0x00,0x0a,0xff,0xfc,
  0x63,0x35,0xbf,0xff,0xf2,0x00,0x00,0x00,0x4f,0xff,0xa0,0x00,0x00,0x09,0xff,0xf8,0x00,0x00,0x00,0xaf,0xff,0x10,0x00,0x00,
  0x01,0xff,0xfc,0x00,0x00,0x00,0xef,0xfb,0x00,0x00,0x00,0x00,0xdf,0xfe,0x00,0x00,0x00,0x89,0x94,0x00,0x00,0x00,0x00,0xcf,
  0xff,0x00,0x00,0x00,0x00,0x00,0x00,0x00,0x00,0x00,0xcf,0xff,0x00,0x00,0x00,0x00,0x00,0x01,0x46,0x78,0x99,0xef,0xff,0x00,
  0x00,0x00,0x00,0x18,0xdf,0xff,0xff,0xff,0xff,0xff,0x00,0x00,0x00,0x07,0xff,0xff,0xff,0xed,0xde,0xff,0xff,0x00,0x00,0x00,
  0x9f,0xff,0xe8,0x30,0x00,0x00,0xcf,0xff,0x00,0x00,0x04,0xff,0xfd,0x10,0x00,0x00,0x00,0xcf,0xff,0x00,0x00,0x0a,0xff,0xf2,
  0x00,0x00,0x00,0x00,0xcf,0xff,0x00,0x00,0x0e,0xff,0xd0,0x00,0x00,0x00,0x00,0xef,0xff,0x00,0x00,0x0f,0xff,0xc0,0x00,0x00,
  0x00,0x02,0xff,0xff,0x00,0x00,0x0e,0xff,0xe0,0x00,0x00,0x00,0x09,0xff,0xff,0x00,0x00,0x0b,0xff,0xf7,0x00,0x00,0x00,0x6f,
  0xff,0xff,0x10,0x00,0x04,0xff,0xff,0xa5,0x33,0x5b,0xfe,0xbf,0xff,0x20,0x00,0x00,0x8f,0xff,0xff,0xff,0xff,0xf7,0x8f,0xff,
  0x30,0x00,0x00,0x05,0xdf,0xff,0xff,0xfe,0x80,0x6f,0xff,0x50,0x00,0x00,0x00,0x03,0x67,0x76,0x30,0x00,0x00,0x00,0x00,0x00,
  0x00,0x0f,0xff,0xc0,0x00,0x00,0x00,0x00,0x00,0x00,0x00,0x00,0x00,0x0f,0xff,0xc0,0x00,0x00,0x00,0x00,0x00,0x00,0x00,0x00,
  0x00,0x0f,0xff,0xc0,0x00,0x00,0x00,0x00,0x00,0x00,0x00,0x00,0x00,0x0f,0xff,0xc0,0x00,0x00,0x00,0x00,0x00,0x00,0x00,0x00,
  0x00,0x0f,0xff,0xc0,0x00,0x00,0x00,0x00,0x00,0x00,0x00,0x00,0x00,0x0f,0xff,0xc0,0x00,0x00,0x00,0x00,0x00,0x00,0x00,0x00,
  0x00,0x0f,0xff,0xc0,0x00,0x00,0x00,0x00,0x00,0x00,0x00,0x00,0x00,0x0f,0xff,0xc0,0x00,0x00,0x00,0x00,0x00,0x00,0x00,0x00,
  0x00,0x0f,0xff,0xc0,0x00,0x04,0x67,0x65,0x10,0x00,0x00,0x00,0x00,0x0f,0xff,0xc0,0x19,0xff,0xff,0xff,0xfc,0x30,0x00,0x00,
  0x00,0x0f,0xff,0xc0,0xdf,0xff,0xff,0xff,0xff,0xf8,0x00,0x00,0x00,0x0f,0xff,0xc9,0xff,0xb6,0x33,0x5b,0xff,0xff,0x70,0x00,
  0x00,0x0f,0xff,0xef,0xf5,0x00,0x00,0x00,0x5f,0xff,0xf3,0x00,0x00,0x0f,0xff,0xff,0x40,0x00,0x00,0x00,0x06,0xff,0xfc,0x00,
  0x00,0x0f,0xff,0xfa,0x00,0x00,0x00,0x00,0x00,0xdf,0xff,0x30,0x00,0x0f,0xff,0xf4,0x00,0x00,0x00,0x00,0x00,0x6f,0xff,0x80,
  0x00,0x0f,0xff,0xf0,0x00,0x00,0x00,0x00,0x00,0x1f,0xff,0xb0,0x00,0x0f,0xff,0xd0,0x00,0x00,0x00,0x00,0x00,0x0e,0xff,0xe0,
  0x00,0x0f,0xff,0xc0,0x00,0x00,0x00,0x00,0x00,0x0d,0xff,0xf0,0x00,0x0f,0xff,0xc0,0x00,0x00,0x00,0x00,0x00,0x0c,0xff,0xf0,
  0x00,0x0f,0xff,0xc0,0x00,0x00,0x00,0x00,0x00,0x0d,0xff,0xe0,0x00,0x0f,0xff,0xd0,0x00,0x00,0x00,0x00,0x00,0x0e,0xff,0xd0,
  0x00,0x0f,0xff,0xf0,0x00,0x00,0x00,0x00,0x00,0x1f,0xff,0xa0,0x00,0x0f,0xff,0xf3,0x00,0x00,0x00,0x00,0x00,0x5f,0xff,0x60,
  0x00,0x0f,0xff,0xf9,0x00,0x00,0x00,0x00,0x00,0xcf,0xff,0x10,0x00,0x0f,0xff,0xff,0x30,0x00,0x00,0x00,0x06,0xff,0xf9,0x00,
  0x00,0x0f,0xff,0xff,0xe4,0x00,0x00,0x00,0x6f,0xff,0xe1,0x00,0x00,0x0f,0xff,0xcd,0xff,0xb5,0x33,0x6c,0xff,0xff,0x30,0x00,
  0x00,0x0f,0xff,0xc4,0xff,0xff,0xff,0xff,0xff,0xd2,0x00,0x00,0x00,0x0f,0xff,0xc0,0x5d,0xff,0xff,0xff,0xe7,0x00,0x00,0x00,
  0x00,0x00,0x00,0x00,0x00,0x25,0x77,0x52,0x00,0x00,0x00,0x00,0x00,0x00,0x00,0x00,0x25,0x77,0x63,0x00,0x00,0x00,0x00,0x00,
  0x00,0x00,0x6e,0xff,0xff,0xff,0xe7,0x00,0x00,0x00,0x00,0x00,0x2d,0xff,0xff,0xff,0xff,0xff,0xd2,0x00,0x00,0x00,0x02,0xef,
  0xff,0xb5,0x33,0x6c,0xff,0xfd,0x10,0x00,0x00,0x0d,0xff,0xf5,0x00,0x00,0x00,0x8f,0xff,0xa0,0x00,0x00,0x9f,0xff,0x50,0x00,
  0x00,0x00,0x0b,0xff,0xf3,0x00,0x01,0xff,0xfb,0x00,0x00,0x00,0x00,0x03,0xff,0xf9,0x00,0x06,0xff,0xf5,0x00,0x00,0x00,0x00,
  0x00,0xdf,0xfc,0x00,0x0a,0xff,0xf0,0x00,0x00,0x00,0x00,0x00,0x11,0x11,0x00,0x0d,0xff,0xe0,0x00,0x00,0x00,0x00,0x00,0x00,
  0x00,0x00,0x0e,0xff,0xc0,0x00,0x00,0x00,0x00,0x00,0x00,0x00,0x00,0x0f,0xff,0xc0,0x00,0x00,0x00,0x00,0x00,0x00,0x00,0x00,
  0x0f,0xff,0xd0,0x00,0x00,0x00,0x00,0x00,0x00,0x00,0x00,0x0e,0xff,0xe0,0x00,0x00,0x00,0x00,0x00,0x00,0x00,0x00,0x0c,0xff,
  0xf1,0x00,0x00,0x00,0x00,0x00,0x00,0x00,0x00,0x08,0xff,0xf5,0x00,0x00,0x00,0x00,0x00,0xbb,0xb7,0x00,0x04,0xff,0xfb,0x00,
  0x00,0x00,0x00,0x04,0xff,0xf5,0x00,0x00,0xdf,0xff,0x50,0x00,0x00,0x00,0x0c,0xff,0xe0,0x00,0x00,0x5f,0xff,0xf4,0x00,0x00,
  0x00,0xaf,0xff,0x70,0x00,0x00,0x09,0xff,0xff,0xa5,0x33,0x7d,0xff,0xfb,0x00,0x00,0x00,0x00,0x8f,0xff,0xff,0xff,0xff,0xff,
  0xa0,0x00,0x00,0x00,0x00,0x03,0xbf,0xff,0xff,0xff,0xc4,0x00,0x00,0x00,0x00,0x00,0x00,0x01,0x56,0x76,0x51,0x00,0x00,0x00,
  0x00,0x00,0x00,0x00,0x00,0x00,0x00,0x00,0x00,0x00,0xff,0xfc,0x00,0x00,0x00,0x00,0x00,0x00,0x00,0x00,0x00,0x00,0x00,0xff,
  0xfc,0x00,0x00,0x00,0x00,0x00,0x00,0x00,0x00,0x00,0x00,0x00,0xff,0xfc,0x00,0x00,0x00,0x00,0x00,0x00,0x00,0x00,0x00,0x00,
  0x00,0xff,0xfc,0x00,0x00,0x00,0x00,0x00,0x00,0x00,0x00,0x00,0x00,0x00,0xff,0xfc,0x00,0x00,0x00,0x00,0x00,0x00,0x00,0x00,
  0x00,0x00,0x00,0xff,0xfc,0x00,0x00,0x00,0x00,0x00,0x00,0x00,0x00,0x00,0x00,0x00,0xff,0xfc,0x00,0x00,0x00,0x00,0x00,0x00,
  0x00,0x00,0x00,0x00,0x00,0xff,0xfc,0x00,0x00,0x00,0x00,0x00,0x00,0x15,0x67,0x64,0x10,0x00,0xff,0xfc,0x00,0x00,0x00,0x00,
  0x00,0x5c,0xff,0xff,0xff,0xfa,0x20,0xff,0xfc,0x00,0x00,0x00,0x00,0x1c,0xff,0xff,0xff,0xff,0xff,0xe1,0xff,0xfc,0x00,0x00,
  0x00,0x02,0xef,0xff,0xd7,0x43,0x48,0xef,0xfa,0xff,0xfc,0x00,0x00,0x00,0x0d,0xff,0xf8,0x00,0x00,0x00,0x09,0xff,0xff,0xfc,
  0x00,0x00,0x00,0x8f,0xff,0x80,0x00,0x00,0x00,0x00,0x9f,0xff,0xfc,0x00,0x00,0x01,0xff,0xfd,0x00,0x00,0x00,0x00,0x00,0x0d,
  0xff,0xfc,0x00,0x00,0x06,0xff,0xf6,0x00,0x00,0x00,0x00,0x00,0x07,0xff,0xfc,0x00,0x00,0x0a,0xff,0xf1,0x00,0x00,0x00,0x00,
  0x00,0x03,0xff,0xfc,0x00,0x00,0x0d,0xff,0xe0,0x00,0x00,0x00,0x00,0x00,0x01,0xff,0xfc,0x00,0x00,0x0e,0xff,0xd0,0x00,0x00,
  0x00,0x00,0x00,0x00,0xff,0xfc,0x00,0x00,0x0f,0xff,0xc0,0x00,0x00,0x00,0x00,0x00,0x00,0xff,0xfc,0x00,0x00,0x0f,0xff,0xd0,
  0x00,0x00,0x00,0x00,0x00,0x00,0xff,0xfc,0x00,0x00,0x0e,0xff,0xe0,0x00,0x00,0x00,0x00,0x00,0x01,0xff,0xfc,0x00,0x00,0x0b,
  0xff,0xf2,0x00,0x00,0x00,0x00,0x00,0x04,0xff,0xfc,0x00,0x00,0x08,0xff,0xf7,0x00,0x00,0x00,0x00,0x00,0x08,0xff,0xfc,0x00,
  0x00,0x02,0xff,0xfd,0x00,0x00,0x00,0x00,0x00,0x0e,0xff,0xfc,0x00,0x00,0x00,0xbf,0xff,0x80,0x00,0x00,0x00,0x00,0xaf,0xff,
  0xfc,0x00,0x00,0x00,0x2f,0xff,0xf7,0x00,0x00,0x00,0x0a,0xfe,0xff,0xfc,0x00,0x00,0x00,0x06,0xff,0xff,0xc6,0x33,0x48,0xef,
  0xf5,0xff,0xfc,0x00,0x00,0x00,0x00,0x6f,0xff,0xff,0xff,0xff,0xff,0x90,0xff,0xfc,0x00,0x00,0x00,0x00,0x02,0xaf,0xff,0xff,
  0xff,0xd6,0x00,0xff,0xfc,0x00,0x00,0x00,0x00,0x00,0x00,0x46,0x77,0x52,0x00,0x00,0x00,0x00,0x00,0x00,0x00,0x00,0x00,0x00,
  0x25,0x77,0x52,0x00,0x00,0x00,0x00,0x00,0x00,0x00,0x7e,0xff,0xff,0xff,0xe6,0x00,0x00,0x00,0x00,0x00,0x2d,0xff,0xff,0xff,
  0xff,0xff,0xb0,0x00,0x00,0x00,0x02,0xef,0xff,0xa5,0x33,0x6b,0xff,0xfc,0x00,0x00,0x00,0x0d,0xff,0xd2,0x00,0x00,0x00,0x6f,
  0xff,0x70,0x00,0x00,0x8f,0xfe,0x20,0x00,0x00,0x00,0x09,0xff,0xf0,0x00,0x01,0xff,0xf7,0x00,0x00,0x00,0x00,0x01,0xff,0xf6,
  0x00,0x06,0xff,0xf1,0x00,0x00,0x00,0x00,0x00,0xcf,0xfa,0x00,0x0a,0xff,0xd0,0x00,0x00,0x00,0x00,0x00,0x9f,0xfd,0x00,0x0d,
  0xff,0xea,0xaa,0xaa,0xaa,0xaa,0xaa,0xdf,0xfe,0x00,0x0e,0xff,0xff,0xff,0xff,0xff,0xff,0xff,0xff,0xff,0x00,0x0f,0xff,0xff,
  0xff,0xff,0xff,0xff,0xff,0xff,0xff,0x00,0x0f,0xff,0xc0,0x00,0x00,0x00,0x00,0x00,0x00,0x00,0x00,0x0e,0xff,0xd0,0x00,0x00,
  0x00,0x00,0x00,0x00,0x00,0x00,0x0b,0xff,0xf0,0x00,0x00,0x00,0x00,0x00,0x12,0x21,0x00,0x08,0xff,0xf2,0x00,0x00,0x00,0x00,
  0x00,0xff,0xf9,0x00,0x03,0xff,0xf8,0x00,0x00,0x00,0x00,0x05,0xff,0xf5,0x00,0x00,0xcf,0xff,0x10,0x00,0x00,0x00,0x0d,0xff,
  0xe0,0x00,0x00,0x4f,0xff,0xd2,0x00,0x00,0x00,0xbf,0xff,0x60,0x00,0x00,0x08,0xff,0xff,0x94,0x34,0x7e,0xff,0xfa,0x00,0x00,
  0x00,0x00,0x7f,0xff,0xff,0xff,0xff,0xff,0x90,0x00,0x00,0x00,0x00,0x02,0xbf,0xff,0xff,0xff,0xb3,0x00,0x00,0x00,0x00,0x00,
  0x00,0x00,0x46,0x76,0x41,0x00,0x00,0x00,0x00,0x00,0x00,0x00,0x15,0x77,0x62,0x00,0x00,0x07,0xff,0xff,0xf8,0x00,0x00,0x7f,
  0xff,0xff,0xf8,0x00,0x01,0xff,0xff,0xc8,0x95,0x00,0x07,0xff,0xf9,0x00,0x00,0x00,0x0a,0xff,0xf2,0x00,0x00,0x00,0x0b,0xff,
  0xf0,0x00,0x00,0x00,0x0c,0xff,0xf0,0x00,0x00,0x00,0x0c,0xff,0xf0,0x00,0x00,0x00,0x0c,0xff,0xf0,0x00,0x00,0x0f,0xff,0xff,
  0xff,0xff,0xf0,0x0f,0xff,0xff,0xff,0xff,0xf0,0x0a,0xae,0xff,0xfa,0xaa,0xa0,0x00,0x0c,0xff,0xf0,0x00,0x00,0x00,0x0c,0xff,
  0xf0,0x00,0x00,0x00,0x0c,0xff,0xf0,0x00,0x00,0x00,0x0c,0xff,0xf0,0x00,0x00,0x00,0x0c,0xff,0xf0,0x00,0x00,0x00,0x0c,0xff,
  0xf0,0x00,0x00,0x00,0x0c,0xff,0xf0,0x00,0x00,0x00,0x0c,0xff,0xf0,0x00,0x00,0x00,0x0c,0xff,0xf0,0x00,0x00,0x00,0x0c,0xff,
  0xf0,0x00,0x00,0x00,0x0c,0xff,0xf0,0x00,0x00,0x00,0x0c,0xff,0xf0,0x00,0x00,0x00,0x0c,0xff,0xf0,0x00,0x00,0x00,0x0c,0xff,
  0xf0,0x00,0x00,0x00,0x0c,0xff,0xf0,0x00,0x00,0x00,0x0c,0xff,0xf0,0x00,0x00,0x00,0x0c,0xff,0xf0,0x00,0x00,0x00,0x0c,0xff,
  0xf0,0x00,0x00,0x00,0x00,0x00,0x00,0x25,0x77,0x52,0x00,0x00,0x00,0x00,0x00,0x00,0x00,0x00,0x7e,0xff,0xff,0xff,0xd5,0x0c,
  0xff,0xf0,0x00,0x00,0x00,0x2d,0xff,0xff,0xff,0xff,0xff,0x4c,0xff,0xf0,0x00,0x00,0x03,0xff,0xff,0xc6,0x33,0x5b,0xff,0xdc,
  0xff,0xf0,0x00,0x00,0x1e,0xff,0xf6,0x00,0x00,0x00,0x4f,0xff,0xff,0xf0,0x00,0x00,0x9f,0xff,0x60,0x00,0x00,0x00,0x04,0xff,
  0xff,0xf0,0x00,0x01,0xff,0xfc,0x00,0x00,0x00,0x00,0x00,0x9f,0xff,0xf0,0x00,0x06,0xff,0xf5,0x00,0x00,0x00,0x00,0x00,0x3f,
  0xff,0xf0,0x00,0x0a,0xff,0xf1,0x00,0x00,0x00,0x00,0x00,0x0f,0xff,0xf0,0x00,0x0d,0xff,0xe0,0x00,0x00,0x00,0x00,0x00,0x0d,
  0xff,0xf0,0x00,0x0e,0xff,0xd0,0x00,0x00,0x00,0x00,0x00,0x0c,0xff,0xf0,0x00,0x0f,0xff,0xc0,0x00,0x00,0x00,0x00,0x00,0x0c,
  0xff,0xf0,0x00,0x0f,0xff,0xd0,0x00,0x00,0x00,0x00,0x00,0x0d,0xff,0xf0,0x00,0x0e,0xff,0xe0,0x00,0x00,0x00,0x00,0x00,0x0e,
  0xff,0xf0,0x00,0x0c,0xff,0xf1,0x00,0x00,0x00,0x00,0x00,0x0f,0xff,0xf0,0x00,0x08,0xff,0xf6,0x00,0x00,0x00,0x00,0x00,0x4f,
  0xff,0xf0,0x00,0x03,0xff,0xfc,0x00,0x00,0x00,0x00,0x00,0xbf,0xff,0xf0,0x00,0x00,0xcf,0xff,0x60,0x00,0x00,0x00,0x05,0xff,
  0xff,0xf0,0x00,0x00,0x4f,0xff,0xf5,0x00,0x00,0x00,0x5f,0xfe,0xff,0xf0,0x00,0x00,0x08,0xff,0xff,0xb5,0x33,0x6b,0xff,0x9c,
  0xff,0xf0,0x00,0x00,0x00,0x8f,0xff,0xff,0xff,0xff,0xfd,0x0c,0xff,0xf0,0x00,0x00,0x00,0x03,0xcf,0xff,0xff,0xff,0x91,0x0c,
  0xff,0xf0,0x00,0x00,0x00,0x00,0x01,0x56,0x76,0x40,0x00,0x0d,0xff,0xe0,0x00,0x04,0xff,0xf3,0x00,0x00,0x00,0x00,0x00,0x0f,
  0xff,0xc0,0x00,0x02,0xff,0xf6,0x00,0x00,0x00,0x00,0x00,0x6f,0xff,0x70,0x00,0x00,0xdf,0xfd,0x00,0x00,0x00,0x00,0x01,0xef,
  0xff,0x20,0x00,0x00,0x7f,0xff,0xb0,0x00,0x00,0x00,0x1c,0xff,0xf9,0x00,0x00,0x00,0x0c,0xff,0xfe,0x84,0x23,0x49,0xff,0xff,
  0xc0,0x00,0x00,0x00,0x01,0xcf,0xff,0xff,0xff,0xff,0xff,0xfb,0x10,0x00,0x00,0x00,0x00,0x06,0xcf,0xff,0xff,0xff,0xfc,0x50,
  0x00,0x00,0x00,0x00,0x00,0x00,0x01,0x46,0x77,0x64,0x10,0x00,0x00,0x00,0x00,0x00,0x0f,0xff,0xc0,0x00,0x00,0x00,0x00,0x00,
  0x00,0x00,0x00,0x00,0x0f,0xff,0xc0,0x00,0x00,0x00,0x00,0x00,0x00,0x00,0x00,0x00,0x0f,0xff,0xc0,0x00,0x00,0x00,0x00,0x00,
  0x00,0x00,0x00,0x00,0x0f,0xff,0xc0,0x00,0x00,0x00,0x00,0x00,0x00,0x00,0x00,0x00,0x0f,0xff,0xc0,0x00,0x00,0x00,0x00,0x00,
  0x00,0x00,0x00,0x00,0x0f,0xff,0xc0,0x00,0x00,0x00,0x00,0x00,0x00,0x00,0x00,0x00,0x0f,0xff,0xc0,0x00,0x00,0x00,0x00,0x00,
  0x00,0x00,0x00,0x00,0x0f,0xff,0xc0,0x00,0x00,0x00,0x00,0x00,0x00,0x00,0x00,0x00,0x0f,0xff,0xc0,0x00,0x04,0x67,0x64,0x10,
  0x00,0x00,0x00,0x00,0x0f,0xff,0xc0,0x1a,0xff,0xff,0xff,0xfa,0x10,0x00,0x00,0x00,0x0f,0xff,0xc1,0xff,0xff,0xff,0xff,0xff,
  0xe2,0x00,0x00,0x00,0x0f,0xff,0xca,0xff,0xa4,0x34,0x7e,0xff,0xfd,0x00,0x00,0x00,0x0f,0xff,0xef,0xf4,0x00,0x00,0x01,0xef,
  0xff,0x60,0x00,0x00,0x0f,0xff,0xff,0x50,0x00,0x00,0x00,0x6f,0xff,0xb0,0x00,0x00,0x0f,0xff,0xfc,0x00,0x00,0x00,0x00,0x0f,
  0xff,0xe0,0x00,0x00,0x0f,0xff,0xf6,0x00,0x00,0x00,0x00,0x0d,0xff,0xf0,0x00,0x00,0x0f,0xff,0xf2,0x00,0x00,0x00,0x00,0x0c,
  0xff,0xf0,0x00,0x00,0x0f,0xff,0xf0,0x00,0x00,0x00,0x00,0x0c,0xff,0xf0,0x00,0x00,0x0f,0xff,0xd0,0x00,0x00,0x00,0x00,0x0c,
  0xff,0xf0,0x00,0x00,0x0f,0xff,0xd0,0x00,0x00,0x00,0x00,0x0c,0xff,0xf0,0x00,0x00,0x0f,0xff,0xc0,0x00,0x00,0x00,0x00,0x0c,
  0xff,0xf0,0x00,0x00,0x0f,0xff,0xc0,0x00,0x00,0x00,0x00,0x0c,0xff,0xf0,0x00,0x00,0x0f,0xff,0xc0,0x00,0x00,0x00,0x00,0x0c,
  0xff,0xf0,0x00,0x00,0x0f,0xff,0xc0,0x00,0x00,0x00,0x00,0x0c,0xff,0xf0,0x00,0x00,0x0f,0xff,0xc0,0x00,0x00,0x00,0x00,0x0c,
  0xff,0xf0,0x00,0x00,0x0f,0xff,0xc0,0x00,0x00,0x00,0x00,0x0c,0xff,0xf0,0x00,0x00,0x0f,0xff,0xc0,0x00,0x00,0x00,0x00,0x0c,
  0xff,0xf0,0x00,0x00,0x0f,0xff,0xc0,0x00,0x00,0x00,0x00,0x0c,0xff,0xf0,0x00,0x00,0x0f,0xff,0xc0,0x00,0x00,0x00,0x00,0x0c,
  0xff,0xf0,0x00,0x00,0x0f,0xff,0xc0,0x00,0x00,0x00,0x00,0x0c,0xff,0xf0,0x00,0x00,0x06,0x60,0x00,0x00,0x00,0xaf,0xfa,0x00,
  0x00,0x00,0xff,0xff,0x00,0x00,0x00,0xaf,0xfa,0x00,0x00,0x00,0x06,0x60,0x00,0x00,0x00,0x00,0x00,0x00,0x00,0x00,0x00,0x00,
  0x00,0x00,0x00,0x00,0x00,0x00,0x00,0x00,0xcf,0xff,0x00,0x00,0x00,0xcf,0xff,0x00,0x00,0x00,0xcf,0xff,0x00,0x00,0x00,0xcf,
  0xff,0x00,0x00,0x00,0xcf,0xff,0x00,0x00,0x00,0xcf,0xff,0x00,0x00,0x00,0xcf,0xff,0x00,0x00,0x00,0xcf,0xff,0x00,0x00,0x00,
  0xcf,0xff,0x00,0x00,0x00,0xcf,0xff,0x00,0x00,0x00,0xcf,0xff,0x00,0x00,0x00,0xcf,0xff,0x00,0x00,0x00,0xcf,0xff,0x00,0x00,
  0x00,0xcf,0xff,0x00,0x00,0x00,0xcf,0xff,0x00,0x00,0x00,0xcf,0xff,0x00,0x00,0x00,0xcf,0xff,0x00,0x00,0x00,0xcf,0xff,0x00,
  0x00,0x00,0xcf,0xff,0x00,0x00,0x00,0xcf,0xff,0x00,0x00,0x00,0xcf,0xff,0x00,0x00,0x00,0x00,0x66,0x00,0x00,0x00,0x0a,0xff,
  0xa0,0x00,0x00,0x0f,0xff,0xf0,0x00,0x00,0x0a,0xff,0xa0,0x00,0x00,0x00,0x66,0x00,0x00,0x00,0x00,0x00,0x00,0x00,0x00,0x00,
  0x00,0x00,0x00,0x00,0x00,0x00,0x00,0x00,0x00,0x0c,0xff,0xf0,0x00,0x00,0x0c,0xff,0xf0,0x00,0x00,0x0c,0xff,0xf0,0x00,0x00,
  0x0c,0xff,0xf0,0x00,0x00,0x0c,0xff,0xf0,0x00,0x00,0x0c,0xff,0xf0,0x00,0x00,0x0c,0xff,0xf0,0x00,0x00,0x0c,0xff,0xf0,0x00,
  0x00,0x0c,0xff,0xf0,0x00,0x00,0x0c,0xff,0xf0,0x00,0x00,0x0c,0xff,0xf0,0x00,0x00,0x0c,0xff,0xf0,0x00,0x00,0x0c,0xff,0xf0,
  0x00,0x00,0x0c,0xff,0xf0,0x00,0x00,0x0c,0xff,0xf0,0x00,0x00,0x0c,0xff,0xf0,0x00,0x00,0x0c,0xff,0xf0,0x00,0x00,0x0c,0xff,
  0xf0,0x00,0x00,0x0c,0xff,0xf0,0x00,0x00,0x0c,0xff,0xf0,0x00,0x00,0x0c,0xff,0xf0,0x00,0x00,0x0c,0xff,0xf0,0x00,0x00,0x0c,
  0xff,0xf0,0x00,0x00,0x0c,0xff,0xf0,0x00,0x00,0x0d,0xff,0xf0,0x00,0x00,0x1f,0xff,0xd0,0x00,0x67,0xdf,0xff,0xa0,0x00,0xff,
  0xff,0xff,0x30,0x00,0xff,0xff,0xe5,0x00,0x00,0x77,0x74,0x00,0x00,0x00,0x00,0x08,0x88,0x60,0x00,0x00,0x00,0x00,0x00,0x00,
  0x00,0x00,0x0f,0xff,0xc0,0x00,0x00,0x00,0x00,0x00,0x00,0x00,0x00,0x0f,0xff,0xc0,0x00,0x00,0x00,0x00,0x00,0x00,0x00,0x00,
  0x0f,0xff,0xc0,0x00,0x00,0x00,0x00,0x00,0x00,0x00,0x00,0x0f,0xff,0xc0,0x00,0x00,0x00,0x00,0x00,0x00,0x00,0x00,0x0f,0xff,
  0xc0,0x00,0x00,0x00,0x00,0x00,0x00,0x00,0x00,0x0f,0xff,0xc0,0x00,0x00,0x00,0x00,0x00,0x00,0x00,0x00,0x0f,0xff,0xc0,0x00,
  0x00,0x00,0x00,0x00,0x00,0x00,0x00,0x0f,0xff,0xc0,0x00,0x00,0x00,0x00,0x00,0x00,0x00,0x00,0x0f,0xff,0xc0,0x00,0x00,0x00,
  0x00,0xcf,0xff,0x80,0x00,0x0f,0xff,0xc0,0x00,0x00,0x00,0x0b,0xff,0xf8,0x00,0x00,0x0f,0xff,0xc0,0x00,0x00,0x00,0xaf,0xff,
  0x80,0x00,0x00,0x0f,0xff,0xc0,0x00,0x00,0x09,0xff,0xf8,0x00,0x00,0x00,0x0f,0xff,0xc0,0x00,0x00,0x8f,0xff,0x80,0x00,0x00,
  0x00,0x0f,0xff,0xc0,0x00,0x07,0xff,0xf8,0x00,0x00,0x00,0x00,0x0f,0xff,0xc0,0x00,0x6f,0xff,0x80,0x00,0x00,0x00,0x00,0x0f,
  0xff,0xc0,0x05,0xff,0xf8,0x00,0x00,0x00,0x00,0x00,0x0f,0xff,0xc0,0x4f,0xff,0x80,0x00,0x00,0x00,0x00,0x00,0x0f,0xff,0xc4,
  0xff,0xf9,0x00,0x00,0x00,0x00,0x00,0x00,0x0f,0xff,0xef,0xff,0xfa,0x00,0x00,0x00,0x00,0x00,0x00,0x0f,0xff,0xff,0xff,0xff,
  0x90,0x00,0x00,0x00,0x00,0x00,0x0f,0xff,0xff,0x7d,0xff,0xf7,0x00,0x00,0x00,0x00,0x00,0x0f,0xff,0xf7,0x02,0xef,0xff,0x60,
  0x00,0x00,0x00,0x00,0x0f,0xff,0xc0,0x00,0x3f,0xff,0xf4,0x00,0x00,0x00,0x00,0x0f,0xff,0xc0,0x00,0x04,0xff,0xff,0x30,0x00,
  0x00,0x00,0x0f,0xff,0xc0,0x00,0x00,0x6f,0xff,0xe2,0x00,0x00,0x00,0x0f,0xff,0xc0,0x00,0x00,0x08,0xff,0xfe,0x10,0x00,0x00,
  0x0f,0xff,0xc0,0x00,0x00,0x00,0xaf,0xff,0xd1,0x00,0x00,0x0f,0xff,0xc0,0x00,0x00,0x00,0x0c,0xff,0xfc,0x00,0x00,0x0f,0xff,
  0xc0,0x00,0x00,0x00,0x01,0xdf,0xff,0xb0,0x00,0x0f,0xff,0xc0,0x00,0x00,0x0f,0xff,0xc0,0x00,0x00,0x0f,0xff,0xc0,0x00,0x00,
  0x0f,0xff,0xc0,0x00,0x00,0x0f,0xff,0xc0,0x00,0x00,0x0f,0xff,0xc0,0x00,0x00,0x0f,0xff,0xc0,0x00,0x00,0x0f,0xff,0xc0,0x00,
  0x00,0x0f,0xff,0xc0,0x00,0x00,0x0f,0xff,0xc0,0x00,0x00,0x0f,0xff,0xc0,0x00,0x00,0x0f,0xff,0xc0,0x00,0x00,0x0f,0xff,0xc0,
  0x00,0x00,0x0f,0xff,0xc0,0x00,0x00,0x0f,0xff,0xc0,0x00,0x00,0x0f,0xff,0xc0,0x00,0x00,0x0f,0xff,0xc0,0x00,0x00,0x0f,0xff,
  0xc0,0x00,0x00,0x0f,0xff,0xc0,0x00,0x00,0x0f,0xff,0xc0,0x00,0x00,0x0f,0xff,0xc0,0x00,0x00,0x0f,0xff,0xc0,0x00,0x00,0x0f,
  0xff,0xc0,0x00,0x00,0x0f,0xff,0xc0,0x00,0x00,0x0f,0xff,0xc0,0x00,0x00,0x0f,0xff,0xc0,0x00,0x00,0x0f,0xff,0xe0,0x00,0x00,
  0x0e,0xff,0xfd,0xa0,0x00,0x0a,0xff,0xff,0xf0,0x00,0x00,0x8e,0xff,0xe0,0x00,0x00,0x00,0x00,0x00,0x47,0x76,0x30,0x00,0x00,
  0x00,0x46,0x77,0x40,0x00,0x00,0x00,0x00,0x0f,0xff,0xc0,0x8f,0xff,0xff,0xfd,0x30,0x00,0x6e,0xff,0xff,0xfe,0x70,0x00,0x00,
  0x00,0x0f,0xff,0xc5,0xff,0xff,0xff,0xff,0xf4,0x04,0xff,0xff,0xff,0xff,0xf9,0x00,0x00,0x00,0x0f,0xff,0xcd,0xf9,0x43,0x6d,
  0xff,0xfe,0x1e,0xfb,0x43,0x5b,0xff,0xff,0x40,0x00,0x00,0x0f,0xff,0xff,0x60,0x00,0x00,0xcf,0xff,0xef,0xa0,0x00,0x00,0x9f,
  0xff,0xb0,0x00,0x00,0x0f,0xff,0xfc,0x00,0x00,0x00,0x3f,0xff,0xff,0x00,0x00,0x00,0x0f,0xff,0xf0,0x00,0x00,0x0f,0xff,0xf6,
  0x00,0x00,0x00,0x0f,0xff,0xf9,0x00,0x00,0x00,0x0b,0xff,0xf1,0x00,0x00,0x0f,0xff,0xf2,0x00,0x00,0x00,0x0d,0xff,0xf5,0x00,
  0x00,0x00,0x09,0xff,0xf3,0x00,0x00,0x0f,0xff,0xf0,0x00,0x00,0x00,0x0c,0xff,0xf3,0x00,0x00,0x00,0x09,0xff,0xf3,0x00,0x00,
  0x0f,0xff,0xd0,0x00,0x00,0x00,0x0c,0xff,0xf1,0x00,0x00,0x00,0x08,0xff,0xf3,0x00,0x00,0x0f,0xff,0xc0,0x00,0x00,0x00,0x0c,
  0xff,0xf0,0x00,0x00,0x00,0x08,0xff,0xf3,0x00,0x00,0x0f,0xff,0xc0,0x00,0x00,0x00,0x0c,0xff,0xf0,0x00,0x00,0x00,0x08,0xff,
  0xf3,0x00,0x00,0x0f,0xff,0xc0,0x00,0x00,0x00,0x0c,0xff,0xf0,0x00,0x00,0x00,0x08,0xff,0xf3,0x00,0x00,0x0f,0xff,0xc0,0x00,
  0x00,0x00,0x0c,0xff,0xf0,0x00,0x00,0x00,0x08,0xff,0xf3,0x00,0x00,0x0f,0xff,0xc0,0x00,0x00,0x00,0x0c,0xff,0xf0,0x00,0x00,
  0x00,0x08,0xff,0xf3,0x00,0x00,0x0f,0xff,0xc0,0x00,0x00,0x00,0x0c,0xff,0xf0,0x00,0x00,0x00,0x08,0xff,0xf3,0x00,0x00,0x0f,
  0xff,0xc0,0x00,0x00,0x00,0x0c,0xff,0xf0,0x00,0x00,0x00,0x08,0xff,0xf3,0x00,0x00,0x0f,0xff,0xc0,0x00,0x00,0x00,0x0c,0xff,
  0xf0,0x00,0x00,0x00,0x08,0xff,0xf3,0x00,0x00,0x0f,0xff,0xc0,0x00,0x00,0x00,0x0c,0xff,0xf0,0x00,0x00,0x00,0x08,0xff,0xf3,
  0x00,0x00,0x0f,0xff,0xc0,0x00,0x00,0x00,0x0c,0xff,0xf0,0x00,0x00,0x00,0x08,0xff,0xf3,0x00,0x00,0x0f,0xff,0xc0,0x00,0x00,
  0x00,0x0c,0xff,0xf0,0x00,0x00,0x00,0x08,0xff,0xf3,0x00,0x00,0x0f,0xff,0xc0,0x00,0x00,0x00,0x0c,0xff,0xf0,0x00,0x00,0x00,
  0x08,0xff,0xf3,0x00,0x00,0x00,0x00,0x00,0x00,0x04,0x67,0x64,0x10,0x00,0x00,0x00,0x00,0x0f,0xff,0xc0,0x1a,0xff,0xff,0xff,
  0xfa,0x10,0x00,0x00,0x00,0x0f,0xff,0xc1,0xff,0xff,0xff,0xff,0xff,0xe2,0x00,0x00,0x00,0x0f,0xff,0xc9,0xff,0xa4,0x34,0x7e,
  0xff,0xfd,0x00,0x00,0x00,0x0f,0xff,0xef,0xf4,0x00,0x00,0x01,0xdf,0xff,0x60,0x00,0x00,0x0f,0xff,0xff,0x60,0x00,0x00,0x00,
  0x5f,0xff,0xb0,0x00,0x00,0x0f,0xff,0xfd,0x00,0x00,0x00,0x00,0x0f,0xff,0xe0,0x00,0x00,0x0f,0xff,0xf7,0x00,0x00,0x00,0x00,
  0x0d,0xff,0xf0,0x00,0x00,0x0f,0xff,0xf2,0x00,0x00,0x00,0x00,0x0c,0xff,0xf0,0x00,0x00,0x0f,0xff,0xf0,0x00,0x00,0x00,0x00,
  0x0c,0xff,0xf0,0x00,0x00,0x0f,0xff,0xd0,0x00,0x00,0x00,0x00,0x0c,0xff,0xf0,0x00,0x00,0x0f,0xff,0xd0,0x00,0x00,0x00,0x00,
  0x0c,0xff,0xf0,0x00,0x00,0x0f,0xff,0xc0,0x00,0x00,0x00,0x00,0x0c,0xff,0xf0,0x00,0x00,0x0f,0xff,0xc0,0x00,0x00,0x00,0x00,
  0x0c,0xff,0xf0,0x00,0x00,0x0f,0xff,0xc0,0x00,0x00,0x00,0x00,0x0c,0xff,0xf0,0x00,0x00,0x0f,0xff,0xc0,0x00,0x00,0x00,0x00,
  0x0c,0xff,0xf0,0x00,0x00,0x0f,0xff,0xc0,0x00,0x00,0x00,0x00,0x0c,0xff,0xf0,0x00,0x00,0x0f,0xff,0xc0,0x00,0x00,0x00,0x00,
  0x0c,0xff,0xf0,0x00,0x00,0x0f,0xff,0xc0,0x00,0x00,0x00,0x00,0x0c,0xff,0xf0,0x00,0x00,0x0f,0xff,0xc0,0x00,0x00,0x00,0x00,
  0x0c,0xff,0xf0,0x00,0x00,0x0f,0xff,0xc0,0x00,0x00,0x00,0x00,0x0c,0xff,0xf0,0x00,0x00,0x0f,0xff,0xc0,0x00,0x00,0x00,0x00,
  0x0c,0xff,0xf0,0x00,0x00,0x00,0x00,0x00,0x25,0x67,0x65,0x20,0x00,0x00,0x00,0x00,0x00,0x00,0x00,0x7d,0xff,0xff,0xff,0xfd,
  0x70,0x00,0x00,0x00,0x00,0x00,0x2d,0xff,0xff,0xff,0xff,0xff,0xfd,0x20,0x00,0x00,0x00,0x03,0xef,0xff,0xd7,0x43,0x47,0xdf,
  0xff,0xe3,0x00,0x00,0x00,0x0d,0xff,0xf8,0x00,0x00,0x00,0x08,0xff,0xfd,0x00,0x00,0x00,0x8f,0xff,0x90,0x00,0x00,0x00,0x00,
  0x9f,0xff,0x80,0x00,0x01,0xff,0xfd,0x00,0x00,0x00,0x00,0x00,0x0e,0xff,0xf1,0x00,0x06,0xff,0xf7,0x00,0x00,0x00,0x00,0x00,
  0x07,0xff,0xf6,0x00,0x0a,0xff,0xf2,0x00,0x00,0x00,0x00,0x00,0x02,0xff,0xfa,0x00,0x0d,0xff,0xe0,0x00,0x00,0x00,0x00,0x00,
  0x00,0xef,0xfd,0x00,0x0e,0xff,0xd0,0x00,0x00,0x00,0x00,0x00,0x00,0xdf,0xfe,0x00,0x0f,0xff,0xc0,0x00,0x00,0x00,0x00,0x00,
  0x00,0xcf,0xff,0x00,0x0e,0xff,0xd0,0x00,0x00,0x00,0x00,0x00,0x00,0xdf,0xfe,0x00,0x0d,0xff,0xe0,0x00,0x00,0x00,0x00,0x00,
  0x00,0xef,0xfd,0x00,0x0a,0xff,0xf2,0x00,0x00,0x00,0x00,0x00,0x02,0xff,0xfa,0x00,0x06,0xff,0xf7,0x00,0x00,0x00,0x00,0x00,
  0x07,0xff,0xf6,0x00,0x01,0xff,0xfe,0x00,0x00,0x00,0x00,0x00,0x0e,0xff,0xf1,0x00,0x00,0x9f,0xff,0x90,0x00,0x00,0x00,0x00,
  0x9f,0xff,0x90,0x00,0x00,0x0d,0xff,0xf8,0x00,0x00,0x00,0x08,0xff,0xfd,0x00,0x00,0x00,0x03,0xff,0xff,0xd7,0x43,0x47,0xdf,
  0xff,0xe3,0x00,0x00,0x00,0x00,0x2e,0xff,0xff,0xff,0xff,0xff,0xfe,0x20,0x00,0x00,0x00,0x00,0x00,0x7d,0xff,0xff,0xff,0xfd,
  0x70,0x00,0x00,0x00,0x00,0x00,0x00,0x00,0x25,0x67,0x65,0x20,0x00,0x00,0x00,0x00,0x00,0x00,0x00,0x00,0x00,0x04,0x67,0x65,
  0x10,0x00,0x00,0x00,0x00,0x0f,0xff,0xc0,0x19,0xff,0xff,0xff,0xfc,0x30,0x00,0x00,0x00,0x0f,0xff,0xc0,0xdf,0xff,0xff,0xff,
  0xff,0xf8,0x00,0x00,0x00,0x0f,0xff,0xc9,0xff,0xb6,0x33,0x5b,0xff,0xff,0x70,0x00,0x00,0x0f,0xff,0xef,0xf5,0x00,0x00,0x00,
  0x5f,0xff,0xf3,0x00,0x00,0x0f,0xff,0xff,0x40,0x00,0x00,0x00,0x06,0xff,0xfc,0x00,0x00,0x0f,0xff,0xfa,0x00,0x00,0x00,0x00,
  0x00,0xdf,0xff,0x30,0x00,0x0f,0xff,0xf4,0x00,0x00,0x00,0x00,0x00,0x6f,0xff,0x80,0x00,0x0f,0xff,0xf0,0x00,0x00,0x00,0x00,
  0x00,0x1f,0xff,0xb0,0x00,0x0f,0xff,0xd0,0x00,0x00,0x00,0x00,0x00,0x0e,0xff,0xe0,0x00,0x0f,0xff,0xc0,0x00,0x00,0x00,0x00,
  0x00,0x0d,0xff,0xf0,0x00,0x0f,0xff,0xc0,0x00,0x00,0x00,0x00,0x00,0x0c,0xff,0xf0,0x00,0x0f,0xff,0xc0,0x00,0x00,0x00,0x00,
  0x00,0x0d,0xff,0xe0,0x00,0x0f,0xff,0xd0,0x00,0x00,0x00,0x00,0x00,0x0e,0xff,0xd0,0x00,0x0f,0xff,0xf0,0x00,0x00,0x00,0x00,
  0x00,0x1f,0xff,0xa0,0x00,0x0f,0xff,0xf3,0x00,0x00,0x00,0x00,0x00,0x5f,0xff,0x60,0x00,0x0f,0xff,0xf9,0x00,0x00,0x00,0x00,
  0x00,0xcf,0xff,0x10,0x00,0x0f,0xff,0xff,0x30,0x00,0x00,0x00,0x06,0xff,0xf9,0x00,0x00,0x0f,0xff,0xff,0xe4,0x00,0x00,0x00,
  0x6f,0xff,0xe1,0x00,0x00,0x0f,0xff,0xcd,0xff,0xb5,0x33,0x6c,0xff,0xff,0x30,0x00,0x00,0x0f,0xff,0xc4,0xff,0xff,0xff,0xff,
  0xff,0xd2,0x00,0x00,0x00,0x0f,0xff,0xc0,0x5d,0xff,0xff,0xff,0xe7,0x00,0x00,0x00,0x00,0x0f,0xff,0xc0,0x00,0x25,0x77,0x52,
  0x00,0x00,0x00,0x00,0x00,0x0f,0xff,0xc0,0x00,0x00,0x00,0x00,0x00,0x00,0x00,0x00,0x00,0x0f,0xff,0xc0,0x00,0x00,0x00,0x00,
  0x00,0x00,0x00,0x00,0x00,0x0f,0xff,0xc0,0x00,0x00,0x00,0x00,0x00,0x00,0x00,0x00,0x00,0x0f,0xff,0xc0,0x00,0x00,0x00,0x00,
  0x00,0x00,0x00,0x00,0x00,0x0f,0xff,0xc0,0x00,0x00,0x00,0x00,0x00,0x00,0x00,0x00,0x00,0x0f,0xff,0xc0,0x00,0x00,0x00,0x00,
  0x00,0x00,0x00,0x00,0x00,0x0f,0xff,0xc0,0x00,0x00,0x00,0x00,0x00,0x00,0x00,0x00,0x00,0x00,0x00,0x00,0x15,0x67,0x64,0x10,
  0x00,0x00,0x00,0x00,0x00,0x00,0x00,0x00,0x5c,0xff,0xff,0xff,0xfa,0x20,0xff,0xfc,0x00,0x00,0x00,0x00,0x1c,0xff,0xff,0xff,
  0xff,0xff,0xe1,0xff,0xfc,0x00,0x00,0x00,0x02,0xef,0xff,0xd7,0x43,0x48,0xef,0xfa,0xff,0xfc,0x00,0x00,0x00,0x0d,0xff,0xf8,
  0x00,0x00,0x00,0x09,0xff,0xff,0xfc,0x00,0x00,0x00,0x8f,0xff,0x80,0x00,0x00,0x00,0x00,0x9f,0xff,0xfc,0x00,0x00,0x01,0xff,
  0xfd,0x00,0x00,0x00,0x00,0x00,0x0d,0xff,0xfc,0x00,0x00,0x06,0xff,0xf6,0x00,0x00,0x00,0x00,0x00,0x07,0xff,0xfc,0x00,0x00,
  0x0a,0xff,0xf1,0x00,0x00,0x00,0x00,0x00,0x03,0xff,0xfc,0x00,0x00,0x0d,0xff,0xe0,0x00,0x00,0x00,0x00,0x00,0x01,0xff,0xfc,
  0x00,0x00,0x0e,0xff,0xd0,0x00,0x00,0x00,0x00,0x00,0x00,0xff,0xfc,0x00,0x00,0x0f,0xff,0xc0,0x00,0x00,0x00,0x00,0x00,0x00,
  0xff,0xfc,0x00,0x00,0x0f,0xff,0xd0,0x00,0x00,0x00,0x00,0x00,0x00,0xff,0xfc,0x00,0x00,0x0e,0xff,0xe0,0x00,0x00,0x00,0x00,
  0x00,0x01,0xff,0xfc,0x00,0x00,0x0b,0xff,0xf2,0x00,0x00,0x00,0x00,0x00,0x04,0xff,0xfc,0x00,0x00,0x08,0xff,0xf7,0x00,0x00,
  0x00,0x00,0x00,0x08,0xff,0xfc,0x00,0x00,0x02,0xff,0xfd,0x00,0x00,0x00,0x00,0x00,0x0e,0xff,0xfc,0x00,0x00,0x00,0xbf,0xff,
  0x80,0x00,0x00,0x00,0x00,0xaf,0xff,0xfc,0x00,0x00,0x00,0x2f,0xff,0xf7,0x00,0x00,0x00,0x0a,0xfe,0xff,0xfc,0x00,0x00,0x00,
  0x06,0xff,0xff,0xc6,0x33,0x48,0xef,0xf5,0xff,0xfc,0x00,0x00,0x00,0x00,0x6f,0xff,0xff,0xff,0xff,0xff,0x90,0xff,0xfc,0x00,
  0x00,0x00,0x00,0x02,0xaf,0xff,0xff,0xff,0xd6,0x00,0xff,0xfc,0x00,0x00,0x00,0x00,0x00,0x00,0x46,0x77,0x52,0x00,0x00,0xff,
  0xfc,0x00,0x00,0x00,0x00,0x00,0x00,0x00,0x00,0x00,0x00,0x00,0xff,0xfc,0x00,0x00,0x00,0x00,0x00,0x00,0x00,0x00,0x00,0x00,
  0x00,0xff,0xfc,0x00,0x00,0x00,0x00,0x00,0x00,0x00,0x00,0x00,0x00,0x00,0xff,0xfc,0x00,0x00,0x00,0x00,0x00,0x00,0x00,0x00,
  0x00,0x00,0x00,0xff,0xfc,0x00,0x00,0x00,0x00,0x00,0x00,0x00,0x00,0x00,0x00,0x00,0xff,0xfc,0x00,0x00,0x00,0x00,0x00,0x00,
  0x00,0x00,0x00,0x00,0x00,0xff,0xfc,0x00,0x00,0x00,0x00,0x00,0x00,0x00,0x00,0x00,0x00,0x00,0xff,0xfc,0x00,0x00,0x00,0x00,
  0x00,0x00,0x00,0x57,0x50,0x00,0x0f,0xff,0xc0,0x5e,0xff,0xf0,0x00,0x0f,0xff,0xc2,0xff,0xff,0xf0,0x00,0x0f,0xff,0xcc,0xff,
  0x95,0x30,0x00,0x0f,0xff,0xff,0xd2,0x00,0x00,0x00,0x0f,0xff,0xfe,0x10,0x00,0x00,0x00,0x0f,0xff,0xf6,0x00,0x00,0x00,0x00,
  0x0f,0xff,0xf1,0x00,0x00,0x00,0x00,0x0f,0xff,0xe0,0x00,0x00,0x00,0x00,0x0f,0xff,0xc0,0x00,0x00,0x00,0x00,0x0f,0xff,0xc0,
  0x00,0x00,0x00,0x00,0x0f,0xff,0xc0,0x00,0x00,0x00,0x00,0x0f,0xff,0xc0,0x00,0x00,0x00,0x00,0x0f,0xff,0xc0,0x00,0x00,0x00,
  0x00,0x0f,0xff,0xc0,0x00,0x00,0x00,0x00,0x0f,0xff,0xc0,0x00,0x00,0x00,0x00,0x0f,0xff,0xc0,0x00,0x00,0x00,0x00,0x0f,0xff,
  0xc0,0x00,0x00,0x00,0x00,0x0f,0xff,0xc0,0x00,0x00,0x00,0x00,0x0f,0xff,0xc0,0x00,0x00,0x00,0x00,0x0f,0xff,0xc0,0x00,0x00,
  0x00,0x00,0x0f,0xff,0xc0,0x00,0x00,0x00,0x00,0x00,0x00,0x14,0x67,0x65,0x10,0x00,0x00,0x00,0x00,0x00,0x2b,0xff,0xff,0xff,
  0xfb,0x20,0x00,0x00,0x00,0x05,0xff,0xff,0xff,0xff,0xff,0xf5,0x00,0x00,0x00,0x2f,0xff,0xf8,0x43,0x5b,0xff,0xff,0x30,0x00,
  0x00,0xaf,0xff,0x50,0x00,0x00,0x8f,0xff,0xc0,0x00,0x00,0xef,0xfe,0x00,0x00,0x00,0x0d,0xff,0xf2,0x00,0x00,0xff,0xfc,0x00,
  0x00,0x00,0x07,0xff,0xf6,0x00,0x00,0xef,0xff,0x10,0x00,0x00,0x00,0x00,0x00,0x00,0x00,0xaf,0xff,0xc2,0x00,0x00,0x00,0x00,
  0x00,0x00,0x00,0x2f,0xff,0xff,0xb5,0x10,0x00,0x00,0x00,0x00,0x00,0x04,0xef,0xff,0xff,0xfc,0x61,0x00,0x00,0x00,0x00,0x00,
  0x18,0xff,0xff,0xff,0xff,0x80,0x00,0x00,0x00,0x00,0x00,0x05,0xaf,0xff,0xff,0xfd,0x20,0x00,0x00,0x00,0x00,0x00,0x00,0x4a,
  0xff,0xff,0xd0,0x00,0x00,0x00,0x00,0x00,0x00,0x00,0x3e,0xff,0xf6,0x00,0x03,0x33,0x30,0x00,0x00,0x00,0x04,0xff,0xfa,0x00,
  0x0a,0xff,0xf2,0x00,0x00,0x00,0x00,0xff,0xfb,0x00,0x06,0xff,0xf8,0x00,0x00,0x00,0x01,0xff,0xfa,0x00,0x00,0xff,0xff,0x40,
  0x00,0x00,0x09,0xff,0xf6,0x00,0x00,0x6f,0xff,0xfa,0x53,0x36,0xcf,0xff,0xe0,0x00,0x00,0x07,0xff,0xff,0xff,0xff,0xff,0xfe,
  0x20,0x00,0x00,0x00,0x3b,0xff,0xff,0xff,0xfe,0x81,0x00,0x00,0x00,0x00,0x00,0x14,0x67,0x76,0x30,0x00,0x00,0x00,0x00,0x00,
  0xff,0xfc,0x00,0x00,0x00,0x00,0xff,0xfc,0x00,0x00,0x00,0x00,0xff,0xfc,0x00,0x00,0x00,0x00,0xff,0xfc,0x00,0x00,0x00,0x00,
  0xff,0xfc,0x00,0x00,0x0f,0xff,0xff,0xff,0xff,0xf0,0x0f,0xff,0xff,0xff,0xff,0xf0,0x0a,0xaa,0xff,0xfe,0xaa,0xa0,0x00,0x00,
  0xff,0xfc,0x00,0x00,0x00,0x00,0xff,0xfc,0x00,0x00,0x00,0x00,0xff,0xfc,0x00,0x00,0x00,0x00,0xff,0xfc,0x00,0x00,0x00,0x00,
  0xff,0xfc,0x00,0x00,0x00,0x00,0xff,0xfc,0x00,0x00,0x00,0x00,0xff,0xfc,0x00,0x00,0x00,0x00,0xff,0xfc,0x00,0x00,0x00,0x00,
  0xff,0xfc,0x00,0x00,0x00,0x00,0xff,0xfc,0x00,0x00,0x00,0x00,0xff,0xfc,0x00,0x00,0x00,0x00,0xff,0xfc,0x00,0x00,0x00,0x00,
  0xff,0xfc,0x00,0x00,0x00,0x00,0xff,0xfc,0x00,0x00,0x00,0x00,0xff,0xfe,0x00,0x00,0x00,0x00,0xdf,0xff,0x82,0x20,0x00,0x00,
  0x9f,0xff,0xff,0xc0,0x00,0x00,0x1c,0xff,0xff,0xc0,0x00,0x00,0x00,0x46,0x77,0x40,0x00,0x0f,0xff,0xc0,0x00,0x00,0x00,0x00,
  0x0c,0xff,0xf0,0x00,0x00,0x0f,0xff,0xc0,0x00,0x00,0x00,0x00,0x0c,0xff,0xf0,0x00,0x00,0x0f,0xff,0xc0,0x00,0x00,0x00,0x00,
  0x0c,0xff,0xf0,0x00,0x00,0x0f,0xff,0xc0,0x00,0x00,0x00,0x00,0x0c,0xff,0xf0,0x00,0x00,0x0f,0xff,0xc0,0x00,0x00,0x00,0x00,
  0x0c,0xff,0xf0,0x00,0x00,0x0f,0xff,0xc0,0x00,0x00,0x00,0x00,0x0c,0xff,0xf0,0x00,0x00,0x0f,0xff,0xc0,0x00,0x00,0x00,0x00,
  0x0c,0xff,0xf0,0x00,0x00,0x0f,0xff,0xc0,0x00,0x00,0x00,0x00,0x0c,0xff,0xf0,0x00,0x00,0x0f,0xff,0xc0,0x00,0x00,0x00,0x00,
  0x0c,0xff,0xf0,0x00,0x00,0x0f,0xff,0xc0,0x00,0x00,0x00,0x00,0x0c,0xff,0xf0,0x00,0x00,0x0f,0xff,0xc0,0x00,0x00,0x00,0x00,
  0x0d,0xff,0xf0,0x00,0x00,0x0f,0xff,0xc0,0x00,0x00,0x00,0x00,0x0d,0xff,0xf0,0x00,0x00,0x0f,0xff,0xc0,0x00,0x00,0x00,0x00,
  0x0f,0xff,0xf0,0x00,0x00,0x0f,0xff,0xd0,0x00,0x00,0x00,0x00,0x2f,0xff,0xf0,0x00,0x00,0x0f,0xff,0xe0,0x00,0x00,0x00,0x00,
  0x6f,0xff,0xf0,0x00,0x00,0x0d,0xff,0xf1,0x00,0x00,0x00,0x00,0xcf,0xff,0xf0,0x00,0x00,0x0b,0xff,0xf7,0x00,0x00,0x00,0x04,
  0xff,0xff,0xf0,0x00,0x00,0x06,0xff,0xff,0x30,0x00,0x00,0x3f,0xfe,0xff,0xf0,0x00,0x00,0x00,0xdf,0xff,0xf9,0x43,0x49,0xff,
  0xac,0xff,0xf0,0x00,0x00,0x00,0x2e,0xff,0xff,0xff,0xff,0xff,0x2c,0xff,0xf0,0x00,0x00,0x00,0x01,0x9f,0xff,0xff,0xff,0xa2,
  0x0c,0xff,0xf0,0x00,0x00,0x00,0x00,0x01,0x46,0x76,0x41,0x00,0x00,0x00,0x00,0x00,0xcf,0xff,0x00,0x00,0x00,0x00,0x00,0x00,
  0x7f,0xff,0x20,0x6f,0xff,0x50,0x00,0x00,0x00,0x00,0x00,0xdf,0xfb,0x00,0x0f,0xff,0xb0,0x00,0x00,0x00,0x00,0x02,0xff,0xf5,
  0x00,0x09,0xff,0xf1,0x00,0x00,0x00,0x00,0x08,0xff,0xf0,0x00,0x03,0xff,0xf6,0x00,0x00,0x00,0x00,0x0d,0xff,0x90,0x00,0x00,
  0xdf,0xfc,0x00,0x00,0x00,0x00,0x3f,0xff,0x30,0x00,0x00,0x7f,0xff,0x10,0x00,0x00,0x00,0x8f,0xfd,0x00,0x00,0x00,0x1f,0xff,
  0x70,0x00,0x00,0x00,0xef,0xf7,0x00,0x00,0x00,0x0b,0xff,0xd0,0x00,0x00,0x03,0xff,0xf1,0x00,0x00,0x00,0x05,0xff,0xf2,0x00,
  0x00,0x09,0xff,0xa0,0x00,0x00,0x00,0x00,0xef,0xf8,0x00,0x00,0x0e,0xff,0x40,0x00,0x00,0x00,0x00,0x8f,0xfd,0x00,0x00,0x4f,
  0xfe,0x00,0x00,0x00,0x00,0x00,0x2f,0xff,0x30,0x00,0x9f,0xf8,0x00,0x00,0x00,0x00,0x00,0x0c,0xff,0x90,0x00,0xef,0xf2,0x00,
  0x00,0x00,0x00,0x00,0x06,0xff,0xe0,0x05,0xff,0xc0,0x00,0x00,0x00,0x00,0x00,0x00,0xff,0xf4,0x0a,0xff,0x60,0x00,0x00,0x00,
  0x00,0x00,0x00,0xaf,0xf9,0x0f,0xff,0x00,0x00,0x00,0x00,0x00,0x00,0x00,0x4f,0xfe,0x5f,0xf9,0x00,0x00,0x00,0x00,0x00,0x00,
  0x00,0x0d,0xff,0xef,0xf3,0x00,0x00,0x00,0x00,0x00,0x00,0x00,0x07,0xff,0xff,0xd0,0x00,0x00,0x00,0x00,0x00,0x00,0x00,0x01,
  0xff,0xff,0x70,0x00,0x00,0x00,0x00,0xcf,0xff,0x20,0x00,0x00,0x00,0x09,0xff,0xff,0x00,0x00,0x00,0x00,0x0a,0xff,0xf0,0x7f,
  0xff,0x60,0x00,0x00,0x00,0x0d,0xff,0xff,0x30,0x00,0x00,0x00,0x0e,0xff,0xa0,0x2f,0xff,0xb0,0x00,0x00,0x00,0x1f,0xff,0xff,
  0x80,0x00,0x00,0x00,0x3f,0xff,0x50,0x0d,0xff,0xf0,0x00,0x00,0x00,0x5f,0xfe,0xff,0xc0,0x00,0x00,0x00,0x7f,0xff,0x00,0x08,
  0xff,0xf3,0x00,0x00,0x00,0x9f,0xf6,0xff,0xf0,0x00,0x00,0x00,0xcf,0xfb,0x00,0x03,0xff,0xf8,0x00,0x00,0x00,0xef,0xf0,0xdf,
  0xf5,0x00,0x00,0x01,0xff,0xf6,0x00,0x00,0xdf,0xfc,0x00,0x00,0x02,0xff,0xb0,0x9f,0xf9,0x00,0x00,0x05,0xff,0xf1,0x00,0x00,
  0x8f,0xff,0x10,0x00,0x06,0xff,0x70,0x4f,0xfd,0x00,0x00,0x09,0xff,0xb0,0x00,0x00,0x3f,0xff,0x50,0x00,0x0a,0xff,0x30,0x0f,
  0xff,0x10,0x00,0x0e,0xff,0x60,0x00,0x00,0x0e,0xff,0xa0,0x00,0x0e,0xfe,0x00,0x0c,0xff,0x60,0x00,0x2f,0xff,0x10,0x00,0x00,
  0x09,0xff,0xe0,0x00,0x2f,0xfa,0x00,0x07,0xff,0xa0,0x00,0x7f,0xfc,0x00,0x00,0x00,0x04,0xff,0xf2,0x00,0x7f,0xf6,0x00,0x03,
  0xff,0xe0,0x00,0xbf,0xf7,0x00,0x00,0x00,0x00,0xef,0xf7,0x00,0xbf,0xf2,0x00,0x00,0xff,0xf3,0x00,0xff,0xf2,0x00,0x00,0x00,
  0x00,0x9f,0xfb,0x00,0xff,0xe0,0x00,0x00,0xbf,0xf7,0x04,0xff,0xd0,0x00,0x00,0x00,0x00,0x4f,0xff,0x03,0xff,0x90,0x00,0x00,
  0x6f,0xfb,0x09,0xff,0x70,0x00,0x00,0x00,0x00,0x0f,0xff,0x47,0xff,0x50,0x00,0x00,0x2f,0xff,0x0d,0xff,0x20,0x00,0x00,0x00,
  0x00,0x0a,0xff,0x9c,0xff,0x10,0x00,0x00,0x0e,0xff,0x6f,0xfd,0x00,0x00,0x00,0x00,0x00,0x05,0xff,0xdf,0xfc,0x00,0x00,0x00,
  0x0a,0xff,0xef,0xf8,0x00,0x00,0x00,0x00,0x00,0x00,0xff,0xff,0xf8,0x00,0x00,0x00,0x05,0xff,0xff,0xf3,0x00,0x00,0x00,0x00,
  0x00,0x00,0xbf,0xff,0xf4,0x00,0x00,0x00,0x01,0xff,0xff,0xe0,0x00,0x00,0x00,0x00,0x00,0x00,0x5f,0xff,0xf0,0x00,0x00,0x00,
  0x00,0xdf,0xff,0x90,0x00,0x00,0x00,0x09,0xff,0xf7,0x00,0x00,0x00,0x00,0x09,0xff,0xf5,0x00,0xdf,0xff,0x20,0x00,0x00,0x00,
  0x3f,0xff,0xa0,0x00,0x3f,0xff,0xc0,0x00,0x00,0x00,0xdf,0xfd,0x00,0x00,0x07,0xff,0xf6,0x00,0x00,0x08,0xff,0xf3,0x00,0x00,
  0x00,0xcf,0xff,0x10,0x00,0x3f,0xff,0x70,0x00,0x00,0x00,0x2f,0xff,0xb0,0x00,0xdf,0xfb,0x00,0x00,0x00,0x00,0x05,0xff,0xf5,
  0x08,0xff,0xe1,0x00,0x00,0x00,0x00,0x00,0xaf,0xfe,0x4f,0xff,0x40,0x00,0x00,0x00,0x00,0x00,0x1e,0xff,0xff,0xf9,0x00,0x00,
  0x00,0x00,0x00,0x00,0x04,0xff,0xff,0xd0,0x00,0x00,0x00,0x00,0x00,0x00,0x00,0xdf,0xff,0x70,0x00,0x00,0x00,0x00,0x00,0x00,
  0x07,0xff,0xff,0xf2,0x00,0x00,0x00,0x00,0x00,0x00,0x3f,0xff,0xef,0xfc,0x00,0x00,0x00,0x00,0x00,0x00,0xdf,0xf9,0x2f,0xff,
  0x80,0x00,0x00,0x00,0x00,0x09,0xff,0xe1,0x07,0xff,0xf3,0x00,0x00,0x00,0x00,0x4f,0xff,0x50,0x00,0xcf,0xfe,0x00,0x00,0x00,
  0x01,0xef,0xfa,0x00,0x00,0x3f,0xff,0xa0,0x00,0x00,0x0b,0xff,0xe1,0x00,0x00,0x08,0xff,0xf5,0x00,0x00,0x7f,0xff,0x50,0x00,
  0x00,0x00,0xdf,0xfe,0x10,0x03,0xff,0xfb,0x00,0x00,0x00,0x00,0x3f,0xff,0xb0,0x0d,0xff,0xf1,0x00,0x00,0x00,0x00,0x08,0xff,
  0xf7,0x2f,0xff,0xb0,0x00,0x00,0x00,0x00,0x00,0x0f,0xff,0xb0,0x0b,0xff,0xf1,0x00,0x00,0x00,0x00,0x00,0x5f,0xff,0x50,0x05,
  0xff,0xf6,0x00,0x00,0x00,0x00,0x00,0xbf,0xfe,0x00,0x00,0xff,0xfb,0x00,0x00,0x00,0x00,0x00,0xff,0xf9,0x00,0x00,0x9f,0xff,
  0x10,0x00,0x00,0x00,0x05,0xff,0xf3,0x00,0x00,0x3f,0xff,0x60,0x00,0x00,0x00,0x0b,0xff,0xd0,0x00,0x00,0x0d,0xff,0xc0,0x00,
  0x00,0x00,0x0f,0xff,0x70,0x00,0x00,0x07,0xff,0xf1,0x00,0x00,0x00,0x5f,0xff,0x10,0x00,0x00,0x01,0xff,0xf6,0x00,0x00,0x00,
  0xbf,0xfb,0x00,0x00,0x00,0x00,0xbf,0xfc,0x00,0x00,0x01,0xff,0xf4,0x00,0x00,0x00,0x00,0x5f,0xff,0x10,0x00,0x06,0xff,0xe0,
  0x00,0x00,0x00,0x00,0x0e,0xff,0x70,0x00,0x0b,0xff,0x80,0x00,0x00,0x00,0x00,0x09,0xff,0xc0,0x00,0x1f,0xff,0x20,0x00,0x00,
  0x00,0x00,0x03,0xff,0xf1,0x00,0x6f,0xfc,0x00,0x00,0x00,0x00,0x00,0x00,0xdf,0xf7,0x00,0xbf,0xf6,0x00,0x00,0x00,0x00,0x00,
  0x00,0x7f,0xfc,0x01,0xff,0xf0,0x00,0x00,0x00,0x00,0x00,0x00,0x1f,0xff,0x26,0xff,0xa0,0x00,0x00,0x00,0x00,0x00,0x00,0x0b,
  0xff,0x7b,0xff,0x40,0x00,0x00,0x00,0x00,0x00,0x00,0x05,0xff,0xdf,0xfe,0x00,0x00,0x00,0x00,0x00,0x00,0x00,0x00,0xef,0xff,
  0xf8,0x00,0x00,0x00,0x00,0x00,0x00,0x00,0x00,0x9f,0xff,0xf2,0x00,0x00,0x00,0x00,0x00,0x00,0x00,0x00,0x3f,0xff,0xb0,0x00,
  0x00,0x00,0x00,0x00,0x00,0x00,0x00,0x0f,0xff,0x50,0x00,0x00,0x00,0x00,0x00,0x00,0x00,0x00,0x5f,0xfe,0x00,0x00,0x00,0x00,
  0x00,0x00,0x00,0x00,0x00,0xdf,0xf7,0x00,0x00,0x00,0x00,0x00,0x00,0x00,0x00,0x09,0xff,0xe0,0x00,0x00,0x00,0x00,0x00,0x00,
  0x03,0x35,0xcf,0xff,0x40,0x00,0x00,0x00,0x00,0x00,0x00,0x0f,0xff,0xff,0xf7,0x00,0x00,0x00,0x00,0x00,0x00,0x00,0x0f,0xff,
  0xfe,0x50,0x00,0x00,0x00,0x00,0x00,0x00,0x00,0x07,0x77,0x40,0x00,0x00,0x00,0x00,0x00,0x00,0x00,0x00,0xff,0xff,0xff,0xff,
  0xff,0xff,0xff,0xff,0x00,0x00,0xff,0xff,0xff,0xff,0xff,0xff,0xff,0xff,0x00,0x00,0xaa,0xaa,0xaa,0xaa,0xaa,0xad,0xff,0xff,
  0x00,0x00,0x00,0x00,0x00,0x00,0x00,0x1e,0xff,0xf5,0x00,0x00,0x00,0x00,0x00,0x00,0x00,0xcf,0xff,0x80,0x00,0x00,0x00,0x00,
  0x00,0x00,0x09,0xff,0xfb,0x00,0x00,0x00,0x00,0x00,0x00,0x00,0x6f,0xff,0xd1,0x00,0x00,0x00,0x00,0x00,0x00,0x03,0xff,0xff,
  0x20,0x00,0x00,0x00,0x00,0x00,0x00,0x1e,0xff,0xf4,0x00,0x00,0x00,0x00,0x00,0x00,0x00,0xcf,0xff,0x70,0x00,0x00,0x00,0x00,
  0x00,0x00,0x09,0xff,0xfa,0x00,0x00,0x00,0x00,0x00,0x00,0x00,0x6f,0xff,0xc0,0x00,0x00,0x00,0x00,0x00,0x00,0x03,0xff,0xfe,
  0x10,0x00,0x00,0x00,0x00,0x00,0x00,0x1e,0xff,0xf3,0x00,0x00,0x00,0x00,0x00,0x00,0x00,0xcf,0xff,0x60,0x00,0x00,0x00,0x00,
  0x00,0x00,0x0a,0xff,0xf9,0x00,0x00,0x00,0x00,0x00,0x00,0x00,0x7f,0xff,0xc0,0x00,0x00,0x00,0x00,0x00,0x00,0x04,0xff,0xfe,
  0x10,0x00,0x00,0x00,0x00,0x00,0x00,0x0e,0xff,0xfc,0xaa,0xaa,0xaa,0xaa,0xaa,0xaa,0x00,0x0f,0xff,0xff,0xff,0xff,0xff,0xff,
  0xff,0xff,0x00,0x0f,0xff,0xff,0xff,0xff,0xff,0xff,0xff,0xff,0x00,0x00,0x00,0x00,0x28,0xdf,0xf0,0x00,0x00,0x03,0xff,0xff,
  0xf0,0x00,0x00,0x0b,0xff,0xeb,0xa0,0x00,0x00,0x0e,0xf9,0x00,0x00,0x00,0x00,0x0f,0xf3,0x00,0x00,0x00,0x00,0x0e,0xf3,0x00,
  0x00,0x00,0x00,0x0c,0xf5,0x00,0x00,0x00,0x00,0x0a,0xf7,0x00,0x00,0x00,0x00,0x08,0xf9,0x00,0x00,0x00,0x00,0x05,0xfc,0x00,
  0x00,0x00,0x00,0x03,0xfe,0x00,0x00,0x00,0x00,0x01,0xff,0x00,0x00,0x00,0x00,0x00,0xff,0x10,0x00,0x00,0x00,0x00,0xff,0x20,
  0x00,0x00,0x00,0x04,0xff,0x00,0x00,0x00,0x00,0x3d,0xfa,0x00,0x00,0x00,0x5d,0xff,0xc1,0x00,0x00,0x00,0x8f,0xf9,0x00,0x00,
  0x00,0x00,0x5d,0xff,0xd1,0x00,0x00,0x00,0x00,0x3d,0xfa,0x00,0x00,0x00,0x00,0x04,0xff,0x00,0x00,0x00,0x00,0x00,0xff,0x20,
  0x00,0x00,0x00,0x00,0xff,0x10,0x00,0x00,0x00,0x01,0xff,0x00,0x00,0x00,0x00,0x03,0xfe,0x00,0x00,0x00,0x00,0x05,0xfc,0x00,
  0x00,0x00,0x00,0x08,0xf9,0x00,0x00,0x00,0x00,0x0a,0xf7,0x00,0x00,0x00,0x00,0x0c,0xf5,0x00,0x00,0x00,0x00,0x0e,0xf3,0x00,
  0x00,0x00,0x00,0x0f,0xf3,0x00,0x00,0x00,0x00,0x0e,0xf9,0x00,0x00,0x00,0x00,0x0b,0xff,0xeb,0xa0,0x00,0x00,0x03,0xff,0xff,
  0xf0,0x00,0x00,0x00,0x29,0xdf,0xf0,0x00,0x00,0x88,0x10,0x00,0x00,0x00,0xff,0x20,0x00,0x00,0x00,0xff,0x20,0x00,0x00,0x00,
  0xff,0x20,0x00,0x00,0x00,0xff,0x20,0x00,0x00,0x00,0xff,0x20,0x00,0x00,0x00,0xff,0x20,0x00,0x00,0x00,0xff,0x20,0x00,0x00,
  0x00,0xff,0x20,0x00,0x00,0x00,0xff,0x20,0x00,0x00,0x00,0xff,0x20,0x00,0x00,0x00,0xff,0x20,0x00,0x00,0x00,0xff,0x20,0x00,
  0x00,0x00,0xff,0x20,0x00,0x00,0x00,0xff,0x20,0x00,0x00,0x00,0xff,0x20,0x00,0x00,0x00,0xff,0x20,0x00,0x00,0x00,0xff,0x20,
  0x00,0x00,0x00,0xff,0x20,0x00,0x00,0x00,0xff,0x20,0x00,0x00,0x00,0xff,0x20,0x00,0x00,0x00,0xff,0x20,0x00,0x00,0x00,0xff,
  0x20,0x00,0x00,0x00,0xff,0x20,0x00,0x00,0x00,0xff,0x20,0x00,0x00,0x00,0xff,0x20,0x00,0x00,0x00,0xff,0x20,0x00,0x00,0x00,
  0xff,0x20,0x00,0x00,0x00,0xff,0x20,0x00,0x00,0x00,0xff,0x20,0x00,0x00,0x00,0xff,0x20,0x00,0x00,0x00,0xff,0x20,0x00,0x00,
  0x00,0xff,0x20,0x00,0x00,0x00,0xff,0x20,0x00,0x00,0x00,0xff,0x20,0x00,0x00,0x00,0xff,0x20,0x00,0x00,0x00,0xff,0x20,0x00,
  0x00,0x00,0xff,0x20,0x00,0x00,0x00,0xff,0x20,0x00,0x00,0x00,0xff,0x20,0x00,0x00,0x00,0xff,0x20,0x00,0x07,0xfe,0xa3,0x00,
  0x00,0x00,0x08,0xff,0xff,0x50,0x00,0x00,0x05,0xbd,0xff,0xe0,0x00,0x00,0x00,0x00,0x6f,0xf1,0x00,0x00,0x00,0x00,0x0f,0xf2,
  0x00,0x00,0x00,0x00,0x1f,0xf1,0x00,0x00,0x00,0x00,0x2f,0xf0,0x00,0x00,0x00,0x00,0x4f,0xc0,0x00,0x00,0x00,0x00,0x7f,0xa0,
  0x00,0x00,0x00,0x00,0x9f,0x80,0x00,0x00,0x00,0x00,0xbf,0x60,0x00,0x00,0x00,0x00,0xdf,0x40,0x00,0x00,0x00,0x00,0xff,0x20,
  0x00,0x00,0x00,0x00,0xff,0x30,0x00,0x00,0x00,0x00,0xdf,0x60,0x00,0x00,0x00,0x00,0x8f,0xe4,0x00,0x00,0x00,0x00,0x0b,0xff,
  0xd5,0x00,0x00,0x00,0x00,0x7f,0xf8,0x00,0x00,0x00,0x0a,0xff,0xd5,0x00,0x00,0x00,0x7f,0xe4,0x00,0x00,0x00,0x00,0xdf,0x60,
  0x00,0x00,0x00,0x00,0xff,0x30,0x00,0x00,0x00,0x00,0xff,0x20,0x00,0x00,0x00,0x00,0xdf,0x40,0x00,0x00,0x00,0x00,0xbf,0x60,
  0x00,0x00,0x00,0x00,0x9f,0x80,0x00,0x00,0x00,0x00,0x7f,0xa0,0x00,0x00,0x00,0x00,0x4f,0xc0,0x00,0x00,0x00,0x00,0x2f,0xf0,
  0x00,0x00,0x00,0x00,0x1f,0xf1,0x00,0x00,0x00,0x00,0x0f,0xf2,0x00,0x00,0x00,0x00,0x6f,0xf1,0x00,0x00,0x05,0xbd,0xff,0xe0,
  0x00,0x00,0x08,0xff,0xff,0x50,0x00,0x00,0x08,0xfe,0xa3,0x00,0x00,0x00,0x00,0x00,0x04,0x9a,0x84,0x00,0x00,0x00,0x02,0xaa,
  0x00,0x00,0x00,0x00,0xaf,0xff,0xff,0xd5,0x00,0x00,0x04,0xfe,0x00,0x00,0x00,0x05,0xff,0xff,0xff,0xff,0xd5,0x00,0x0a,0xfc,
  0x00,0x00,0x00,0x0b,0xfd,0x20,0x4b,0xff,0xff,0xfb,0xdf,0xf7,0x00,0x00,0x00,0x0e,0xf5,0x00,0x00,0x2a,0xff,0xff,0xff,0xd0,
  0x00,0x00,0x00,0x0f,0xf3,0x00,0x00,0x00,0x29,0xef,0xe9,0x10,0x00,0x00,0x00,0x00,0x00,0x00,0x00,0x00,0x00,0x00,0x00,0x00,
  0x00,0x00,0x00,0x00,0x00,0x00,0x00,0x00,0x00,0x00,0x00,0x00,0x00,0x00,0x00,0x00,0x00,0x00,0x00,0x00,0x00,0x00,0x00,0x00,
  0x00,0x00,0x00,0x00,0x00,0x00,0x00,0x00,0x00,0x00,0x00,0x00,0x00,0x00,0x00,0x00,0x00,0x00,0x00,0x00,0x00,0x00,0x00,0x00,
  0x00,0x00,0x00,0x00,0x00,0x00,0x00,0x00,0x00,0x00,0x00,0x00,0x00,0x00,0x00,0x00,0x00,0x00,0x00,0x00,0x00,0x00,0x00,0x00,
  0x00,0x00,0x00,0x00,0x00,0x00,0x00,0x00,0x00,0x00,0x00,0x00,0x00,0x00,0x00,0x00,0x00,0x00,0x00,0x00,0x00,0x00,0x00,0x00,
  0x00,0x00,
};
static const Glyph font_heading_glyphs[] = {
  {0, 9, 0, 0, 0, 9},  // ' '
  {0, 9, 29, 0, -28, 9},  // '!'
  {145, 14, 30, 0, -30, 14},  // '"'
  {355, 23, 28, 0, -28, 23},  // '#'
  {691, 23, 36, 0, -32, 23},  // '$'
  {1123, 30, 30, 0, -29, 30},  // '%'
  {1573, 27, 30, 0, -29, 27},  // '&'
  {1993, 8, 30, 0, -30, 8},  // "'"
  {2113, 12, 35, 0, -32, 12},  // '('
  {2323, 12, 35, 0, -32, 12},  // ')'
  {2533, 22, 19, 0, -19, 22},  // '*'
  {2742, 23, 22, 0, -22, 23},  // '+'
  {3006, 10, 9, -1, -4, 9},  // ','
  {3051, 10, 13, 0, -13, 10},  // '-'
  {3116, 8, 6, 0, -5, 8},  // '.'
  {3140, 14, 31, -1, -29, 12},  // '/'
  {3357, 23, 30, 0, -29, 23},  // '0'
  {3717, 23, 28, 0, -28, 23},  // '1'
  {4053, 23, 29, 0, -29, 23},  // '2'
  {4401, 23, 30, 0, -29, 23},  // '3'
  {4761, 23, 28, 0, -28, 23},  // '4'
  {5097, 23, 29, 0, -28, 23},  // '5'
  {5445, 23, 30, 0, -29, 23},  // '6'
  {5805, 23, 28, 0, -28, 23},  // '7'
  {6141, 23, 30, 0, -29, 23},  // '8'
  {6501, 23, 30, 0, -29, 23},  // '9'
  {6861, 8, 23, 0, -22, 8},  // ':'
  {6953, 10, 27, -2, -22, 8},  // ';'
  {7088, 23, 21, 0, -21, 23},  // '<'
  {7340, 23, 19, 0, -19, 23},  // '='
  {7568, 23, 21, 0, -21, 23},  // '>'
  {7820, 19, 30, 0, -29, 19},  // '?'
  {8120, 34, 31, 0, -27, 34},  // '@'
  {8647, 26, 28, 0, -28, 26},  // 'A'
  {9011, 25, 28, 0, -28, 25},  // 'B'
  {9375, 28, 30, 0, -29, 28},  // 'C'
  {9795, 28, 28, 0, -28, 28},  // 'D'
  {10187, 24, 28, 0, -28, 24},  // 'E'
  {10523, 23, 28, 0, -28, 23},  // 'F'
  {10859, 29, 30, 0, -29, 29},  // 'G'
  {11309, 29, 28, 0, -28, 29},  // 'H'
  {11729, 11, 28, 0, -28, 11},  // 'I'
  {11897, 21, 29, 0, -28, 21},  // 'J'
  {12216, 26, 28, 0, -28, 25},  // 'K'
  {12580, 23, 28, 0, -28, 23},  // 'L'
  {12916, 35, 28, 0, -28, 35},  // 'M'
  {13420, 29, 28, 0, -28, 29},  // 'N'
  {13840, 30, 30, 0, -29, 30},  // 'O'
  {14290, 24, 28, 0, -28, 24},  // 'P'
  {14626, 29, 32, 0, -29, 29},  // 'Q'
  {15106, 25, 28, 0, -28, 25},  // 'R'
  {15470, 23, 30, 0, -29, 23},  // 'S'
  {15830, 24, 28, 0, -28, 24},  // 'T'
  {16166, 28, 29, 0, -28, 28},  // 'U'
  {16572, 26, 28, 0, -28, 25},  // 'V'
  {16936, 38, 28, 0, -28, 38},  // 'W'
  {17468, 25, 28, 0, -28, 25},  // 'X'
  {17832, 25, 28, 0, -28, 24},  // 'Y'
  {18196, 24, 28, 0, -28, 24},  // 'Z'
  {18532, 12, 35, 0, -32, 12},  // '['
  {18742, 14, 31, -1, -29, 12},  // '\\'
  {18959, 11, 35, 0, -32, 11},  // ']'
  {19169, 23, 25, 0, -25, 23},  // '^'
  {19469, 20, 3, 0, 0, 20},  // '_'
  {19499, 12, 28, 0, -28, 12},  // '`'
  {19667, 21, 23, 0, -22, 21},  // 'a'
  {19920, 24, 31, 0, -30, 24},  // 'b'
  {20292, 21, 23, 0, -22, 21},  // 'c'
  {20545, 25, 31, 0, -30, 25},  // 'd'
  {20948, 22, 23, 0, -22, 22},  // 'e'
  {21201, 12, 31, 0, -31, 12},  // 'f'
  {21387, 24, 31, 0, -22, 24},  // 'g'
  {21759, 24, 30, 0, -30, 24},  // 'h'
  {22119, 9, 29, 0, -29, 9},  // 'i'
  {22264, 10, 38, 0, -29, 10},  // 'j'
  {22454, 22, 30, 0, -30, 21},  // 'k'
  {22784, 10, 30, 0, -30, 10},  // 'l'
  {22934, 34, 22, 0, -22, 34},  // 'm'
  {23308, 24, 22, 0, -22, 24},  // 'n'
  {23572, 23, 23, 0, -22, 23},  // 'o'
  {23848, 24, 30, 0, -22, 24},  // 'p'
  {24208, 25, 30, 0, -22, 25},  // 'q'
  {24598, 14, 22, 0, -22, 14},  // 'r'
  {24752, 19, 23, 0, -22, 19},  // 's'
  {24982, 12, 27, 0, -26, 12},  // 't'
  {25144, 24, 22, 0, -21, 24},  // 'u'
  {25408, 21, 21, 0, -21, 21},  // 'v'
  {25639, 32, 21, 0, -21, 31},  // 'w'
  {25975, 20, 21, -1, -21, 19},  // 'x'
  {26185, 22, 30, -1, -21, 21},  // 'y'
  {26515, 19, 21, 0, -21, 19},  // 'z'
  {26725, 12, 35, 0, -32, 12},  // '{'
  {26935, 10, 41, 0, -33, 10},  // '|'
  {27140, 12, 35, 0, -32, 12},  // '}'
  {27350, 23, 15, 0, -15, 23},  // '~'
};
static const Font FONT_HEADING = {font_heading_bits, font_heading_glyphs, 32, 126, 39, 57};
